expert_id,round,years_experience,lcdp_experience_count,skill_id,project_stage,project_task,skill_name,usage_label,usage,difficulty_label,difficulty,weight,source_file,final_round_source
E01_RW,1,20+,4,1,Design,Workflow model,+BPMN Process Model,5 - Essential / continuous,5,2 - Easy,2,10,Expert_Survey_E01_RW.xlsx,Round 1
E01_RW,1,20+,4,2,Design,Workflow model,Custom Process Model,4 - Frequent / important,4,4 - Difficult,4,16,Expert_Survey_E01_RW.xlsx,Round 2
E01_RW,1,20+,4,3,Design,Database model,+Business Data Types,4 - Frequent / important,4,1 - Very easy,1,4,Expert_Survey_E01_RW.xlsx,Round 1
E01_RW,1,20+,4,4,Design,Database model,+Form-based Data,2 - Occasional / peripheral,2,2 - Easy,2,4,Expert_Survey_E01_RW.xlsx,Round 1
E01_RW,1,20+,4,5,Design,Database model,+Item-Detail,2 - Occasional / peripheral,2,3 - Moderate,3,6,Expert_Survey_E01_RW.xlsx,Round 1
E01_RW,1,20+,4,6,Design,Database model,+Lookup/Drop-down,2 - Occasional / peripheral,2,3 - Moderate,3,6,Expert_Survey_E01_RW.xlsx,Round 1
E01_RW,1,20+,4,7,Design,Database model,+Predefined Entities,1 - Rare / avoidable,1,1 - Very easy,1,1,Expert_Survey_E01_RW.xlsx,Round 1
E01_RW,1,20+,4,8,Design,Database model,Domain Model,4 - Frequent / important,4,3 - Moderate,3,12,Expert_Survey_E01_RW.xlsx,Round 1
E01_RW,1,20+,4,9,Design,Database model,Conditional Expressions,5 - Essential / continuous,5,2 - Easy,2,10,Expert_Survey_E01_RW.xlsx,Round 1
E01_RW,1,20+,4,10,Design,Database model,Constraints,4 - Frequent / important,4,3 - Moderate,3,12,Expert_Survey_E01_RW.xlsx,Round 1
E01_RW,1,20+,4,11,Design,Database model,Data Structure,4 - Frequent / important,4,4 - Difficult,4,16,Expert_Survey_E01_RW.xlsx,Round 1
E01_RW,1,20+,4,12,Design,Database model,IT Data Types,2 - Occasional / peripheral,2,4 - Difficult,4,8,Expert_Survey_E01_RW.xlsx,Round 1
E01_RW,1,20+,4,13,Design,Database model,Denormalization,2 - Occasional / peripheral,2,5 - Very difficult,5,10,Expert_Survey_E01_RW.xlsx,Round 1
E01_RW,1,20+,4,14,Design,Database model,Entity Diagrams,3 - Moderate / recurring,3,2 - Easy,2,6,Expert_Survey_E01_RW.xlsx,Round 1
E01_RW,1,20+,4,15,Design,Database model,Enumerations,4 - Frequent / important,4,4 - Difficult,4,16,Expert_Survey_E01_RW.xlsx,Round 1
E01_RW,1,20+,4,16,Design,Database model,Expressions,3 - Moderate / recurring,3,5 - Very difficult,5,15,Expert_Survey_E01_RW.xlsx,Round 1
E01_RW,1,20+,4,17,Design,Database model,Relational Database,3 - Moderate / recurring,3,3 - Moderate,3,9,Expert_Survey_E01_RW.xlsx,Round 2
E01_RW,1,20+,4,18,Design,Database model,XML/XPath,3 - Moderate / recurring,3,5 - Very difficult,5,15,Expert_Survey_E01_RW.xlsx,Round 2
E01_RW,1,20+,4,19,Design,UI model,+App templates,3 - Moderate / recurring,3,2 - Easy,2,6,Expert_Survey_E01_RW.xlsx,Round 1
E01_RW,1,20+,4,20,Design,UI model,+Business Data Types,3 - Moderate / recurring,3,2 - Easy,2,6,Expert_Survey_E01_RW.xlsx,Round 1
E01_RW,1,20+,4,21,Design,UI model,+Screen Templates,3 - Moderate / recurring,3,2 - Easy,2,6,Expert_Survey_E01_RW.xlsx,Round 1
E01_RW,1,20+,4,22,Design,UI model,+UI Branding,2 - Occasional / peripheral,2,2 - Easy,2,4,Expert_Survey_E01_RW.xlsx,Round 1
E01_RW,1,20+,4,23,Design,UI model,+View Types,5 - Essential / continuous,5,2 - Easy,2,10,Expert_Survey_E01_RW.xlsx,Round 1
E01_RW,1,20+,4,24,Design,UI model,Expressions,5 - Essential / continuous,5,3 - Moderate,3,15,Expert_Survey_E01_RW.xlsx,Round 2
E01_RW,1,20+,4,25,Design,UI model,IT Data Types,4 - Frequent / important,4,3 - Moderate,3,12,Expert_Survey_E01_RW.xlsx,Round 1
E01_RW,1,20+,4,26,Design,UI model,Functions,4 - Frequent / important,4,4 - Difficult,4,16,Expert_Survey_E01_RW.xlsx,Round 2
E01_RW,1,20+,4,27,Design,UI model,Model-driven Apps,4 - Frequent / important,4,4 - Difficult,4,16,Expert_Survey_E01_RW.xlsx,Round 2
E01_RW,1,20+,4,28,Design,UI model,Reactive Web App,4 - Frequent / important,4,4 - Difficult,4,16,Expert_Survey_E01_RW.xlsx,Round 2
E01_RW,1,20+,4,29,Design,UI model,Responsive Web Design,4 - Frequent / important,4,4 - Difficult,4,16,Expert_Survey_E01_RW.xlsx,Round 2
E01_RW,1,20+,4,30,Design,UI model,Variables,5 - Essential / continuous,5,3 - Moderate,3,15,Expert_Survey_E01_RW.xlsx,Round 1
E01_RW,1,20+,4,31,Design,Validations,+Business Rules,5 - Essential / continuous,5,3 - Moderate,3,15,Expert_Survey_E01_RW.xlsx,Round 1
E01_RW,1,20+,4,32,Design,Validations,+Lookup/Drop-down,5 - Essential / continuous,5,3 - Moderate,3,15,Expert_Survey_E01_RW.xlsx,Round 1
E01_RW,1,20+,4,33,Design,Validations,Expressions,4 - Frequent / important,4,4 - Difficult,4,16,Expert_Survey_E01_RW.xlsx,Round 1
E01_RW,1,20+,4,34,Design,Validations,Enumerations,4 - Frequent / important,4,3 - Moderate,3,12,Expert_Survey_E01_RW.xlsx,Round 1
E01_RW,1,20+,4,35,Design,Validations,JavaScript,3 - Moderate / recurring,3,5 - Very difficult,5,15,Expert_Survey_E01_RW.xlsx,Round 2
E01_RW,1,20+,4,36,Design,Validations,Scripts,3 - Moderate / recurring,3,5 - Very difficult,5,15,Expert_Survey_E01_RW.xlsx,Round 2
E01_RW,1,20+,4,37,Design,Validations,Transactions,3 - Moderate / recurring,3,4 - Difficult,4,12,Expert_Survey_E01_RW.xlsx,Round 2
E01_RW,1,20+,4,38,Design,Application logic,+Actions,3 - Moderate / recurring,3,3 - Moderate,3,9,Expert_Survey_E01_RW.xlsx,Round 1
E01_RW,1,20+,4,39,Design,Application logic,+Graphical actions,3 - Moderate / recurring,3,2 - Easy,2,6,Expert_Survey_E01_RW.xlsx,Round 1
E01_RW,1,20+,4,40,Design,Application logic,+NLP,3 - Moderate / recurring,3,2 - Easy,2,6,Expert_Survey_E01_RW.xlsx,Round 1
E01_RW,1,20+,4,41,Design,Application logic,+Custom Language,4 - Frequent / important,4,3 - Moderate,3,12,Expert_Survey_E01_RW.xlsx,Round 1
E01_RW,1,20+,4,42,Design,Application logic,+Predefined Tasks,4 - Frequent / important,4,2 - Easy,2,8,Expert_Survey_E01_RW.xlsx,Round 1
E01_RW,1,20+,4,43,Design,Application logic,UML,3 - Moderate / recurring,3,4 - Difficult,4,12,Expert_Survey_E01_RW.xlsx,Round 2
E01_RW,1,20+,4,44,Design,Application logic,Algorithms,4 - Frequent / important,4,3 - Moderate,3,12,Expert_Survey_E01_RW.xlsx,Round 1
E01_RW,1,20+,4,45,Design,Application logic,Expressions,5 - Essential / continuous,5,2 - Easy,2,10,Expert_Survey_E01_RW.xlsx,Round 1
E01_RW,1,20+,4,46,Design,Application logic,Control Structures,4 - Frequent / important,4,3 - Moderate,3,12,Expert_Survey_E01_RW.xlsx,Round 1
E01_RW,1,20+,4,47,Design,Application logic,IT Data Types,5 - Essential / continuous,5,3 - Moderate,3,15,Expert_Survey_E01_RW.xlsx,Round 1
E01_RW,1,20+,4,48,Design,Application logic,Events,4 - Frequent / important,4,3 - Moderate,3,12,Expert_Survey_E01_RW.xlsx,Round 1
E01_RW,1,20+,4,49,Design,Application logic,Formulas,5 - Essential / continuous,5,4 - Difficult,4,20,Expert_Survey_E01_RW.xlsx,Round 2
E01_RW,1,20+,4,50,Design,Application logic,Functions,4 - Frequent / important,4,4 - Difficult,4,16,Expert_Survey_E01_RW.xlsx,Round 2
E01_RW,1,20+,4,51,Design,Application logic,Java,2 - Occasional / peripheral,2,5 - Very difficult,5,10,Expert_Survey_E01_RW.xlsx,Round 2
E01_RW,1,20+,4,52,Design,Application logic,JavaScript,3 - Moderate / recurring,3,5 - Very difficult,5,15,Expert_Survey_E01_RW.xlsx,Round 2
E01_RW,1,20+,4,53,Design,Application logic,Microservices,3 - Moderate / recurring,3,5 - Very difficult,5,15,Expert_Survey_E01_RW.xlsx,Round 2
E01_RW,1,20+,4,54,Design,Application logic,SQL,4 - Frequent / important,4,5 - Very difficult,5,20,Expert_Survey_E01_RW.xlsx,Round 2
E01_RW,1,20+,4,55,Design,Application logic,Variables,5 - Essential / continuous,5,3 - Moderate,3,15,Expert_Survey_E01_RW.xlsx,Round 1
E01_RW,1,20+,4,56,Development,Workflow design and development,+BPMN Process Model,3 - Moderate / recurring,3,3 - Moderate,3,9,Expert_Survey_E01_RW.xlsx,Round 1
E01_RW,1,20+,4,57,Development,Workflow design and development,Expressions,4 - Frequent / important,4,4 - Difficult,4,16,Expert_Survey_E01_RW.xlsx,Round 1
E01_RW,1,20+,4,58,Development,Workflow design and development,Custom Process Model,3 - Moderate / recurring,3,4 - Difficult,4,12,Expert_Survey_E01_RW.xlsx,Round 1
E01_RW,1,20+,4,59,Development,Workflow design and development,Events,3 - Moderate / recurring,3,3 - Moderate,3,9,Expert_Survey_E01_RW.xlsx,Round 1
E01_RW,1,20+,4,60,Development,Workflow design and development,Java API,3 - Moderate / recurring,3,5 - Very difficult,5,15,Expert_Survey_E01_RW.xlsx,Round 2
E01_RW,1,20+,4,61,Development,Workflow design and development,JavaScript,3 - Moderate / recurring,3,5 - Very difficult,5,15,Expert_Survey_E01_RW.xlsx,Round 2
E01_RW,1,20+,4,62,Development,Workflow design and development,REST API,3 - Moderate / recurring,3,5 - Very difficult,5,15,Expert_Survey_E01_RW.xlsx,Round 1
E01_RW,1,20+,4,63,Development,Workflow design and development,Triggers,4 - Frequent / important,4,3 - Moderate,3,12,Expert_Survey_E01_RW.xlsx,Round 1
E01_RW,1,20+,4,64,Development,Database design,+Business Data Types,5 - Essential / continuous,5,2 - Easy,2,10,Expert_Survey_E01_RW.xlsx,Round 1
E01_RW,1,20+,4,65,Development,Database design,+Custom Database Model,5 - Essential / continuous,5,3 - Moderate,3,15,Expert_Survey_E01_RW.xlsx,Round 1
E01_RW,1,20+,4,66,Development,Database design,+References,5 - Essential / continuous,5,2 - Easy,2,10,Expert_Survey_E01_RW.xlsx,Round 1
E01_RW,1,20+,4,67,Development,Database design,+Slices,4 - Frequent / important,4,2 - Easy,2,8,Expert_Survey_E01_RW.xlsx,Round 1
E01_RW,1,20+,4,68,Development,Database design,Actions,4 - Frequent / important,4,3 - Moderate,3,12,Expert_Survey_E01_RW.xlsx,Round 1
E01_RW,1,20+,4,69,Development,Database design,Expressions,3 - Moderate / recurring,3,4 - Difficult,4,12,Expert_Survey_E01_RW.xlsx,Round 1
E01_RW,1,20+,4,70,Development,Database design,Relational Database,4 - Frequent / important,4,5 - Very difficult,5,20,Expert_Survey_E01_RW.xlsx,Round 1
E01_RW,1,20+,4,71,Development,Database design,Entity Diagrams,4 - Frequent / important,4,3 - Moderate,3,12,Expert_Survey_E01_RW.xlsx,Round 1
E01_RW,1,20+,4,72,Development,Database design,Functions,3 - Moderate / recurring,3,5 - Very difficult,5,15,Expert_Survey_E01_RW.xlsx,Round 1
E01_RW,1,20+,4,73,Development,Database design,SQL,4 - Frequent / important,4,5 - Very difficult,5,20,Expert_Survey_E01_RW.xlsx,Round 1
E01_RW,1,20+,4,74,Development,Database design,IT Data Types,5 - Essential / continuous,5,3 - Moderate,3,15,Expert_Survey_E01_RW.xlsx,Round 1
E01_RW,1,20+,4,75,Development,Database design,Web API,3 - Moderate / recurring,3,5 - Very difficult,5,15,Expert_Survey_E01_RW.xlsx,Round 1
E01_RW,1,20+,4,76,Development,Fetching data,.NET,3 - Moderate / recurring,3,5 - Very difficult,5,15,Expert_Survey_E01_RW.xlsx,Round 1
E01_RW,1,20+,4,77,Development,Fetching data,+Cloud-based Spreadsheets,4 - Frequent / important,4,3 - Moderate,3,12,Expert_Survey_E01_RW.xlsx,Round 1
E01_RW,1,20+,4,78,Development,Fetching data,+GUI Queries,4 - Frequent / important,4,3 - Moderate,3,12,Expert_Survey_E01_RW.xlsx,Round 1
E01_RW,1,20+,4,79,Development,Fetching data,+Human Language,2 - Occasional / peripheral,2,1 - Very easy,1,2,Expert_Survey_E01_RW.xlsx,Round 1
E01_RW,1,20+,4,80,Development,Fetching data,+Integrated Data Sources,3 - Moderate / recurring,3,2 - Easy,2,6,Expert_Survey_E01_RW.xlsx,Round 1
E01_RW,1,20+,4,81,Development,Fetching data,Cloud Services,2 - Occasional / peripheral,2,4 - Difficult,4,8,Expert_Survey_E01_RW.xlsx,Round 1
E01_RW,1,20+,4,82,Development,Fetching data,Custom Query Language,2 - Occasional / peripheral,2,4 - Difficult,4,8,Expert_Survey_E01_RW.xlsx,Round 1
E01_RW,1,20+,4,83,Development,Fetching data,Data Source Integration,2 - Occasional / peripheral,2,5 - Very difficult,5,10,Expert_Survey_E01_RW.xlsx,Round 1
E01_RW,1,20+,4,84,Development,Fetching data,Formulas,2 - Occasional / peripheral,2,3 - Moderate,3,6,Expert_Survey_E01_RW.xlsx,Round 1
E01_RW,1,20+,4,85,Development,Fetching data,Local Storage,2 - Occasional / peripheral,2,3 - Moderate,3,6,Expert_Survey_E01_RW.xlsx,Round 1
E01_RW,1,20+,4,86,Development,Fetching data,OAuth,2 - Occasional / peripheral,2,4 - Difficult,4,8,Expert_Survey_E01_RW.xlsx,Round 1
E01_RW,1,20+,4,87,Development,Fetching data,REST API,2 - Occasional / peripheral,2,4 - Difficult,4,8,Expert_Survey_E01_RW.xlsx,Round 1
E01_RW,1,20+,4,88,Development,Fetching data,SDK,2 - Occasional / peripheral,2,5 - Very difficult,5,10,Expert_Survey_E01_RW.xlsx,Round 1
E01_RW,1,20+,4,89,Development,Fetching data,SQL,2 - Occasional / peripheral,2,5 - Very difficult,5,10,Expert_Survey_E01_RW.xlsx,Round 1
E01_RW,1,20+,4,90,Development,Fetching data,URL,2 - Occasional / peripheral,2,2 - Easy,2,4,Expert_Survey_E01_RW.xlsx,Round 1
E01_RW,1,20+,4,91,Development,Fetching data,Web API,2 - Occasional / peripheral,2,4 - Difficult,4,8,Expert_Survey_E01_RW.xlsx,Round 1
E01_RW,1,20+,4,92,Development,GUI design and development,+AI Support,3 - Moderate / recurring,3,2 - Easy,2,6,Expert_Survey_E01_RW.xlsx,Round 1
E01_RW,1,20+,4,93,Development,GUI design and development,+Business Data Types,4 - Frequent / important,4,2 - Easy,2,8,Expert_Survey_E01_RW.xlsx,Round 1
E01_RW,1,20+,4,94,Development,GUI design and development,+Conditional Formatting,5 - Essential / continuous,5,2 - Easy,2,10,Expert_Survey_E01_RW.xlsx,Round 1
E01_RW,1,20+,4,95,Development,GUI design and development,+GUI Style Editor,5 - Essential / continuous,5,2 - Easy,2,10,Expert_Survey_E01_RW.xlsx,Round 1
E01_RW,1,20+,4,96,Development,GUI design and development,+Templatized Formulas,5 - Essential / continuous,5,2 - Easy,2,10,Expert_Survey_E01_RW.xlsx,Round 1
E01_RW,1,20+,4,97,Development,GUI design and development,+UI Branding,2 - Occasional / peripheral,2,2 - Easy,2,4,Expert_Survey_E01_RW.xlsx,Round 1
E01_RW,1,20+,4,98,Development,GUI design and development,+View Types,4 - Frequent / important,4,2 - Easy,2,8,Expert_Survey_E01_RW.xlsx,Round 1
E01_RW,1,20+,4,99,Development,GUI design and development,+WYSIWYG,4 - Frequent / important,4,2 - Easy,2,8,Expert_Survey_E01_RW.xlsx,Round 1
E01_RW,1,20+,4,100,Development,GUI design and development,CSS/SCSS,2 - Occasional / peripheral,2,4 - Difficult,4,8,Expert_Survey_E01_RW.xlsx,Round 1
E01_RW,1,20+,4,101,Development,GUI design and development,Event Propagation,3 - Moderate / recurring,3,4 - Difficult,4,12,Expert_Survey_E01_RW.xlsx,Round 1
E01_RW,1,20+,4,102,Development,GUI design and development,Responsive Web Design,3 - Moderate / recurring,3,4 - Difficult,4,12,Expert_Survey_E01_RW.xlsx,Round 1
E01_RW,1,20+,4,103,Development,GUI design and development,HTML,3 - Moderate / recurring,3,4 - Difficult,4,12,Expert_Survey_E01_RW.xlsx,Round 1
E01_RW,1,20+,4,104,Development,GUI design and development,IT Data Types,5 - Essential / continuous,5,3 - Moderate,3,15,Expert_Survey_E01_RW.xlsx,Round 1
E01_RW,1,20+,4,105,Development,GUI design and development,JavaScript,3 - Moderate / recurring,3,5 - Very difficult,5,15,Expert_Survey_E01_RW.xlsx,Round 1
E01_RW,1,20+,4,106,Development,GUI design and development,Master Detail,5 - Essential / continuous,5,2 - Easy,2,10,Expert_Survey_E01_RW.xlsx,Round 1
E01_RW,1,20+,4,107,Development,GUI design and development,Programming Functions,4 - Frequent / important,4,5 - Very difficult,5,20,Expert_Survey_E01_RW.xlsx,Round 2
E01_RW,1,20+,4,108,Development,GUI design and development,Scripts,4 - Frequent / important,4,4 - Difficult,4,16,Expert_Survey_E01_RW.xlsx,Round 1
E01_RW,1,20+,4,109,Development,GUI design and development,Snippets,3 - Moderate / recurring,3,5 - Very difficult,5,15,Expert_Survey_E01_RW.xlsx,Round 1
E01_RW,1,20+,4,110,Development,GUI design and development,Variables,5 - Essential / continuous,5,3 - Moderate,3,15,Expert_Survey_E01_RW.xlsx,Round 1
E01_RW,1,20+,4,111,Development,GUI design and development,XML,4 - Frequent / important,4,4 - Difficult,4,16,Expert_Survey_E01_RW.xlsx,Round 2
E01_RW,1,20+,4,112,Development,Data validation development,+Business Rules,5 - Essential / continuous,5,3 - Moderate,3,15,Expert_Survey_E01_RW.xlsx,Round 1
E01_RW,1,20+,4,113,Development,Data validation development,+Column Expressions,4 - Frequent / important,4,3 - Moderate,3,12,Expert_Survey_E01_RW.xlsx,Round 1
E01_RW,1,20+,4,114,Development,Data validation development,Expressions,5 - Essential / continuous,5,3 - Moderate,3,15,Expert_Survey_E01_RW.xlsx,Round 1
E01_RW,1,20+,4,115,Development,Data validation development,Data Fields,5 - Essential / continuous,5,3 - Moderate,3,15,Expert_Survey_E01_RW.xlsx,Round 2
E01_RW,1,20+,4,116,Development,Data validation development,Domain Model,5 - Essential / continuous,5,4 - Difficult,4,20,Expert_Survey_E01_RW.xlsx,Round 2
E01_RW,1,20+,4,117,Development,Data validation development,Scripts,3 - Moderate / recurring,3,4 - Difficult,4,12,Expert_Survey_E01_RW.xlsx,Round 1
E01_RW,1,20+,4,118,Development,Actions design and development,+AI Assisted Development,3 - Moderate / recurring,3,2 - Easy,2,6,Expert_Survey_E01_RW.xlsx,Round 1
E01_RW,1,20+,4,119,Development,Actions design and development,+Automations,4 - Frequent / important,4,3 - Moderate,3,12,Expert_Survey_E01_RW.xlsx,Round 1
E01_RW,1,20+,4,120,Development,Actions design and development,+Built-in Connectors,4 - Frequent / important,4,2 - Easy,2,8,Expert_Survey_E01_RW.xlsx,Round 1
E01_RW,1,20+,4,121,Development,Actions design and development,API,3 - Moderate / recurring,3,5 - Very difficult,5,15,Expert_Survey_E01_RW.xlsx,Round 1
E01_RW,1,20+,4,122,Development,Actions design and development,Expressions,5 - Essential / continuous,5,4 - Difficult,4,20,Expert_Survey_E01_RW.xlsx,Round 1
E01_RW,1,20+,4,123,Development,Actions design and development,Functions,4 - Frequent / important,4,4 - Difficult,4,16,Expert_Survey_E01_RW.xlsx,Round 2
E01_RW,1,20+,4,124,Development,Actions design and development,Java,3 - Moderate / recurring,3,5 - Very difficult,5,15,Expert_Survey_E01_RW.xlsx,Round 2
E01_RW,1,20+,4,125,Development,Actions design and development,JavaScript,3 - Moderate / recurring,3,5 - Very difficult,5,15,Expert_Survey_E01_RW.xlsx,Round 2
E01_RW,1,20+,4,126,Development,Actions design and development,Object Model,3 - Moderate / recurring,3,4 - Difficult,4,12,Expert_Survey_E01_RW.xlsx,Round 1
E01_RW,1,20+,4,127,Development,Actions design and development,Scripts,3 - Moderate / recurring,3,4 - Difficult,4,12,Expert_Survey_E01_RW.xlsx,Round 1
E01_RW,1,20+,4,128,Development,Actions design and development,SOAP,3 - Moderate / recurring,3,5 - Very difficult,5,15,Expert_Survey_E01_RW.xlsx,Round 1
E01_RW,1,20+,4,129,Development,Programming,.NET,3 - Moderate / recurring,3,5 - Very difficult,5,15,Expert_Survey_E01_RW.xlsx,Round 1
E01_RW,1,20+,4,130,Development,Programming,+Visual Programming,5 - Essential / continuous,5,3 - Moderate,3,15,Expert_Survey_E01_RW.xlsx,Round 1
E01_RW,1,20+,4,131,Development,Programming,Expressions,5 - Essential / continuous,5,4 - Difficult,4,20,Expert_Survey_E01_RW.xlsx,Round 2
E01_RW,1,20+,4,132,Development,Programming,CLI,2 - Occasional / peripheral,2,5 - Very difficult,5,10,Expert_Survey_E01_RW.xlsx,Round 1
E01_RW,1,20+,4,133,Development,Programming,IT Data Types,5 - Essential / continuous,5,3 - Moderate,3,15,Expert_Survey_E01_RW.xlsx,Round 1
E01_RW,1,20+,4,134,Development,Programming,Eclipse,3 - Moderate / recurring,3,4 - Difficult,4,12,Expert_Survey_E01_RW.xlsx,Round 1
E01_RW,1,20+,4,135,Development,Programming,Emulators,2 - Occasional / peripheral,2,4 - Difficult,4,8,Expert_Survey_E01_RW.xlsx,Round 1
E01_RW,1,20+,4,136,Development,Programming,Entity Types,5 - Essential / continuous,5,3 - Moderate,3,15,Expert_Survey_E01_RW.xlsx,Round 1
E01_RW,1,20+,4,137,Development,Programming,Enumerations,5 - Essential / continuous,5,3 - Moderate,3,15,Expert_Survey_E01_RW.xlsx,Round 1
E01_RW,1,20+,4,138,Development,Programming,Functions,3 - Moderate / recurring,3,4 - Difficult,4,12,Expert_Survey_E01_RW.xlsx,Round 1
E01_RW,1,20+,4,139,Development,Programming,HTML,2 - Occasional / peripheral,2,4 - Difficult,4,8,Expert_Survey_E01_RW.xlsx,Round 1
E01_RW,1,20+,4,140,Development,Programming,SDK/IDE,2 - Occasional / peripheral,2,5 - Very difficult,5,10,Expert_Survey_E01_RW.xlsx,Round 1
E01_RW,1,20+,4,141,Development,Programming,Iteration Statements,4 - Frequent / important,4,3 - Moderate,3,12,Expert_Survey_E01_RW.xlsx,Round 1
E01_RW,1,20+,4,142,Development,Programming,Java,2 - Occasional / peripheral,2,5 - Very difficult,5,10,Expert_Survey_E01_RW.xlsx,Round 1
E01_RW,1,20+,4,143,Development,Programming,Java API,2 - Occasional / peripheral,2,5 - Very difficult,5,10,Expert_Survey_E01_RW.xlsx,Round 1
E01_RW,1,20+,4,144,Development,Programming,JavaScript,2 - Occasional / peripheral,2,5 - Very difficult,5,10,Expert_Survey_E01_RW.xlsx,Round 1
E01_RW,1,20+,4,145,Development,Programming,JSON,4 - Frequent / important,4,3 - Moderate,3,12,Expert_Survey_E01_RW.xlsx,Round 1
E01_RW,1,20+,4,146,Development,Programming,Markup Language,3 - Moderate / recurring,3,3 - Moderate,3,9,Expert_Survey_E01_RW.xlsx,Round 1
E01_RW,1,20+,4,147,Development,Programming,Metadata,5 - Essential / continuous,5,3 - Moderate,3,15,Expert_Survey_E01_RW.xlsx,Round 1
E01_RW,1,20+,4,148,Development,Programming,Native Mobile App,4 - Frequent / important,4,4 - Difficult,4,16,Expert_Survey_E01_RW.xlsx,Round 1
E01_RW,1,20+,4,149,Development,Programming,node.js,3 - Moderate / recurring,3,5 - Very difficult,5,15,Expert_Survey_E01_RW.xlsx,Round 2
E01_RW,1,20+,4,150,Development,Programming,PWA,2 - Occasional / peripheral,2,5 - Very difficult,5,10,Expert_Survey_E01_RW.xlsx,Round 1
E01_RW,1,20+,4,151,Development,Programming,Query Functions,4 - Frequent / important,4,3 - Moderate,3,12,Expert_Survey_E01_RW.xlsx,Round 1
E01_RW,1,20+,4,152,Development,Programming,Scripts,3 - Moderate / recurring,3,4 - Difficult,4,12,Expert_Survey_E01_RW.xlsx,Round 1
E01_RW,1,20+,4,153,Development,Programming,Snippets,2 - Occasional / peripheral,2,5 - Very difficult,5,10,Expert_Survey_E01_RW.xlsx,Round 1
E01_RW,1,20+,4,154,Development,Programming,TypeScript,3 - Moderate / recurring,3,5 - Very difficult,5,15,Expert_Survey_E01_RW.xlsx,Round 1
E01_RW,1,20+,4,155,Development,Programming,Web API,2 - Occasional / peripheral,2,5 - Very difficult,5,10,Expert_Survey_E01_RW.xlsx,Round 1
E01_RW,1,20+,4,156,Development,Programming,XML,4 - Frequent / important,4,3 - Moderate,3,12,Expert_Survey_E01_RW.xlsx,Round 1
E01_RW,1,20+,4,157,Implementation,Runtime server installation,+Cloud Based Environment,5 - Essential / continuous,5,3 - Moderate,3,15,Expert_Survey_E01_RW.xlsx,Round 2
E01_RW,1,20+,4,158,Implementation,Runtime server installation,API,2 - Occasional / peripheral,2,5 - Very difficult,5,10,Expert_Survey_E01_RW.xlsx,Round 1
E01_RW,1,20+,4,159,Implementation,Runtime server installation,Compiler Service,3 - Moderate / recurring,3,5 - Very difficult,5,15,Expert_Survey_E01_RW.xlsx,Round 1
E01_RW,1,20+,4,160,Implementation,Runtime server installation,Database Synchronization,3 - Moderate / recurring,3,5 - Very difficult,5,15,Expert_Survey_E01_RW.xlsx,Round 1
E01_RW,1,20+,4,161,Implementation,Runtime server installation,Deployment Controller Service,3 - Moderate / recurring,3,5 - Very difficult,5,15,Expert_Survey_E01_RW.xlsx,Round 1
E01_RW,1,20+,4,162,Implementation,Runtime server installation,Email Server (SMTP),4 - Frequent / important,4,4 - Difficult,4,16,Expert_Survey_E01_RW.xlsx,Round 1
E01_RW,1,20+,4,163,Implementation,Runtime server installation,File Storage,4 - Frequent / important,4,4 - Difficult,4,16,Expert_Survey_E01_RW.xlsx,Round 1
E01_RW,1,20+,4,164,Implementation,Runtime server installation,HTTPS Server,3 - Moderate / recurring,3,5 - Very difficult,5,15,Expert_Survey_E01_RW.xlsx,Round 2
E01_RW,1,20+,4,165,Implementation,Runtime server installation,Java,3 - Moderate / recurring,3,5 - Very difficult,5,15,Expert_Survey_E01_RW.xlsx,Round 2
E01_RW,1,20+,4,166,Implementation,Runtime server installation,Load Balancing,2 - Occasional / peripheral,2,4 - Difficult,4,8,Expert_Survey_E01_RW.xlsx,Round 1
E01_RW,1,20+,4,167,Implementation,Runtime server installation,Log Service,2 - Occasional / peripheral,2,3 - Moderate,3,6,Expert_Survey_E01_RW.xlsx,Round 1
E01_RW,1,20+,4,168,Implementation,Runtime server installation,Mobile App,4 - Frequent / important,4,3 - Moderate,3,12,Expert_Survey_E01_RW.xlsx,Round 1
E01_RW,1,20+,4,169,Implementation,Runtime server installation,OQL,3 - Moderate / recurring,3,4 - Difficult,4,12,Expert_Survey_E01_RW.xlsx,Round 1
E01_RW,1,20+,4,170,Implementation,Runtime server installation,Proxy server,4 - Frequent / important,4,4 - Difficult,4,16,Expert_Survey_E01_RW.xlsx,Round 1
E01_RW,1,20+,4,171,Implementation,Runtime server installation,Relational Database,4 - Frequent / important,4,4 - Difficult,4,16,Expert_Survey_E01_RW.xlsx,Round 2
E01_RW,1,20+,4,172,Implementation,Runtime server installation,REST API,4 - Frequent / important,4,4 - Difficult,4,16,Expert_Survey_E01_RW.xlsx,Round 1
E01_RW,1,20+,4,173,Implementation,Runtime server installation,SAML Authentication,4 - Frequent / important,4,4 - Difficult,4,16,Expert_Survey_E01_RW.xlsx,Round 2
E01_RW,1,20+,4,174,Implementation,Runtime server installation,Scheduler Service,3 - Moderate / recurring,3,4 - Difficult,4,12,Expert_Survey_E01_RW.xlsx,Round 1
E01_RW,1,20+,4,175,Implementation,Runtime server installation,Shared Libraries,4 - Frequent / important,4,4 - Difficult,4,16,Expert_Survey_E01_RW.xlsx,Round 1
E01_RW,1,20+,4,176,Implementation,Runtime server installation,SOAP,3 - Moderate / recurring,3,5 - Very difficult,5,15,Expert_Survey_E01_RW.xlsx,Round 2
E01_RW,1,20+,4,177,Implementation,Runtime server installation,SSL Certificates,4 - Frequent / important,4,4 - Difficult,4,16,Expert_Survey_E01_RW.xlsx,Round 1
E01_RW,1,20+,4,178,Implementation,Runtime server installation,Swagger,3 - Moderate / recurring,3,4 - Difficult,4,12,Expert_Survey_E01_RW.xlsx,Round 1
E01_RW,1,20+,4,179,Implementation,Runtime server installation,WSDL,3 - Moderate / recurring,3,5 - Very difficult,5,15,Expert_Survey_E01_RW.xlsx,Round 1
E01_RW,1,20+,4,180,Implementation,Runtime server installation,XML/XPath,3 - Moderate / recurring,3,4 - Difficult,4,12,Expert_Survey_E01_RW.xlsx,Round 2
E01_RW,1,20+,4,181,Implementation,Database installation,+Embedded Database,4 - Frequent / important,4,3 - Moderate,3,12,Expert_Survey_E01_RW.xlsx,Round 1
E01_RW,1,20+,4,182,Implementation,Database installation,File Storage,5 - Essential / continuous,5,3 - Moderate,3,15,Expert_Survey_E01_RW.xlsx,Round 1
E01_RW,1,20+,4,183,Implementation,Database installation,Relational Database,4 - Frequent / important,4,5 - Very difficult,5,20,Expert_Survey_E01_RW.xlsx,Round 2
E01_RW,1,20+,4,184,Implementation,Database installation,REST API,3 - Moderate / recurring,3,4 - Difficult,4,12,Expert_Survey_E01_RW.xlsx,Round 1
E01_RW,1,20+,4,185,Implementation,Client module installation,.NET Framework,3 - Moderate / recurring,3,5 - Very difficult,5,15,Expert_Survey_E01_RW.xlsx,Round 2
E01_RW,1,20+,4,186,Implementation,Client module installation,+Mobile App,4 - Frequent / important,4,4 - Difficult,4,16,Expert_Survey_E01_RW.xlsx,Round 1
E01_RW,1,20+,4,187,Implementation,Client module installation,+Web Browser,5 - Essential / continuous,5,1 - Very easy,1,5,Expert_Survey_E01_RW.xlsx,Round 1
E01_RW,1,20+,4,188,Implementation,Client module installation,API,3 - Moderate / recurring,3,4 - Difficult,4,12,Expert_Survey_E01_RW.xlsx,Round 1
E01_RW,1,20+,4,189,Implementation,Client module installation,Binaries,4 - Frequent / important,4,3 - Moderate,3,12,Expert_Survey_E01_RW.xlsx,Round 1
E01_RW,1,20+,4,190,Implementation,Client module installation,HTTPS Server,4 - Frequent / important,4,4 - Difficult,4,16,Expert_Survey_E01_RW.xlsx,Round 1
E01_RW,1,20+,4,191,Implementation,Client module installation,URL Configuration,4 - Frequent / important,4,3 - Moderate,3,12,Expert_Survey_E01_RW.xlsx,Round 1
E01_RW,1,20+,4,192,Implementation,Client module installation,Web Services,3 - Moderate / recurring,3,4 - Difficult,4,12,Expert_Survey_E01_RW.xlsx,Round 1
E01_RW,1,20+,4,193,Implementation,Deployment,+App Gallery,4 - Frequent / important,4,1 - Very easy,1,4,Expert_Survey_E01_RW.xlsx,Round 1
E01_RW,1,20+,4,194,Implementation,Deployment,+Software as a Service,4 - Frequent / important,4,1 - Very easy,1,4,Expert_Survey_E01_RW.xlsx,Round 1
E01_RW,1,20+,4,195,Implementation,Deployment,Application IDE,3 - Moderate / recurring,3,4 - Difficult,4,12,Expert_Survey_E01_RW.xlsx,Round 1
E01_RW,1,20+,4,196,Implementation,Deployment,CI/CD,4 - Frequent / important,4,5 - Very difficult,5,20,Expert_Survey_E01_RW.xlsx,Round 2
E01_RW,1,20+,4,197,Implementation,Deployment,Cloud Computing,4 - Frequent / important,4,4 - Difficult,4,16,Expert_Survey_E01_RW.xlsx,Round 1
E01_RW,1,20+,4,198,Implementation,Deployment,Cloud Services,4 - Frequent / important,4,4 - Difficult,4,16,Expert_Survey_E01_RW.xlsx,Round 1
E01_RW,1,20+,4,199,Implementation,Deployment,Docker,4 - Frequent / important,4,5 - Very difficult,5,20,Expert_Survey_E01_RW.xlsx,Round 2
E01_RW,1,20+,4,200,Implementation,Deployment,Import/Export,5 - Essential / continuous,5,3 - Moderate,3,15,Expert_Survey_E01_RW.xlsx,Round 1
E01_RW,1,20+,4,201,Implementation,Deployment,Kubernetes,4 - Frequent / important,4,5 - Very difficult,5,20,Expert_Survey_E01_RW.xlsx,Round 2
E01_RW,1,20+,4,202,Implementation,Deployment,On-Premise,4 - Frequent / important,4,3 - Moderate,3,12,Expert_Survey_E01_RW.xlsx,Round 1
E01_RW,1,20+,4,203,Implementation,Deployment,On-premises Data Gateway,4 - Frequent / important,4,4 - Difficult,4,16,Expert_Survey_E01_RW.xlsx,Round 1
E01_RW,1,20+,4,204,Implementation,Deployment,REST API,3 - Moderate / recurring,3,4 - Difficult,4,12,Expert_Survey_E01_RW.xlsx,Round 1
E01_RW,1,20+,4,205,Implementation,Deployment,Scripts,4 - Frequent / important,4,4 - Difficult,4,16,Expert_Survey_E01_RW.xlsx,Round 2
E01_RW,1,20+,4,206,Implementation,Deployment,SOAP,3 - Moderate / recurring,3,5 - Very difficult,5,15,Expert_Survey_E01_RW.xlsx,Round 2
E01_RW,1,20+,4,207,Implementation,Version control,Code Repository Concept,4 - Frequent / important,4,4 - Difficult,4,16,Expert_Survey_E01_RW.xlsx,Round 2
E01_RW,1,20+,4,208,Implementation,Version control,Custom Version Control,4 - Frequent / important,4,4 - Difficult,4,16,Expert_Survey_E01_RW.xlsx,Round 2
E01_RW,1,20+,4,209,Implementation,Version control,Git,4 - Frequent / important,4,4 - Difficult,4,16,Expert_Survey_E01_RW.xlsx,Round 2
E02_AC,1,15-19,3,1,Design,Workflow model,+BPMN Process Model,5 - Essential / continuous,5,1 - Very easy,1,5,Expert_Survey_E02_AC.xlsx,Round 1
E02_AC,1,15-19,3,2,Design,Workflow model,Custom Process Model,4 - Frequent / important,4,3 - Moderate,3,12,Expert_Survey_E02_AC.xlsx,Round 2
E02_AC,1,15-19,3,3,Design,Database model,+Business Data Types,5 - Essential / continuous,5,2 - Easy,2,10,Expert_Survey_E02_AC.xlsx,Round 1
E02_AC,1,15-19,3,4,Design,Database model,+Form-based Data,5 - Essential / continuous,5,3 - Moderate,3,15,Expert_Survey_E02_AC.xlsx,Round 1
E02_AC,1,15-19,3,5,Design,Database model,+Item-Detail,5 - Essential / continuous,5,3 - Moderate,3,15,Expert_Survey_E02_AC.xlsx,Round 1
E02_AC,1,15-19,3,6,Design,Database model,+Lookup/Drop-down,4 - Frequent / important,4,2 - Easy,2,8,Expert_Survey_E02_AC.xlsx,Round 1
E02_AC,1,15-19,3,7,Design,Database model,+Predefined Entities,4 - Frequent / important,4,4 - Difficult,4,16,Expert_Survey_E02_AC.xlsx,Round 1
E02_AC,1,15-19,3,8,Design,Database model,Domain Model,3 - Moderate / recurring,3,3 - Moderate,3,9,Expert_Survey_E02_AC.xlsx,Round 1
E02_AC,1,15-19,3,9,Design,Database model,Conditional Expressions,4 - Frequent / important,4,3 - Moderate,3,12,Expert_Survey_E02_AC.xlsx,Round 1
E02_AC,1,15-19,3,10,Design,Database model,Constraints,4 - Frequent / important,4,3 - Moderate,3,12,Expert_Survey_E02_AC.xlsx,Round 1
E02_AC,1,15-19,3,11,Design,Database model,Data Structure,3 - Moderate / recurring,3,4 - Difficult,4,12,Expert_Survey_E02_AC.xlsx,Round 1
E02_AC,1,15-19,3,12,Design,Database model,IT Data Types,2 - Occasional / peripheral,2,4 - Difficult,4,8,Expert_Survey_E02_AC.xlsx,Round 1
E02_AC,1,15-19,3,13,Design,Database model,Denormalization,2 - Occasional / peripheral,2,4 - Difficult,4,8,Expert_Survey_E02_AC.xlsx,Round 1
E02_AC,1,15-19,3,14,Design,Database model,Entity Diagrams,2 - Occasional / peripheral,2,4 - Difficult,4,8,Expert_Survey_E02_AC.xlsx,Round 1
E02_AC,1,15-19,3,15,Design,Database model,Enumerations,2 - Occasional / peripheral,2,5 - Very difficult,5,10,Expert_Survey_E02_AC.xlsx,Round 1
E02_AC,1,15-19,3,16,Design,Database model,Expressions,2 - Occasional / peripheral,2,4 - Difficult,4,8,Expert_Survey_E02_AC.xlsx,Round 1
E02_AC,1,15-19,3,17,Design,Database model,Relational Database,3 - Moderate / recurring,3,4 - Difficult,4,12,Expert_Survey_E02_AC.xlsx,Round 2
E02_AC,1,15-19,3,18,Design,Database model,XML/XPath,3 - Moderate / recurring,3,5 - Very difficult,5,15,Expert_Survey_E02_AC.xlsx,Round 2
E02_AC,1,15-19,3,19,Design,UI model,+App templates,5 - Essential / continuous,5,2 - Easy,2,10,Expert_Survey_E02_AC.xlsx,Round 1
E02_AC,1,15-19,3,20,Design,UI model,+Business Data Types,5 - Essential / continuous,5,2 - Easy,2,10,Expert_Survey_E02_AC.xlsx,Round 1
E02_AC,1,15-19,3,21,Design,UI model,+Screen Templates,5 - Essential / continuous,5,2 - Easy,2,10,Expert_Survey_E02_AC.xlsx,Round 1
E02_AC,1,15-19,3,22,Design,UI model,+UI Branding,5 - Essential / continuous,5,2 - Easy,2,10,Expert_Survey_E02_AC.xlsx,Round 1
E02_AC,1,15-19,3,23,Design,UI model,+View Types,5 - Essential / continuous,5,1 - Very easy,1,5,Expert_Survey_E02_AC.xlsx,Round 1
E02_AC,1,15-19,3,24,Design,UI model,Expressions,4 - Frequent / important,4,3 - Moderate,3,12,Expert_Survey_E02_AC.xlsx,Round 2
E02_AC,1,15-19,3,25,Design,UI model,IT Data Types,3 - Moderate / recurring,3,3 - Moderate,3,9,Expert_Survey_E02_AC.xlsx,Round 1
E02_AC,1,15-19,3,26,Design,UI model,Functions,3 - Moderate / recurring,3,3 - Moderate,3,9,Expert_Survey_E02_AC.xlsx,Round 2
E02_AC,1,15-19,3,27,Design,UI model,Model-driven Apps,4 - Frequent / important,4,3 - Moderate,3,12,Expert_Survey_E02_AC.xlsx,Round 2
E02_AC,1,15-19,3,28,Design,UI model,Reactive Web App,4 - Frequent / important,4,3 - Moderate,3,12,Expert_Survey_E02_AC.xlsx,Round 2
E02_AC,1,15-19,3,29,Design,UI model,Responsive Web Design,4 - Frequent / important,4,4 - Difficult,4,16,Expert_Survey_E02_AC.xlsx,Round 2
E02_AC,1,15-19,3,30,Design,UI model,Variables,2 - Occasional / peripheral,2,5 - Very difficult,5,10,Expert_Survey_E02_AC.xlsx,Round 1
E02_AC,1,15-19,3,31,Design,Validations,+Business Rules,4 - Frequent / important,4,1 - Very easy,1,4,Expert_Survey_E02_AC.xlsx,Round 1
E02_AC,1,15-19,3,32,Design,Validations,+Lookup/Drop-down,4 - Frequent / important,4,2 - Easy,2,8,Expert_Survey_E02_AC.xlsx,Round 1
E02_AC,1,15-19,3,33,Design,Validations,Expressions,4 - Frequent / important,4,3 - Moderate,3,12,Expert_Survey_E02_AC.xlsx,Round 1
E02_AC,1,15-19,3,34,Design,Validations,Enumerations,4 - Frequent / important,4,3 - Moderate,3,12,Expert_Survey_E02_AC.xlsx,Round 1
E02_AC,1,15-19,3,35,Design,Validations,JavaScript,3 - Moderate / recurring,3,4 - Difficult,4,12,Expert_Survey_E02_AC.xlsx,Round 2
E02_AC,1,15-19,3,36,Design,Validations,Scripts,3 - Moderate / recurring,3,5 - Very difficult,5,15,Expert_Survey_E02_AC.xlsx,Round 2
E02_AC,1,15-19,3,37,Design,Validations,Transactions,3 - Moderate / recurring,3,4 - Difficult,4,12,Expert_Survey_E02_AC.xlsx,Round 2
E02_AC,1,15-19,3,38,Design,Application logic,+Actions,5 - Essential / continuous,5,1 - Very easy,1,5,Expert_Survey_E02_AC.xlsx,Round 1
E02_AC,1,15-19,3,39,Design,Application logic,+Graphical actions,5 - Essential / continuous,5,1 - Very easy,1,5,Expert_Survey_E02_AC.xlsx,Round 1
E02_AC,1,15-19,3,40,Design,Application logic,+NLP,5 - Essential / continuous,5,2 - Easy,2,10,Expert_Survey_E02_AC.xlsx,Round 1
E02_AC,1,15-19,3,41,Design,Application logic,+Custom Language,4 - Frequent / important,4,2 - Easy,2,8,Expert_Survey_E02_AC.xlsx,Round 1
E02_AC,1,15-19,3,42,Design,Application logic,+Predefined Tasks,5 - Essential / continuous,5,1 - Very easy,1,5,Expert_Survey_E02_AC.xlsx,Round 1
E02_AC,1,15-19,3,43,Design,Application logic,UML,3 - Moderate / recurring,3,3 - Moderate,3,9,Expert_Survey_E02_AC.xlsx,Round 2
E02_AC,1,15-19,3,44,Design,Application logic,Algorithms,3 - Moderate / recurring,3,3 - Moderate,3,9,Expert_Survey_E02_AC.xlsx,Round 1
E02_AC,1,15-19,3,45,Design,Application logic,Expressions,3 - Moderate / recurring,3,3 - Moderate,3,9,Expert_Survey_E02_AC.xlsx,Round 1
E02_AC,1,15-19,3,46,Design,Application logic,Control Structures,3 - Moderate / recurring,3,3 - Moderate,3,9,Expert_Survey_E02_AC.xlsx,Round 1
E02_AC,1,15-19,3,47,Design,Application logic,IT Data Types,3 - Moderate / recurring,3,4 - Difficult,4,12,Expert_Survey_E02_AC.xlsx,Round 1
E02_AC,1,15-19,3,48,Design,Application logic,Events,3 - Moderate / recurring,3,4 - Difficult,4,12,Expert_Survey_E02_AC.xlsx,Round 1
E02_AC,1,15-19,3,49,Design,Application logic,Formulas,3 - Moderate / recurring,3,4 - Difficult,4,12,Expert_Survey_E02_AC.xlsx,Round 2
E02_AC,1,15-19,3,50,Design,Application logic,Functions,3 - Moderate / recurring,3,4 - Difficult,4,12,Expert_Survey_E02_AC.xlsx,Round 2
E02_AC,1,15-19,3,51,Design,Application logic,Java,3 - Moderate / recurring,3,5 - Very difficult,5,15,Expert_Survey_E02_AC.xlsx,Round 2
E02_AC,1,15-19,3,52,Design,Application logic,JavaScript,3 - Moderate / recurring,3,5 - Very difficult,5,15,Expert_Survey_E02_AC.xlsx,Round 2
E02_AC,1,15-19,3,53,Design,Application logic,Microservices,3 - Moderate / recurring,3,5 - Very difficult,5,15,Expert_Survey_E02_AC.xlsx,Round 2
E02_AC,1,15-19,3,54,Design,Application logic,SQL,4 - Frequent / important,4,5 - Very difficult,5,20,Expert_Survey_E02_AC.xlsx,Round 2
E02_AC,1,15-19,3,55,Design,Application logic,Variables,4 - Frequent / important,4,5 - Very difficult,5,20,Expert_Survey_E02_AC.xlsx,Round 1
E02_AC,1,15-19,3,56,Development,Workflow design and development,+BPMN Process Model,5 - Essential / continuous,5,1 - Very easy,1,5,Expert_Survey_E02_AC.xlsx,Round 1
E02_AC,1,15-19,3,57,Development,Workflow design and development,Expressions,4 - Frequent / important,4,1 - Very easy,1,4,Expert_Survey_E02_AC.xlsx,Round 1
E02_AC,1,15-19,3,58,Development,Workflow design and development,Custom Process Model,4 - Frequent / important,4,1 - Very easy,1,4,Expert_Survey_E02_AC.xlsx,Round 1
E02_AC,1,15-19,3,59,Development,Workflow design and development,Events,3 - Moderate / recurring,3,1 - Very easy,1,3,Expert_Survey_E02_AC.xlsx,Round 1
E02_AC,1,15-19,3,60,Development,Workflow design and development,Java API,2 - Occasional / peripheral,2,5 - Very difficult,5,10,Expert_Survey_E02_AC.xlsx,Round 2
E02_AC,1,15-19,3,61,Development,Workflow design and development,JavaScript,3 - Moderate / recurring,3,5 - Very difficult,5,15,Expert_Survey_E02_AC.xlsx,Round 2
E02_AC,1,15-19,3,62,Development,Workflow design and development,REST API,3 - Moderate / recurring,3,5 - Very difficult,5,15,Expert_Survey_E02_AC.xlsx,Round 1
E02_AC,1,15-19,3,63,Development,Workflow design and development,Triggers,3 - Moderate / recurring,3,5 - Very difficult,5,15,Expert_Survey_E02_AC.xlsx,Round 1
E02_AC,1,15-19,3,64,Development,Database design,+Business Data Types,5 - Essential / continuous,5,2 - Easy,2,10,Expert_Survey_E02_AC.xlsx,Round 1
E02_AC,1,15-19,3,65,Development,Database design,+Custom Database Model,5 - Essential / continuous,5,3 - Moderate,3,15,Expert_Survey_E02_AC.xlsx,Round 1
E02_AC,1,15-19,3,66,Development,Database design,+References,4 - Frequent / important,4,5 - Very difficult,5,20,Expert_Survey_E02_AC.xlsx,Round 1
E02_AC,1,15-19,3,67,Development,Database design,+Slices,4 - Frequent / important,4,4 - Difficult,4,16,Expert_Survey_E02_AC.xlsx,Round 1
E02_AC,1,15-19,3,68,Development,Database design,Actions,3 - Moderate / recurring,3,3 - Moderate,3,9,Expert_Survey_E02_AC.xlsx,Round 1
E02_AC,1,15-19,3,69,Development,Database design,Expressions,3 - Moderate / recurring,3,2 - Easy,2,6,Expert_Survey_E02_AC.xlsx,Round 1
E02_AC,1,15-19,3,70,Development,Database design,Relational Database,3 - Moderate / recurring,3,5 - Very difficult,5,15,Expert_Survey_E02_AC.xlsx,Round 1
E02_AC,1,15-19,3,71,Development,Database design,Entity Diagrams,3 - Moderate / recurring,3,5 - Very difficult,5,15,Expert_Survey_E02_AC.xlsx,Round 1
E02_AC,1,15-19,3,72,Development,Database design,Functions,3 - Moderate / recurring,3,5 - Very difficult,5,15,Expert_Survey_E02_AC.xlsx,Round 1
E02_AC,1,15-19,3,73,Development,Database design,SQL,3 - Moderate / recurring,3,5 - Very difficult,5,15,Expert_Survey_E02_AC.xlsx,Round 1
E02_AC,1,15-19,3,74,Development,Database design,IT Data Types,1 - Rare / avoidable,1,5 - Very difficult,5,5,Expert_Survey_E02_AC.xlsx,Round 1
E02_AC,1,15-19,3,75,Development,Database design,Web API,1 - Rare / avoidable,1,4 - Difficult,4,4,Expert_Survey_E02_AC.xlsx,Round 1
E02_AC,1,15-19,3,76,Development,Fetching data,.NET,1 - Rare / avoidable,1,5 - Very difficult,5,5,Expert_Survey_E02_AC.xlsx,Round 1
E02_AC,1,15-19,3,77,Development,Fetching data,+Cloud-based Spreadsheets,4 - Frequent / important,4,2 - Easy,2,8,Expert_Survey_E02_AC.xlsx,Round 1
E02_AC,1,15-19,3,78,Development,Fetching data,+GUI Queries,3 - Moderate / recurring,3,1 - Very easy,1,3,Expert_Survey_E02_AC.xlsx,Round 1
E02_AC,1,15-19,3,79,Development,Fetching data,+Human Language,5 - Essential / continuous,5,2 - Easy,2,10,Expert_Survey_E02_AC.xlsx,Round 1
E02_AC,1,15-19,3,80,Development,Fetching data,+Integrated Data Sources,5 - Essential / continuous,5,3 - Moderate,3,15,Expert_Survey_E02_AC.xlsx,Round 1
E02_AC,1,15-19,3,81,Development,Fetching data,Cloud Services,2 - Occasional / peripheral,2,4 - Difficult,4,8,Expert_Survey_E02_AC.xlsx,Round 1
E02_AC,1,15-19,3,82,Development,Fetching data,Custom Query Language,2 - Occasional / peripheral,2,4 - Difficult,4,8,Expert_Survey_E02_AC.xlsx,Round 1
E02_AC,1,15-19,3,83,Development,Fetching data,Data Source Integration,2 - Occasional / peripheral,2,3 - Moderate,3,6,Expert_Survey_E02_AC.xlsx,Round 1
E02_AC,1,15-19,3,84,Development,Fetching data,Formulas,2 - Occasional / peripheral,2,4 - Difficult,4,8,Expert_Survey_E02_AC.xlsx,Round 1
E02_AC,1,15-19,3,85,Development,Fetching data,Local Storage,2 - Occasional / peripheral,2,5 - Very difficult,5,10,Expert_Survey_E02_AC.xlsx,Round 1
E02_AC,1,15-19,3,86,Development,Fetching data,OAuth,2 - Occasional / peripheral,2,5 - Very difficult,5,10,Expert_Survey_E02_AC.xlsx,Round 1
E02_AC,1,15-19,3,87,Development,Fetching data,REST API,2 - Occasional / peripheral,2,5 - Very difficult,5,10,Expert_Survey_E02_AC.xlsx,Round 1
E02_AC,1,15-19,3,88,Development,Fetching data,SDK,2 - Occasional / peripheral,2,5 - Very difficult,5,10,Expert_Survey_E02_AC.xlsx,Round 1
E02_AC,1,15-19,3,89,Development,Fetching data,SQL,2 - Occasional / peripheral,2,5 - Very difficult,5,10,Expert_Survey_E02_AC.xlsx,Round 1
E02_AC,1,15-19,3,90,Development,Fetching data,URL,2 - Occasional / peripheral,2,5 - Very difficult,5,10,Expert_Survey_E02_AC.xlsx,Round 1
E02_AC,1,15-19,3,91,Development,Fetching data,Web API,4 - Frequent / important,4,5 - Very difficult,5,20,Expert_Survey_E02_AC.xlsx,Round 1
E02_AC,1,15-19,3,92,Development,GUI design and development,+AI Support,5 - Essential / continuous,5,1 - Very easy,1,5,Expert_Survey_E02_AC.xlsx,Round 1
E02_AC,1,15-19,3,93,Development,GUI design and development,+Business Data Types,5 - Essential / continuous,5,2 - Easy,2,10,Expert_Survey_E02_AC.xlsx,Round 1
E02_AC,1,15-19,3,94,Development,GUI design and development,+Conditional Formatting,5 - Essential / continuous,5,2 - Easy,2,10,Expert_Survey_E02_AC.xlsx,Round 1
E02_AC,1,15-19,3,95,Development,GUI design and development,+GUI Style Editor,5 - Essential / continuous,5,1 - Very easy,1,5,Expert_Survey_E02_AC.xlsx,Round 1
E02_AC,1,15-19,3,96,Development,GUI design and development,+Templatized Formulas,5 - Essential / continuous,5,1 - Very easy,1,5,Expert_Survey_E02_AC.xlsx,Round 1
E02_AC,1,15-19,3,97,Development,GUI design and development,+UI Branding,5 - Essential / continuous,5,1 - Very easy,1,5,Expert_Survey_E02_AC.xlsx,Round 1
E02_AC,1,15-19,3,98,Development,GUI design and development,+View Types,5 - Essential / continuous,5,1 - Very easy,1,5,Expert_Survey_E02_AC.xlsx,Round 1
E02_AC,1,15-19,3,99,Development,GUI design and development,+WYSIWYG,5 - Essential / continuous,5,1 - Very easy,1,5,Expert_Survey_E02_AC.xlsx,Round 1
E02_AC,1,15-19,3,100,Development,GUI design and development,CSS/SCSS,3 - Moderate / recurring,3,2 - Easy,2,6,Expert_Survey_E02_AC.xlsx,Round 1
E02_AC,1,15-19,3,101,Development,GUI design and development,Event Propagation,3 - Moderate / recurring,3,2 - Easy,2,6,Expert_Survey_E02_AC.xlsx,Round 1
E02_AC,1,15-19,3,102,Development,GUI design and development,Responsive Web Design,4 - Frequent / important,4,3 - Moderate,3,12,Expert_Survey_E02_AC.xlsx,Round 1
E02_AC,1,15-19,3,103,Development,GUI design and development,HTML,4 - Frequent / important,4,3 - Moderate,3,12,Expert_Survey_E02_AC.xlsx,Round 1
E02_AC,1,15-19,3,104,Development,GUI design and development,IT Data Types,3 - Moderate / recurring,3,4 - Difficult,4,12,Expert_Survey_E02_AC.xlsx,Round 1
E02_AC,1,15-19,3,105,Development,GUI design and development,JavaScript,4 - Frequent / important,4,4 - Difficult,4,16,Expert_Survey_E02_AC.xlsx,Round 1
E02_AC,1,15-19,3,106,Development,GUI design and development,Master Detail,4 - Frequent / important,4,4 - Difficult,4,16,Expert_Survey_E02_AC.xlsx,Round 1
E02_AC,1,15-19,3,107,Development,GUI design and development,Programming Functions,4 - Frequent / important,4,4 - Difficult,4,16,Expert_Survey_E02_AC.xlsx,Round 2
E02_AC,1,15-19,3,108,Development,GUI design and development,Scripts,4 - Frequent / important,4,4 - Difficult,4,16,Expert_Survey_E02_AC.xlsx,Round 1
E02_AC,1,15-19,3,109,Development,GUI design and development,Snippets,4 - Frequent / important,4,4 - Difficult,4,16,Expert_Survey_E02_AC.xlsx,Round 1
E02_AC,1,15-19,3,110,Development,GUI design and development,Variables,4 - Frequent / important,4,4 - Difficult,4,16,Expert_Survey_E02_AC.xlsx,Round 1
E02_AC,1,15-19,3,111,Development,GUI design and development,XML,4 - Frequent / important,4,3 - Moderate,3,12,Expert_Survey_E02_AC.xlsx,Round 2
E02_AC,1,15-19,3,112,Development,Data validation development,+Business Rules,5 - Essential / continuous,5,2 - Easy,2,10,Expert_Survey_E02_AC.xlsx,Round 1
E02_AC,1,15-19,3,113,Development,Data validation development,+Column Expressions,5 - Essential / continuous,5,2 - Easy,2,10,Expert_Survey_E02_AC.xlsx,Round 1
E02_AC,1,15-19,3,114,Development,Data validation development,Expressions,3 - Moderate / recurring,3,3 - Moderate,3,9,Expert_Survey_E02_AC.xlsx,Round 1
E02_AC,1,15-19,3,115,Development,Data validation development,Data Fields,4 - Frequent / important,4,2 - Easy,2,8,Expert_Survey_E02_AC.xlsx,Round 2
E02_AC,1,15-19,3,116,Development,Data validation development,Domain Model,4 - Frequent / important,4,2 - Easy,2,8,Expert_Survey_E02_AC.xlsx,Round 2
E02_AC,1,15-19,3,117,Development,Data validation development,Scripts,4 - Frequent / important,4,4 - Difficult,4,16,Expert_Survey_E02_AC.xlsx,Round 1
E02_AC,1,15-19,3,118,Development,Actions design and development,+AI Assisted Development,4 - Frequent / important,4,1 - Very easy,1,4,Expert_Survey_E02_AC.xlsx,Round 1
E02_AC,1,15-19,3,119,Development,Actions design and development,+Automations,5 - Essential / continuous,5,1 - Very easy,1,5,Expert_Survey_E02_AC.xlsx,Round 1
E02_AC,1,15-19,3,120,Development,Actions design and development,+Built-in Connectors,5 - Essential / continuous,5,2 - Easy,2,10,Expert_Survey_E02_AC.xlsx,Round 1
E02_AC,1,15-19,3,121,Development,Actions design and development,API,3 - Moderate / recurring,3,3 - Moderate,3,9,Expert_Survey_E02_AC.xlsx,Round 1
E02_AC,1,15-19,3,122,Development,Actions design and development,Expressions,4 - Frequent / important,4,3 - Moderate,3,12,Expert_Survey_E02_AC.xlsx,Round 1
E02_AC,1,15-19,3,123,Development,Actions design and development,Functions,3 - Moderate / recurring,3,4 - Difficult,4,12,Expert_Survey_E02_AC.xlsx,Round 2
E02_AC,1,15-19,3,124,Development,Actions design and development,Java,3 - Moderate / recurring,3,5 - Very difficult,5,15,Expert_Survey_E02_AC.xlsx,Round 2
E02_AC,1,15-19,3,125,Development,Actions design and development,JavaScript,3 - Moderate / recurring,3,5 - Very difficult,5,15,Expert_Survey_E02_AC.xlsx,Round 2
E02_AC,1,15-19,3,126,Development,Actions design and development,Object Model,2 - Occasional / peripheral,2,4 - Difficult,4,8,Expert_Survey_E02_AC.xlsx,Round 1
E02_AC,1,15-19,3,127,Development,Actions design and development,Scripts,3 - Moderate / recurring,3,4 - Difficult,4,12,Expert_Survey_E02_AC.xlsx,Round 1
E02_AC,1,15-19,3,128,Development,Actions design and development,SOAP,3 - Moderate / recurring,3,4 - Difficult,4,12,Expert_Survey_E02_AC.xlsx,Round 1
E02_AC,1,15-19,3,129,Development,Programming,.NET,1 - Rare / avoidable,1,4 - Difficult,4,4,Expert_Survey_E02_AC.xlsx,Round 1
E02_AC,1,15-19,3,130,Development,Programming,+Visual Programming,5 - Essential / continuous,5,2 - Easy,2,10,Expert_Survey_E02_AC.xlsx,Round 1
E02_AC,1,15-19,3,131,Development,Programming,Expressions,4 - Frequent / important,4,2 - Easy,2,8,Expert_Survey_E02_AC.xlsx,Round 2
E02_AC,1,15-19,3,132,Development,Programming,CLI,3 - Moderate / recurring,3,2 - Easy,2,6,Expert_Survey_E02_AC.xlsx,Round 1
E02_AC,1,15-19,3,133,Development,Programming,IT Data Types,3 - Moderate / recurring,3,3 - Moderate,3,9,Expert_Survey_E02_AC.xlsx,Round 1
E02_AC,1,15-19,3,134,Development,Programming,Eclipse,3 - Moderate / recurring,3,3 - Moderate,3,9,Expert_Survey_E02_AC.xlsx,Round 1
E02_AC,1,15-19,3,135,Development,Programming,Emulators,3 - Moderate / recurring,3,4 - Difficult,4,12,Expert_Survey_E02_AC.xlsx,Round 1
E02_AC,1,15-19,3,136,Development,Programming,Entity Types,3 - Moderate / recurring,3,4 - Difficult,4,12,Expert_Survey_E02_AC.xlsx,Round 1
E02_AC,1,15-19,3,137,Development,Programming,Enumerations,3 - Moderate / recurring,3,5 - Very difficult,5,15,Expert_Survey_E02_AC.xlsx,Round 1
E02_AC,1,15-19,3,138,Development,Programming,Functions,3 - Moderate / recurring,3,5 - Very difficult,5,15,Expert_Survey_E02_AC.xlsx,Round 1
E02_AC,1,15-19,3,139,Development,Programming,HTML,3 - Moderate / recurring,3,3 - Moderate,3,9,Expert_Survey_E02_AC.xlsx,Round 1
E02_AC,1,15-19,3,140,Development,Programming,SDK/IDE,3 - Moderate / recurring,3,3 - Moderate,3,9,Expert_Survey_E02_AC.xlsx,Round 1
E02_AC,1,15-19,3,141,Development,Programming,Iteration Statements,3 - Moderate / recurring,3,3 - Moderate,3,9,Expert_Survey_E02_AC.xlsx,Round 1
E02_AC,1,15-19,3,142,Development,Programming,Java,3 - Moderate / recurring,3,4 - Difficult,4,12,Expert_Survey_E02_AC.xlsx,Round 1
E02_AC,1,15-19,3,143,Development,Programming,Java API,3 - Moderate / recurring,3,4 - Difficult,4,12,Expert_Survey_E02_AC.xlsx,Round 1
E02_AC,1,15-19,3,144,Development,Programming,JavaScript,3 - Moderate / recurring,3,4 - Difficult,4,12,Expert_Survey_E02_AC.xlsx,Round 1
E02_AC,1,15-19,3,145,Development,Programming,JSON,3 - Moderate / recurring,3,2 - Easy,2,6,Expert_Survey_E02_AC.xlsx,Round 1
E02_AC,1,15-19,3,146,Development,Programming,Markup Language,3 - Moderate / recurring,3,2 - Easy,2,6,Expert_Survey_E02_AC.xlsx,Round 1
E02_AC,1,15-19,3,147,Development,Programming,Metadata,3 - Moderate / recurring,3,2 - Easy,2,6,Expert_Survey_E02_AC.xlsx,Round 1
E02_AC,1,15-19,3,148,Development,Programming,Native Mobile App,3 - Moderate / recurring,3,3 - Moderate,3,9,Expert_Survey_E02_AC.xlsx,Round 1
E02_AC,1,15-19,3,149,Development,Programming,node.js,3 - Moderate / recurring,3,4 - Difficult,4,12,Expert_Survey_E02_AC.xlsx,Round 2
E02_AC,1,15-19,3,150,Development,Programming,PWA,3 - Moderate / recurring,3,4 - Difficult,4,12,Expert_Survey_E02_AC.xlsx,Round 1
E02_AC,1,15-19,3,151,Development,Programming,Query Functions,3 - Moderate / recurring,3,5 - Very difficult,5,15,Expert_Survey_E02_AC.xlsx,Round 1
E02_AC,1,15-19,3,152,Development,Programming,Scripts,3 - Moderate / recurring,3,5 - Very difficult,5,15,Expert_Survey_E02_AC.xlsx,Round 1
E02_AC,1,15-19,3,153,Development,Programming,Snippets,3 - Moderate / recurring,3,5 - Very difficult,5,15,Expert_Survey_E02_AC.xlsx,Round 1
E02_AC,1,15-19,3,154,Development,Programming,TypeScript,3 - Moderate / recurring,3,5 - Very difficult,5,15,Expert_Survey_E02_AC.xlsx,Round 1
E02_AC,1,15-19,3,155,Development,Programming,Web API,3 - Moderate / recurring,3,5 - Very difficult,5,15,Expert_Survey_E02_AC.xlsx,Round 1
E02_AC,1,15-19,3,156,Development,Programming,XML,3 - Moderate / recurring,3,3 - Moderate,3,9,Expert_Survey_E02_AC.xlsx,Round 1
E02_AC,1,15-19,3,157,Implementation,Runtime server installation,+Cloud Based Environment,4 - Frequent / important,4,4 - Difficult,4,16,Expert_Survey_E02_AC.xlsx,Round 2
E02_AC,1,15-19,3,158,Implementation,Runtime server installation,API,3 - Moderate / recurring,3,4 - Difficult,4,12,Expert_Survey_E02_AC.xlsx,Round 1
E02_AC,1,15-19,3,159,Implementation,Runtime server installation,Compiler Service,3 - Moderate / recurring,3,3 - Moderate,3,9,Expert_Survey_E02_AC.xlsx,Round 1
E02_AC,1,15-19,3,160,Implementation,Runtime server installation,Database Synchronization,3 - Moderate / recurring,3,4 - Difficult,4,12,Expert_Survey_E02_AC.xlsx,Round 1
E02_AC,1,15-19,3,161,Implementation,Runtime server installation,Deployment Controller Service,3 - Moderate / recurring,3,4 - Difficult,4,12,Expert_Survey_E02_AC.xlsx,Round 1
E02_AC,1,15-19,3,162,Implementation,Runtime server installation,Email Server (SMTP),3 - Moderate / recurring,3,3 - Moderate,3,9,Expert_Survey_E02_AC.xlsx,Round 1
E02_AC,1,15-19,3,163,Implementation,Runtime server installation,File Storage,3 - Moderate / recurring,3,4 - Difficult,4,12,Expert_Survey_E02_AC.xlsx,Round 1
E02_AC,1,15-19,3,164,Implementation,Runtime server installation,HTTPS Server,3 - Moderate / recurring,3,4 - Difficult,4,12,Expert_Survey_E02_AC.xlsx,Round 2
E02_AC,1,15-19,3,165,Implementation,Runtime server installation,Java,3 - Moderate / recurring,3,4 - Difficult,4,12,Expert_Survey_E02_AC.xlsx,Round 2
E02_AC,1,15-19,3,166,Implementation,Runtime server installation,Load Balancing,3 - Moderate / recurring,3,5 - Very difficult,5,15,Expert_Survey_E02_AC.xlsx,Round 1
E02_AC,1,15-19,3,167,Implementation,Runtime server installation,Log Service,3 - Moderate / recurring,3,4 - Difficult,4,12,Expert_Survey_E02_AC.xlsx,Round 1
E02_AC,1,15-19,3,168,Implementation,Runtime server installation,Mobile App,3 - Moderate / recurring,3,4 - Difficult,4,12,Expert_Survey_E02_AC.xlsx,Round 1
E02_AC,1,15-19,3,169,Implementation,Runtime server installation,OQL,3 - Moderate / recurring,3,5 - Very difficult,5,15,Expert_Survey_E02_AC.xlsx,Round 1
E02_AC,1,15-19,3,170,Implementation,Runtime server installation,Proxy server,3 - Moderate / recurring,3,5 - Very difficult,5,15,Expert_Survey_E02_AC.xlsx,Round 1
E02_AC,1,15-19,3,171,Implementation,Runtime server installation,Relational Database,3 - Moderate / recurring,3,5 - Very difficult,5,15,Expert_Survey_E02_AC.xlsx,Round 2
E02_AC,1,15-19,3,172,Implementation,Runtime server installation,REST API,3 - Moderate / recurring,3,5 - Very difficult,5,15,Expert_Survey_E02_AC.xlsx,Round 1
E02_AC,1,15-19,3,173,Implementation,Runtime server installation,SAML Authentication,3 - Moderate / recurring,3,5 - Very difficult,5,15,Expert_Survey_E02_AC.xlsx,Round 2
E02_AC,1,15-19,3,174,Implementation,Runtime server installation,Scheduler Service,3 - Moderate / recurring,3,4 - Difficult,4,12,Expert_Survey_E02_AC.xlsx,Round 1
E02_AC,1,15-19,3,175,Implementation,Runtime server installation,Shared Libraries,3 - Moderate / recurring,3,4 - Difficult,4,12,Expert_Survey_E02_AC.xlsx,Round 1
E02_AC,1,15-19,3,176,Implementation,Runtime server installation,SOAP,3 - Moderate / recurring,3,4 - Difficult,4,12,Expert_Survey_E02_AC.xlsx,Round 2
E02_AC,1,15-19,3,177,Implementation,Runtime server installation,SSL Certificates,3 - Moderate / recurring,3,4 - Difficult,4,12,Expert_Survey_E02_AC.xlsx,Round 1
E02_AC,1,15-19,3,178,Implementation,Runtime server installation,Swagger,3 - Moderate / recurring,3,4 - Difficult,4,12,Expert_Survey_E02_AC.xlsx,Round 1
E02_AC,1,15-19,3,179,Implementation,Runtime server installation,WSDL,3 - Moderate / recurring,3,4 - Difficult,4,12,Expert_Survey_E02_AC.xlsx,Round 1
E02_AC,1,15-19,3,180,Implementation,Runtime server installation,XML/XPath,3 - Moderate / recurring,3,4 - Difficult,4,12,Expert_Survey_E02_AC.xlsx,Round 2
E02_AC,1,15-19,3,181,Implementation,Database installation,+Embedded Database,4 - Frequent / important,4,2 - Easy,2,8,Expert_Survey_E02_AC.xlsx,Round 1
E02_AC,1,15-19,3,182,Implementation,Database installation,File Storage,3 - Moderate / recurring,3,4 - Difficult,4,12,Expert_Survey_E02_AC.xlsx,Round 1
E02_AC,1,15-19,3,183,Implementation,Database installation,Relational Database,3 - Moderate / recurring,3,5 - Very difficult,5,15,Expert_Survey_E02_AC.xlsx,Round 2
E02_AC,1,15-19,3,184,Implementation,Database installation,REST API,2 - Occasional / peripheral,2,4 - Difficult,4,8,Expert_Survey_E02_AC.xlsx,Round 1
E02_AC,1,15-19,3,185,Implementation,Client module installation,.NET Framework,2 - Occasional / peripheral,2,5 - Very difficult,5,10,Expert_Survey_E02_AC.xlsx,Round 2
E02_AC,1,15-19,3,186,Implementation,Client module installation,+Mobile App,5 - Essential / continuous,5,1 - Very easy,1,5,Expert_Survey_E02_AC.xlsx,Round 1
E02_AC,1,15-19,3,187,Implementation,Client module installation,+Web Browser,5 - Essential / continuous,5,1 - Very easy,1,5,Expert_Survey_E02_AC.xlsx,Round 1
E02_AC,1,15-19,3,188,Implementation,Client module installation,API,3 - Moderate / recurring,3,3 - Moderate,3,9,Expert_Survey_E02_AC.xlsx,Round 1
E02_AC,1,15-19,3,189,Implementation,Client module installation,Binaries,3 - Moderate / recurring,3,4 - Difficult,4,12,Expert_Survey_E02_AC.xlsx,Round 1
E02_AC,1,15-19,3,190,Implementation,Client module installation,HTTPS Server,3 - Moderate / recurring,3,4 - Difficult,4,12,Expert_Survey_E02_AC.xlsx,Round 1
E02_AC,1,15-19,3,191,Implementation,Client module installation,URL Configuration,3 - Moderate / recurring,3,4 - Difficult,4,12,Expert_Survey_E02_AC.xlsx,Round 1
E02_AC,1,15-19,3,192,Implementation,Client module installation,Web Services,3 - Moderate / recurring,3,4 - Difficult,4,12,Expert_Survey_E02_AC.xlsx,Round 1
E02_AC,1,15-19,3,193,Implementation,Deployment,+App Gallery,5 - Essential / continuous,5,1 - Very easy,1,5,Expert_Survey_E02_AC.xlsx,Round 1
E02_AC,1,15-19,3,194,Implementation,Deployment,+Software as a Service,5 - Essential / continuous,5,1 - Very easy,1,5,Expert_Survey_E02_AC.xlsx,Round 1
E02_AC,1,15-19,3,195,Implementation,Deployment,Application IDE,4 - Frequent / important,4,2 - Easy,2,8,Expert_Survey_E02_AC.xlsx,Round 1
E02_AC,1,15-19,3,196,Implementation,Deployment,CI/CD,3 - Moderate / recurring,3,4 - Difficult,4,12,Expert_Survey_E02_AC.xlsx,Round 2
E02_AC,1,15-19,3,197,Implementation,Deployment,Cloud Computing,4 - Frequent / important,4,2 - Easy,2,8,Expert_Survey_E02_AC.xlsx,Round 1
E02_AC,1,15-19,3,198,Implementation,Deployment,Cloud Services,4 - Frequent / important,4,2 - Easy,2,8,Expert_Survey_E02_AC.xlsx,Round 1
E02_AC,1,15-19,3,199,Implementation,Deployment,Docker,3 - Moderate / recurring,3,3 - Moderate,3,9,Expert_Survey_E02_AC.xlsx,Round 2
E02_AC,1,15-19,3,200,Implementation,Deployment,Import/Export,3 - Moderate / recurring,3,2 - Easy,2,6,Expert_Survey_E02_AC.xlsx,Round 1
E02_AC,1,15-19,3,201,Implementation,Deployment,Kubernetes,3 - Moderate / recurring,3,3 - Moderate,3,9,Expert_Survey_E02_AC.xlsx,Round 2
E02_AC,1,15-19,3,202,Implementation,Deployment,On-Premise,3 - Moderate / recurring,3,2 - Easy,2,6,Expert_Survey_E02_AC.xlsx,Round 1
E02_AC,1,15-19,3,203,Implementation,Deployment,On-premises Data Gateway,3 - Moderate / recurring,3,4 - Difficult,4,12,Expert_Survey_E02_AC.xlsx,Round 1
E02_AC,1,15-19,3,204,Implementation,Deployment,REST API,3 - Moderate / recurring,3,4 - Difficult,4,12,Expert_Survey_E02_AC.xlsx,Round 1
E02_AC,1,15-19,3,205,Implementation,Deployment,Scripts,3 - Moderate / recurring,3,4 - Difficult,4,12,Expert_Survey_E02_AC.xlsx,Round 2
E02_AC,1,15-19,3,206,Implementation,Deployment,SOAP,3 - Moderate / recurring,3,3 - Moderate,3,9,Expert_Survey_E02_AC.xlsx,Round 2
E02_AC,1,15-19,3,207,Implementation,Version control,Code Repository Concept,3 - Moderate / recurring,3,3 - Moderate,3,9,Expert_Survey_E02_AC.xlsx,Round 2
E02_AC,1,15-19,3,208,Implementation,Version control,Custom Version Control,3 - Moderate / recurring,3,3 - Moderate,3,9,Expert_Survey_E02_AC.xlsx,Round 2
E02_AC,1,15-19,3,209,Implementation,Version control,Git,3 - Moderate / recurring,3,3 - Moderate,3,9,Expert_Survey_E02_AC.xlsx,Round 2
E03_PO,1,15-19,5+,1,Design,Workflow model,+BPMN Process Model,4 - Frequent / important,4,3 - Moderate,3,12,Expert_Survey_E03_PO.xlsx,Round 1
E03_PO,1,15-19,5+,2,Design,Workflow model,Custom Process Model,4 - Frequent / important,4,4 - Difficult,4,16,Expert_Survey_E03_PO.xlsx,Round 2
E03_PO,1,15-19,5+,3,Design,Database model,+Business Data Types,4 - Frequent / important,4,2 - Easy,2,8,Expert_Survey_E03_PO.xlsx,Round 1
E03_PO,1,15-19,5+,4,Design,Database model,+Form-based Data,3 - Moderate / recurring,3,2 - Easy,2,6,Expert_Survey_E03_PO.xlsx,Round 1
E03_PO,1,15-19,5+,5,Design,Database model,+Item-Detail,3 - Moderate / recurring,3,2 - Easy,2,6,Expert_Survey_E03_PO.xlsx,Round 1
E03_PO,1,15-19,5+,6,Design,Database model,+Lookup/Drop-down,2 - Occasional / peripheral,2,3 - Moderate,3,6,Expert_Survey_E03_PO.xlsx,Round 1
E03_PO,1,15-19,5+,7,Design,Database model,+Predefined Entities,2 - Occasional / peripheral,2,3 - Moderate,3,6,Expert_Survey_E03_PO.xlsx,Round 1
E03_PO,1,15-19,5+,8,Design,Database model,Domain Model,5 - Essential / continuous,5,4 - Difficult,4,20,Expert_Survey_E03_PO.xlsx,Round 1
E03_PO,1,15-19,5+,9,Design,Database model,Conditional Expressions,4 - Frequent / important,4,3 - Moderate,3,12,Expert_Survey_E03_PO.xlsx,Round 1
E03_PO,1,15-19,5+,10,Design,Database model,Constraints,4 - Frequent / important,4,3 - Moderate,3,12,Expert_Survey_E03_PO.xlsx,Round 1
E03_PO,1,15-19,5+,11,Design,Database model,Data Structure,4 - Frequent / important,4,4 - Difficult,4,16,Expert_Survey_E03_PO.xlsx,Round 1
E03_PO,1,15-19,5+,12,Design,Database model,IT Data Types,2 - Occasional / peripheral,2,3 - Moderate,3,6,Expert_Survey_E03_PO.xlsx,Round 1
E03_PO,1,15-19,5+,13,Design,Database model,Denormalization,2 - Occasional / peripheral,2,4 - Difficult,4,8,Expert_Survey_E03_PO.xlsx,Round 1
E03_PO,1,15-19,5+,14,Design,Database model,Entity Diagrams,4 - Frequent / important,4,4 - Difficult,4,16,Expert_Survey_E03_PO.xlsx,Round 1
E03_PO,1,15-19,5+,15,Design,Database model,Enumerations,3 - Moderate / recurring,3,2 - Easy,2,6,Expert_Survey_E03_PO.xlsx,Round 1
E03_PO,1,15-19,5+,16,Design,Database model,Expressions,3 - Moderate / recurring,3,4 - Difficult,4,12,Expert_Survey_E03_PO.xlsx,Round 1
E03_PO,1,15-19,5+,17,Design,Database model,Relational Database,4 - Frequent / important,4,4 - Difficult,4,16,Expert_Survey_E03_PO.xlsx,Round 2
E03_PO,1,15-19,5+,18,Design,Database model,XML/XPath,3 - Moderate / recurring,3,4 - Difficult,4,12,Expert_Survey_E03_PO.xlsx,Round 2
E03_PO,1,15-19,5+,19,Design,UI model,+App templates,3 - Moderate / recurring,3,2 - Easy,2,6,Expert_Survey_E03_PO.xlsx,Round 1
E03_PO,1,15-19,5+,20,Design,UI model,+Business Data Types,3 - Moderate / recurring,3,2 - Easy,2,6,Expert_Survey_E03_PO.xlsx,Round 1
E03_PO,1,15-19,5+,21,Design,UI model,+Screen Templates,3 - Moderate / recurring,3,1 - Very easy,1,3,Expert_Survey_E03_PO.xlsx,Round 1
E03_PO,1,15-19,5+,22,Design,UI model,+UI Branding,2 - Occasional / peripheral,2,1 - Very easy,1,2,Expert_Survey_E03_PO.xlsx,Round 1
E03_PO,1,15-19,5+,23,Design,UI model,+View Types,5 - Essential / continuous,5,1 - Very easy,1,5,Expert_Survey_E03_PO.xlsx,Round 1
E03_PO,1,15-19,5+,24,Design,UI model,Expressions,5 - Essential / continuous,5,4 - Difficult,4,20,Expert_Survey_E03_PO.xlsx,Round 2
E03_PO,1,15-19,5+,25,Design,UI model,IT Data Types,4 - Frequent / important,4,3 - Moderate,3,12,Expert_Survey_E03_PO.xlsx,Round 1
E03_PO,1,15-19,5+,26,Design,UI model,Functions,4 - Frequent / important,4,4 - Difficult,4,16,Expert_Survey_E03_PO.xlsx,Round 2
E03_PO,1,15-19,5+,27,Design,UI model,Model-driven Apps,4 - Frequent / important,4,4 - Difficult,4,16,Expert_Survey_E03_PO.xlsx,Round 2
E03_PO,1,15-19,5+,28,Design,UI model,Reactive Web App,3 - Moderate / recurring,3,4 - Difficult,4,12,Expert_Survey_E03_PO.xlsx,Round 2
E03_PO,1,15-19,5+,29,Design,UI model,Responsive Web Design,3 - Moderate / recurring,3,4 - Difficult,4,12,Expert_Survey_E03_PO.xlsx,Round 2
E03_PO,1,15-19,5+,30,Design,UI model,Variables,5 - Essential / continuous,5,3 - Moderate,3,15,Expert_Survey_E03_PO.xlsx,Round 1
E03_PO,1,15-19,5+,31,Design,Validations,+Business Rules,4 - Frequent / important,4,3 - Moderate,3,12,Expert_Survey_E03_PO.xlsx,Round 1
E03_PO,1,15-19,5+,32,Design,Validations,+Lookup/Drop-down,5 - Essential / continuous,5,2 - Easy,2,10,Expert_Survey_E03_PO.xlsx,Round 1
E03_PO,1,15-19,5+,33,Design,Validations,Expressions,4 - Frequent / important,4,3 - Moderate,3,12,Expert_Survey_E03_PO.xlsx,Round 1
E03_PO,1,15-19,5+,34,Design,Validations,Enumerations,4 - Frequent / important,4,2 - Easy,2,8,Expert_Survey_E03_PO.xlsx,Round 1
E03_PO,1,15-19,5+,35,Design,Validations,JavaScript,3 - Moderate / recurring,3,4 - Difficult,4,12,Expert_Survey_E03_PO.xlsx,Round 2
E03_PO,1,15-19,5+,36,Design,Validations,Scripts,3 - Moderate / recurring,3,4 - Difficult,4,12,Expert_Survey_E03_PO.xlsx,Round 2
E03_PO,1,15-19,5+,37,Design,Validations,Transactions,3 - Moderate / recurring,3,4 - Difficult,4,12,Expert_Survey_E03_PO.xlsx,Round 2
E03_PO,1,15-19,5+,38,Design,Application logic,+Actions,4 - Frequent / important,4,3 - Moderate,3,12,Expert_Survey_E03_PO.xlsx,Round 1
E03_PO,1,15-19,5+,39,Design,Application logic,+Graphical actions,4 - Frequent / important,4,3 - Moderate,3,12,Expert_Survey_E03_PO.xlsx,Round 1
E03_PO,1,15-19,5+,40,Design,Application logic,+NLP,3 - Moderate / recurring,3,4 - Difficult,4,12,Expert_Survey_E03_PO.xlsx,Round 1
E03_PO,1,15-19,5+,41,Design,Application logic,+Custom Language,4 - Frequent / important,4,3 - Moderate,3,12,Expert_Survey_E03_PO.xlsx,Round 1
E03_PO,1,15-19,5+,42,Design,Application logic,+Predefined Tasks,4 - Frequent / important,4,2 - Easy,2,8,Expert_Survey_E03_PO.xlsx,Round 1
E03_PO,1,15-19,5+,43,Design,Application logic,UML,3 - Moderate / recurring,3,4 - Difficult,4,12,Expert_Survey_E03_PO.xlsx,Round 2
E03_PO,1,15-19,5+,44,Design,Application logic,Algorithms,4 - Frequent / important,4,4 - Difficult,4,16,Expert_Survey_E03_PO.xlsx,Round 1
E03_PO,1,15-19,5+,45,Design,Application logic,Expressions,5 - Essential / continuous,5,3 - Moderate,3,15,Expert_Survey_E03_PO.xlsx,Round 1
E03_PO,1,15-19,5+,46,Design,Application logic,Control Structures,4 - Frequent / important,4,3 - Moderate,3,12,Expert_Survey_E03_PO.xlsx,Round 1
E03_PO,1,15-19,5+,47,Design,Application logic,IT Data Types,4 - Frequent / important,4,4 - Difficult,4,16,Expert_Survey_E03_PO.xlsx,Round 1
E03_PO,1,15-19,5+,48,Design,Application logic,Events,3 - Moderate / recurring,3,3 - Moderate,3,9,Expert_Survey_E03_PO.xlsx,Round 1
E03_PO,1,15-19,5+,49,Design,Application logic,Formulas,5 - Essential / continuous,5,3 - Moderate,3,15,Expert_Survey_E03_PO.xlsx,Round 2
E03_PO,1,15-19,5+,50,Design,Application logic,Functions,4 - Frequent / important,4,3 - Moderate,3,12,Expert_Survey_E03_PO.xlsx,Round 2
E03_PO,1,15-19,5+,51,Design,Application logic,Java,3 - Moderate / recurring,3,5 - Very difficult,5,15,Expert_Survey_E03_PO.xlsx,Round 2
E03_PO,1,15-19,5+,52,Design,Application logic,JavaScript,3 - Moderate / recurring,3,4 - Difficult,4,12,Expert_Survey_E03_PO.xlsx,Round 2
E03_PO,1,15-19,5+,53,Design,Application logic,Microservices,3 - Moderate / recurring,3,5 - Very difficult,5,15,Expert_Survey_E03_PO.xlsx,Round 2
E03_PO,1,15-19,5+,54,Design,Application logic,SQL,3 - Moderate / recurring,3,5 - Very difficult,5,15,Expert_Survey_E03_PO.xlsx,Round 2
E03_PO,1,15-19,5+,55,Design,Application logic,Variables,4 - Frequent / important,4,3 - Moderate,3,12,Expert_Survey_E03_PO.xlsx,Round 1
E03_PO,1,15-19,5+,56,Development,Workflow design and development,+BPMN Process Model,4 - Frequent / important,4,3 - Moderate,3,12,Expert_Survey_E03_PO.xlsx,Round 1
E03_PO,1,15-19,5+,57,Development,Workflow design and development,Expressions,4 - Frequent / important,4,3 - Moderate,3,12,Expert_Survey_E03_PO.xlsx,Round 1
E03_PO,1,15-19,5+,58,Development,Workflow design and development,Custom Process Model,3 - Moderate / recurring,3,4 - Difficult,4,12,Expert_Survey_E03_PO.xlsx,Round 1
E03_PO,1,15-19,5+,59,Development,Workflow design and development,Events,3 - Moderate / recurring,3,3 - Moderate,3,9,Expert_Survey_E03_PO.xlsx,Round 1
E03_PO,1,15-19,5+,60,Development,Workflow design and development,Java API,3 - Moderate / recurring,3,4 - Difficult,4,12,Expert_Survey_E03_PO.xlsx,Round 2
E03_PO,1,15-19,5+,61,Development,Workflow design and development,JavaScript,3 - Moderate / recurring,3,4 - Difficult,4,12,Expert_Survey_E03_PO.xlsx,Round 2
E03_PO,1,15-19,5+,62,Development,Workflow design and development,REST API,4 - Frequent / important,4,3 - Moderate,3,12,Expert_Survey_E03_PO.xlsx,Round 1
E03_PO,1,15-19,5+,63,Development,Workflow design and development,Triggers,3 - Moderate / recurring,3,3 - Moderate,3,9,Expert_Survey_E03_PO.xlsx,Round 1
E03_PO,1,15-19,5+,64,Development,Database design,+Business Data Types,5 - Essential / continuous,5,3 - Moderate,3,15,Expert_Survey_E03_PO.xlsx,Round 1
E03_PO,1,15-19,5+,65,Development,Database design,+Custom Database Model,5 - Essential / continuous,5,4 - Difficult,4,20,Expert_Survey_E03_PO.xlsx,Round 1
E03_PO,1,15-19,5+,66,Development,Database design,+References,4 - Frequent / important,4,2 - Easy,2,8,Expert_Survey_E03_PO.xlsx,Round 1
E03_PO,1,15-19,5+,67,Development,Database design,+Slices,4 - Frequent / important,4,4 - Difficult,4,16,Expert_Survey_E03_PO.xlsx,Round 1
E03_PO,1,15-19,5+,68,Development,Database design,Actions,4 - Frequent / important,4,2 - Easy,2,8,Expert_Survey_E03_PO.xlsx,Round 1
E03_PO,1,15-19,5+,69,Development,Database design,Expressions,3 - Moderate / recurring,3,2 - Easy,2,6,Expert_Survey_E03_PO.xlsx,Round 1
E03_PO,1,15-19,5+,70,Development,Database design,Relational Database,3 - Moderate / recurring,3,5 - Very difficult,5,15,Expert_Survey_E03_PO.xlsx,Round 1
E03_PO,1,15-19,5+,71,Development,Database design,Entity Diagrams,4 - Frequent / important,4,3 - Moderate,3,12,Expert_Survey_E03_PO.xlsx,Round 1
E03_PO,1,15-19,5+,72,Development,Database design,Functions,3 - Moderate / recurring,3,5 - Very difficult,5,15,Expert_Survey_E03_PO.xlsx,Round 1
E03_PO,1,15-19,5+,73,Development,Database design,SQL,3 - Moderate / recurring,3,4 - Difficult,4,12,Expert_Survey_E03_PO.xlsx,Round 1
E03_PO,1,15-19,5+,74,Development,Database design,IT Data Types,4 - Frequent / important,4,4 - Difficult,4,16,Expert_Survey_E03_PO.xlsx,Round 1
E03_PO,1,15-19,5+,75,Development,Database design,Web API,3 - Moderate / recurring,3,4 - Difficult,4,12,Expert_Survey_E03_PO.xlsx,Round 1
E03_PO,1,15-19,5+,76,Development,Fetching data,.NET,3 - Moderate / recurring,3,5 - Very difficult,5,15,Expert_Survey_E03_PO.xlsx,Round 1
E03_PO,1,15-19,5+,77,Development,Fetching data,+Cloud-based Spreadsheets,4 - Frequent / important,4,2 - Easy,2,8,Expert_Survey_E03_PO.xlsx,Round 1
E03_PO,1,15-19,5+,78,Development,Fetching data,+GUI Queries,4 - Frequent / important,4,2 - Easy,2,8,Expert_Survey_E03_PO.xlsx,Round 1
E03_PO,1,15-19,5+,79,Development,Fetching data,+Human Language,2 - Occasional / peripheral,2,3 - Moderate,3,6,Expert_Survey_E03_PO.xlsx,Round 1
E03_PO,1,15-19,5+,80,Development,Fetching data,+Integrated Data Sources,4 - Frequent / important,4,3 - Moderate,3,12,Expert_Survey_E03_PO.xlsx,Round 1
E03_PO,1,15-19,5+,81,Development,Fetching data,Cloud Services,2 - Occasional / peripheral,2,3 - Moderate,3,6,Expert_Survey_E03_PO.xlsx,Round 1
E03_PO,1,15-19,5+,82,Development,Fetching data,Custom Query Language,2 - Occasional / peripheral,2,3 - Moderate,3,6,Expert_Survey_E03_PO.xlsx,Round 1
E03_PO,1,15-19,5+,83,Development,Fetching data,Data Source Integration,2 - Occasional / peripheral,2,4 - Difficult,4,8,Expert_Survey_E03_PO.xlsx,Round 1
E03_PO,1,15-19,5+,84,Development,Fetching data,Formulas,2 - Occasional / peripheral,2,3 - Moderate,3,6,Expert_Survey_E03_PO.xlsx,Round 1
E03_PO,1,15-19,5+,85,Development,Fetching data,Local Storage,2 - Occasional / peripheral,2,2 - Easy,2,4,Expert_Survey_E03_PO.xlsx,Round 1
E03_PO,1,15-19,5+,86,Development,Fetching data,OAuth,2 - Occasional / peripheral,2,4 - Difficult,4,8,Expert_Survey_E03_PO.xlsx,Round 1
E03_PO,1,15-19,5+,87,Development,Fetching data,REST API,3 - Moderate / recurring,3,3 - Moderate,3,9,Expert_Survey_E03_PO.xlsx,Round 1
E03_PO,1,15-19,5+,88,Development,Fetching data,SDK,2 - Occasional / peripheral,2,2 - Easy,2,4,Expert_Survey_E03_PO.xlsx,Round 1
E03_PO,1,15-19,5+,89,Development,Fetching data,SQL,2 - Occasional / peripheral,2,4 - Difficult,4,8,Expert_Survey_E03_PO.xlsx,Round 1
E03_PO,1,15-19,5+,90,Development,Fetching data,URL,2 - Occasional / peripheral,2,2 - Easy,2,4,Expert_Survey_E03_PO.xlsx,Round 1
E03_PO,1,15-19,5+,91,Development,Fetching data,Web API,3 - Moderate / recurring,3,3 - Moderate,3,9,Expert_Survey_E03_PO.xlsx,Round 1
E03_PO,1,15-19,5+,92,Development,GUI design and development,+AI Support,2 - Occasional / peripheral,2,4 - Difficult,4,8,Expert_Survey_E03_PO.xlsx,Round 1
E03_PO,1,15-19,5+,93,Development,GUI design and development,+Business Data Types,4 - Frequent / important,4,3 - Moderate,3,12,Expert_Survey_E03_PO.xlsx,Round 1
E03_PO,1,15-19,5+,94,Development,GUI design and development,+Conditional Formatting,4 - Frequent / important,4,2 - Easy,2,8,Expert_Survey_E03_PO.xlsx,Round 1
E03_PO,1,15-19,5+,95,Development,GUI design and development,+GUI Style Editor,5 - Essential / continuous,5,1 - Very easy,1,5,Expert_Survey_E03_PO.xlsx,Round 1
E03_PO,1,15-19,5+,96,Development,GUI design and development,+Templatized Formulas,5 - Essential / continuous,5,2 - Easy,2,10,Expert_Survey_E03_PO.xlsx,Round 1
E03_PO,1,15-19,5+,97,Development,GUI design and development,+UI Branding,2 - Occasional / peripheral,2,1 - Very easy,1,2,Expert_Survey_E03_PO.xlsx,Round 1
E03_PO,1,15-19,5+,98,Development,GUI design and development,+View Types,5 - Essential / continuous,5,1 - Very easy,1,5,Expert_Survey_E03_PO.xlsx,Round 1
E03_PO,1,15-19,5+,99,Development,GUI design and development,+WYSIWYG,5 - Essential / continuous,5,1 - Very easy,1,5,Expert_Survey_E03_PO.xlsx,Round 1
E03_PO,1,15-19,5+,100,Development,GUI design and development,CSS/SCSS,2 - Occasional / peripheral,2,3 - Moderate,3,6,Expert_Survey_E03_PO.xlsx,Round 1
E03_PO,1,15-19,5+,101,Development,GUI design and development,Event Propagation,3 - Moderate / recurring,3,4 - Difficult,4,12,Expert_Survey_E03_PO.xlsx,Round 1
E03_PO,1,15-19,5+,102,Development,GUI design and development,Responsive Web Design,3 - Moderate / recurring,3,4 - Difficult,4,12,Expert_Survey_E03_PO.xlsx,Round 1
E03_PO,1,15-19,5+,103,Development,GUI design and development,HTML,3 - Moderate / recurring,3,3 - Moderate,3,9,Expert_Survey_E03_PO.xlsx,Round 1
E03_PO,1,15-19,5+,104,Development,GUI design and development,IT Data Types,4 - Frequent / important,4,3 - Moderate,3,12,Expert_Survey_E03_PO.xlsx,Round 1
E03_PO,1,15-19,5+,105,Development,GUI design and development,JavaScript,3 - Moderate / recurring,3,4 - Difficult,4,12,Expert_Survey_E03_PO.xlsx,Round 1
E03_PO,1,15-19,5+,106,Development,GUI design and development,Master Detail,4 - Frequent / important,4,4 - Difficult,4,16,Expert_Survey_E03_PO.xlsx,Round 1
E03_PO,1,15-19,5+,107,Development,GUI design and development,Programming Functions,4 - Frequent / important,4,4 - Difficult,4,16,Expert_Survey_E03_PO.xlsx,Round 2
E03_PO,1,15-19,5+,108,Development,GUI design and development,Scripts,3 - Moderate / recurring,3,3 - Moderate,3,9,Expert_Survey_E03_PO.xlsx,Round 1
E03_PO,1,15-19,5+,109,Development,GUI design and development,Snippets,3 - Moderate / recurring,3,3 - Moderate,3,9,Expert_Survey_E03_PO.xlsx,Round 1
E03_PO,1,15-19,5+,110,Development,GUI design and development,Variables,5 - Essential / continuous,5,2 - Easy,2,10,Expert_Survey_E03_PO.xlsx,Round 1
E03_PO,1,15-19,5+,111,Development,GUI design and development,XML,3 - Moderate / recurring,3,3 - Moderate,3,9,Expert_Survey_E03_PO.xlsx,Round 2
E03_PO,1,15-19,5+,112,Development,Data validation development,+Business Rules,4 - Frequent / important,4,3 - Moderate,3,12,Expert_Survey_E03_PO.xlsx,Round 1
E03_PO,1,15-19,5+,113,Development,Data validation development,+Column Expressions,4 - Frequent / important,4,2 - Easy,2,8,Expert_Survey_E03_PO.xlsx,Round 1
E03_PO,1,15-19,5+,114,Development,Data validation development,Expressions,4 - Frequent / important,4,3 - Moderate,3,12,Expert_Survey_E03_PO.xlsx,Round 1
E03_PO,1,15-19,5+,115,Development,Data validation development,Data Fields,5 - Essential / continuous,5,2 - Easy,2,10,Expert_Survey_E03_PO.xlsx,Round 2
E03_PO,1,15-19,5+,116,Development,Data validation development,Domain Model,5 - Essential / continuous,5,3 - Moderate,3,15,Expert_Survey_E03_PO.xlsx,Round 2
E03_PO,1,15-19,5+,117,Development,Data validation development,Scripts,3 - Moderate / recurring,3,3 - Moderate,3,9,Expert_Survey_E03_PO.xlsx,Round 1
E03_PO,1,15-19,5+,118,Development,Actions design and development,+AI Assisted Development,2 - Occasional / peripheral,2,2 - Easy,2,4,Expert_Survey_E03_PO.xlsx,Round 1
E03_PO,1,15-19,5+,119,Development,Actions design and development,+Automations,3 - Moderate / recurring,3,2 - Easy,2,6,Expert_Survey_E03_PO.xlsx,Round 1
E03_PO,1,15-19,5+,120,Development,Actions design and development,+Built-in Connectors,3 - Moderate / recurring,3,2 - Easy,2,6,Expert_Survey_E03_PO.xlsx,Round 1
E03_PO,1,15-19,5+,121,Development,Actions design and development,API,3 - Moderate / recurring,3,3 - Moderate,3,9,Expert_Survey_E03_PO.xlsx,Round 1
E03_PO,1,15-19,5+,122,Development,Actions design and development,Expressions,5 - Essential / continuous,5,3 - Moderate,3,15,Expert_Survey_E03_PO.xlsx,Round 1
E03_PO,1,15-19,5+,123,Development,Actions design and development,Functions,4 - Frequent / important,4,3 - Moderate,3,12,Expert_Survey_E03_PO.xlsx,Round 2
E03_PO,1,15-19,5+,124,Development,Actions design and development,Java,3 - Moderate / recurring,3,4 - Difficult,4,12,Expert_Survey_E03_PO.xlsx,Round 2
E03_PO,1,15-19,5+,125,Development,Actions design and development,JavaScript,3 - Moderate / recurring,3,4 - Difficult,4,12,Expert_Survey_E03_PO.xlsx,Round 2
E03_PO,1,15-19,5+,126,Development,Actions design and development,Object Model,3 - Moderate / recurring,3,3 - Moderate,3,9,Expert_Survey_E03_PO.xlsx,Round 1
E03_PO,1,15-19,5+,127,Development,Actions design and development,Scripts,3 - Moderate / recurring,3,3 - Moderate,3,9,Expert_Survey_E03_PO.xlsx,Round 1
E03_PO,1,15-19,5+,128,Development,Actions design and development,SOAP,3 - Moderate / recurring,3,5 - Very difficult,5,15,Expert_Survey_E03_PO.xlsx,Round 1
E03_PO,1,15-19,5+,129,Development,Programming,.NET,3 - Moderate / recurring,3,5 - Very difficult,5,15,Expert_Survey_E03_PO.xlsx,Round 1
E03_PO,1,15-19,5+,130,Development,Programming,+Visual Programming,5 - Essential / continuous,5,3 - Moderate,3,15,Expert_Survey_E03_PO.xlsx,Round 1
E03_PO,1,15-19,5+,131,Development,Programming,Expressions,5 - Essential / continuous,5,3 - Moderate,3,15,Expert_Survey_E03_PO.xlsx,Round 2
E03_PO,1,15-19,5+,132,Development,Programming,CLI,2 - Occasional / peripheral,2,3 - Moderate,3,6,Expert_Survey_E03_PO.xlsx,Round 1
E03_PO,1,15-19,5+,133,Development,Programming,IT Data Types,4 - Frequent / important,4,3 - Moderate,3,12,Expert_Survey_E03_PO.xlsx,Round 1
E03_PO,1,15-19,5+,134,Development,Programming,Eclipse,3 - Moderate / recurring,3,3 - Moderate,3,9,Expert_Survey_E03_PO.xlsx,Round 1
E03_PO,1,15-19,5+,135,Development,Programming,Emulators,2 - Occasional / peripheral,2,3 - Moderate,3,6,Expert_Survey_E03_PO.xlsx,Round 1
E03_PO,1,15-19,5+,136,Development,Programming,Entity Types,5 - Essential / continuous,5,2 - Easy,2,10,Expert_Survey_E03_PO.xlsx,Round 1
E03_PO,1,15-19,5+,137,Development,Programming,Enumerations,5 - Essential / continuous,5,2 - Easy,2,10,Expert_Survey_E03_PO.xlsx,Round 1
E03_PO,1,15-19,5+,138,Development,Programming,Functions,4 - Frequent / important,4,4 - Difficult,4,16,Expert_Survey_E03_PO.xlsx,Round 1
E03_PO,1,15-19,5+,139,Development,Programming,HTML,2 - Occasional / peripheral,2,3 - Moderate,3,6,Expert_Survey_E03_PO.xlsx,Round 1
E03_PO,1,15-19,5+,140,Development,Programming,SDK/IDE,2 - Occasional / peripheral,2,3 - Moderate,3,6,Expert_Survey_E03_PO.xlsx,Round 1
E03_PO,1,15-19,5+,141,Development,Programming,Iteration Statements,3 - Moderate / recurring,3,2 - Easy,2,6,Expert_Survey_E03_PO.xlsx,Round 1
E03_PO,1,15-19,5+,142,Development,Programming,Java,2 - Occasional / peripheral,2,5 - Very difficult,5,10,Expert_Survey_E03_PO.xlsx,Round 1
E03_PO,1,15-19,5+,143,Development,Programming,Java API,3 - Moderate / recurring,3,4 - Difficult,4,12,Expert_Survey_E03_PO.xlsx,Round 1
E03_PO,1,15-19,5+,144,Development,Programming,JavaScript,2 - Occasional / peripheral,2,4 - Difficult,4,8,Expert_Survey_E03_PO.xlsx,Round 1
E03_PO,1,15-19,5+,145,Development,Programming,JSON,3 - Moderate / recurring,3,3 - Moderate,3,9,Expert_Survey_E03_PO.xlsx,Round 1
E03_PO,1,15-19,5+,146,Development,Programming,Markup Language,4 - Frequent / important,4,2 - Easy,2,8,Expert_Survey_E03_PO.xlsx,Round 1
E03_PO,1,15-19,5+,147,Development,Programming,Metadata,5 - Essential / continuous,5,3 - Moderate,3,15,Expert_Survey_E03_PO.xlsx,Round 1
E03_PO,1,15-19,5+,148,Development,Programming,Native Mobile App,3 - Moderate / recurring,3,5 - Very difficult,5,15,Expert_Survey_E03_PO.xlsx,Round 1
E03_PO,1,15-19,5+,149,Development,Programming,node.js,3 - Moderate / recurring,3,4 - Difficult,4,12,Expert_Survey_E03_PO.xlsx,Round 2
E03_PO,1,15-19,5+,150,Development,Programming,PWA,2 - Occasional / peripheral,2,4 - Difficult,4,8,Expert_Survey_E03_PO.xlsx,Round 1
E03_PO,1,15-19,5+,151,Development,Programming,Query Functions,4 - Frequent / important,4,3 - Moderate,3,12,Expert_Survey_E03_PO.xlsx,Round 1
E03_PO,1,15-19,5+,152,Development,Programming,Scripts,4 - Frequent / important,4,3 - Moderate,3,12,Expert_Survey_E03_PO.xlsx,Round 1
E03_PO,1,15-19,5+,153,Development,Programming,Snippets,3 - Moderate / recurring,3,3 - Moderate,3,9,Expert_Survey_E03_PO.xlsx,Round 1
E03_PO,1,15-19,5+,154,Development,Programming,TypeScript,2 - Occasional / peripheral,2,4 - Difficult,4,8,Expert_Survey_E03_PO.xlsx,Round 1
E03_PO,1,15-19,5+,155,Development,Programming,Web API,3 - Moderate / recurring,3,3 - Moderate,3,9,Expert_Survey_E03_PO.xlsx,Round 1
E03_PO,1,15-19,5+,156,Development,Programming,XML,3 - Moderate / recurring,3,3 - Moderate,3,9,Expert_Survey_E03_PO.xlsx,Round 1
E03_PO,1,15-19,5+,157,Implementation,Runtime server installation,+Cloud Based Environment,3 - Moderate / recurring,3,3 - Moderate,3,9,Expert_Survey_E03_PO.xlsx,Round 2
E03_PO,1,15-19,5+,158,Implementation,Runtime server installation,API,2 - Occasional / peripheral,2,3 - Moderate,3,6,Expert_Survey_E03_PO.xlsx,Round 1
E03_PO,1,15-19,5+,159,Implementation,Runtime server installation,Compiler Service,3 - Moderate / recurring,3,3 - Moderate,3,9,Expert_Survey_E03_PO.xlsx,Round 1
E03_PO,1,15-19,5+,160,Implementation,Runtime server installation,Database Synchronization,3 - Moderate / recurring,3,4 - Difficult,4,12,Expert_Survey_E03_PO.xlsx,Round 1
E03_PO,1,15-19,5+,161,Implementation,Runtime server installation,Deployment Controller Service,3 - Moderate / recurring,3,3 - Moderate,3,9,Expert_Survey_E03_PO.xlsx,Round 1
E03_PO,1,15-19,5+,162,Implementation,Runtime server installation,Email Server (SMTP),2 - Occasional / peripheral,2,4 - Difficult,4,8,Expert_Survey_E03_PO.xlsx,Round 1
E03_PO,1,15-19,5+,163,Implementation,Runtime server installation,File Storage,3 - Moderate / recurring,3,2 - Easy,2,6,Expert_Survey_E03_PO.xlsx,Round 1
E03_PO,1,15-19,5+,164,Implementation,Runtime server installation,HTTPS Server,3 - Moderate / recurring,3,3 - Moderate,3,9,Expert_Survey_E03_PO.xlsx,Round 2
E03_PO,1,15-19,5+,165,Implementation,Runtime server installation,Java,3 - Moderate / recurring,3,4 - Difficult,4,12,Expert_Survey_E03_PO.xlsx,Round 2
E03_PO,1,15-19,5+,166,Implementation,Runtime server installation,Load Balancing,2 - Occasional / peripheral,2,5 - Very difficult,5,10,Expert_Survey_E03_PO.xlsx,Round 1
E03_PO,1,15-19,5+,167,Implementation,Runtime server installation,Log Service,2 - Occasional / peripheral,2,4 - Difficult,4,8,Expert_Survey_E03_PO.xlsx,Round 1
E03_PO,1,15-19,5+,168,Implementation,Runtime server installation,Mobile App,3 - Moderate / recurring,3,3 - Moderate,3,9,Expert_Survey_E03_PO.xlsx,Round 1
E03_PO,1,15-19,5+,169,Implementation,Runtime server installation,OQL,3 - Moderate / recurring,3,3 - Moderate,3,9,Expert_Survey_E03_PO.xlsx,Round 1
E03_PO,1,15-19,5+,170,Implementation,Runtime server installation,Proxy server,3 - Moderate / recurring,3,4 - Difficult,4,12,Expert_Survey_E03_PO.xlsx,Round 1
E03_PO,1,15-19,5+,171,Implementation,Runtime server installation,Relational Database,4 - Frequent / important,4,4 - Difficult,4,16,Expert_Survey_E03_PO.xlsx,Round 2
E03_PO,1,15-19,5+,172,Implementation,Runtime server installation,REST API,3 - Moderate / recurring,3,2 - Easy,2,6,Expert_Survey_E03_PO.xlsx,Round 1
E03_PO,1,15-19,5+,173,Implementation,Runtime server installation,SAML Authentication,3 - Moderate / recurring,3,4 - Difficult,4,12,Expert_Survey_E03_PO.xlsx,Round 2
E03_PO,1,15-19,5+,174,Implementation,Runtime server installation,Scheduler Service,3 - Moderate / recurring,3,3 - Moderate,3,9,Expert_Survey_E03_PO.xlsx,Round 1
E03_PO,1,15-19,5+,175,Implementation,Runtime server installation,Shared Libraries,3 - Moderate / recurring,3,2 - Easy,2,6,Expert_Survey_E03_PO.xlsx,Round 1
E03_PO,1,15-19,5+,176,Implementation,Runtime server installation,SOAP,3 - Moderate / recurring,3,4 - Difficult,4,12,Expert_Survey_E03_PO.xlsx,Round 2
E03_PO,1,15-19,5+,177,Implementation,Runtime server installation,SSL Certificates,3 - Moderate / recurring,3,2 - Easy,2,6,Expert_Survey_E03_PO.xlsx,Round 1
E03_PO,1,15-19,5+,178,Implementation,Runtime server installation,Swagger,2 - Occasional / peripheral,2,2 - Easy,2,4,Expert_Survey_E03_PO.xlsx,Round 1
E03_PO,1,15-19,5+,179,Implementation,Runtime server installation,WSDL,3 - Moderate / recurring,3,4 - Difficult,4,12,Expert_Survey_E03_PO.xlsx,Round 1
E03_PO,1,15-19,5+,180,Implementation,Runtime server installation,XML/XPath,3 - Moderate / recurring,3,3 - Moderate,3,9,Expert_Survey_E03_PO.xlsx,Round 2
E03_PO,1,15-19,5+,181,Implementation,Database installation,+Embedded Database,3 - Moderate / recurring,3,1 - Very easy,1,3,Expert_Survey_E03_PO.xlsx,Round 1
E03_PO,1,15-19,5+,182,Implementation,Database installation,File Storage,3 - Moderate / recurring,3,2 - Easy,2,6,Expert_Survey_E03_PO.xlsx,Round 1
E03_PO,1,15-19,5+,183,Implementation,Database installation,Relational Database,4 - Frequent / important,4,4 - Difficult,4,16,Expert_Survey_E03_PO.xlsx,Round 2
E03_PO,1,15-19,5+,184,Implementation,Database installation,REST API,2 - Occasional / peripheral,2,2 - Easy,2,4,Expert_Survey_E03_PO.xlsx,Round 1
E03_PO,1,15-19,5+,185,Implementation,Client module installation,.NET Framework,3 - Moderate / recurring,3,3 - Moderate,3,9,Expert_Survey_E03_PO.xlsx,Round 2
E03_PO,1,15-19,5+,186,Implementation,Client module installation,+Mobile App,3 - Moderate / recurring,3,2 - Easy,2,6,Expert_Survey_E03_PO.xlsx,Round 1
E03_PO,1,15-19,5+,187,Implementation,Client module installation,+Web Browser,5 - Essential / continuous,5,1 - Very easy,1,5,Expert_Survey_E03_PO.xlsx,Round 1
E03_PO,1,15-19,5+,188,Implementation,Client module installation,API,3 - Moderate / recurring,3,2 - Easy,2,6,Expert_Survey_E03_PO.xlsx,Round 1
E03_PO,1,15-19,5+,189,Implementation,Client module installation,Binaries,3 - Moderate / recurring,3,2 - Easy,2,6,Expert_Survey_E03_PO.xlsx,Round 1
E03_PO,1,15-19,5+,190,Implementation,Client module installation,HTTPS Server,4 - Frequent / important,4,3 - Moderate,3,12,Expert_Survey_E03_PO.xlsx,Round 1
E03_PO,1,15-19,5+,191,Implementation,Client module installation,URL Configuration,4 - Frequent / important,4,2 - Easy,2,8,Expert_Survey_E03_PO.xlsx,Round 1
E03_PO,1,15-19,5+,192,Implementation,Client module installation,Web Services,3 - Moderate / recurring,3,3 - Moderate,3,9,Expert_Survey_E03_PO.xlsx,Round 1
E03_PO,1,15-19,5+,193,Implementation,Deployment,+App Gallery,4 - Frequent / important,4,3 - Moderate,3,12,Expert_Survey_E03_PO.xlsx,Round 1
E03_PO,1,15-19,5+,194,Implementation,Deployment,+Software as a Service,3 - Moderate / recurring,3,4 - Difficult,4,12,Expert_Survey_E03_PO.xlsx,Round 1
E03_PO,1,15-19,5+,195,Implementation,Deployment,Application IDE,3 - Moderate / recurring,3,3 - Moderate,3,9,Expert_Survey_E03_PO.xlsx,Round 1
E03_PO,1,15-19,5+,196,Implementation,Deployment,CI/CD,4 - Frequent / important,4,5 - Very difficult,5,20,Expert_Survey_E03_PO.xlsx,Round 2
E03_PO,1,15-19,5+,197,Implementation,Deployment,Cloud Computing,4 - Frequent / important,4,4 - Difficult,4,16,Expert_Survey_E03_PO.xlsx,Round 1
E03_PO,1,15-19,5+,198,Implementation,Deployment,Cloud Services,4 - Frequent / important,4,4 - Difficult,4,16,Expert_Survey_E03_PO.xlsx,Round 1
E03_PO,1,15-19,5+,199,Implementation,Deployment,Docker,4 - Frequent / important,4,4 - Difficult,4,16,Expert_Survey_E03_PO.xlsx,Round 2
E03_PO,1,15-19,5+,200,Implementation,Deployment,Import/Export,4 - Frequent / important,4,3 - Moderate,3,12,Expert_Survey_E03_PO.xlsx,Round 1
E03_PO,1,15-19,5+,201,Implementation,Deployment,Kubernetes,3 - Moderate / recurring,3,5 - Very difficult,5,15,Expert_Survey_E03_PO.xlsx,Round 2
E03_PO,1,15-19,5+,202,Implementation,Deployment,On-Premise,3 - Moderate / recurring,3,3 - Moderate,3,9,Expert_Survey_E03_PO.xlsx,Round 1
E03_PO,1,15-19,5+,203,Implementation,Deployment,On-premises Data Gateway,3 - Moderate / recurring,3,4 - Difficult,4,12,Expert_Survey_E03_PO.xlsx,Round 1
E03_PO,1,15-19,5+,204,Implementation,Deployment,REST API,3 - Moderate / recurring,3,3 - Moderate,3,9,Expert_Survey_E03_PO.xlsx,Round 1
E03_PO,1,15-19,5+,205,Implementation,Deployment,Scripts,4 - Frequent / important,4,4 - Difficult,4,16,Expert_Survey_E03_PO.xlsx,Round 2
E03_PO,1,15-19,5+,206,Implementation,Deployment,SOAP,3 - Moderate / recurring,3,4 - Difficult,4,12,Expert_Survey_E03_PO.xlsx,Round 2
E03_PO,1,15-19,5+,207,Implementation,Version control,Code Repository Concept,4 - Frequent / important,4,3 - Moderate,3,12,Expert_Survey_E03_PO.xlsx,Round 2
E03_PO,1,15-19,5+,208,Implementation,Version control,Custom Version Control,4 - Frequent / important,4,4 - Difficult,4,16,Expert_Survey_E03_PO.xlsx,Round 2
E03_PO,1,15-19,5+,209,Implementation,Version control,Git,4 - Frequent / important,4,3 - Moderate,3,12,Expert_Survey_E03_PO.xlsx,Round 2
E04_JS,1,15-19,3,1,Design,Workflow model,+BPMN Process Model,5 - Essential / continuous,5,2 - Easy,2,10,Expert_Survey_E04_JS.xlsx,Round 1
E04_JS,1,15-19,3,2,Design,Workflow model,Custom Process Model,4 - Frequent / important,4,4 - Difficult,4,16,Expert_Survey_E04_JS.xlsx,Round 2
E04_JS,1,15-19,3,3,Design,Database model,+Business Data Types,5 - Essential / continuous,5,2 - Easy,2,10,Expert_Survey_E04_JS.xlsx,Round 1
E04_JS,1,15-19,3,4,Design,Database model,+Form-based Data,4 - Frequent / important,4,2 - Easy,2,8,Expert_Survey_E04_JS.xlsx,Round 1
E04_JS,1,15-19,3,5,Design,Database model,+Item-Detail,3 - Moderate / recurring,3,3 - Moderate,3,9,Expert_Survey_E04_JS.xlsx,Round 1
E04_JS,1,15-19,3,6,Design,Database model,+Lookup/Drop-down,2 - Occasional / peripheral,2,3 - Moderate,3,6,Expert_Survey_E04_JS.xlsx,Round 1
E04_JS,1,15-19,3,7,Design,Database model,+Predefined Entities,1 - Rare / avoidable,1,1 - Very easy,1,1,Expert_Survey_E04_JS.xlsx,Round 1
E04_JS,1,15-19,3,8,Design,Database model,Domain Model,4 - Frequent / important,4,4 - Difficult,4,16,Expert_Survey_E04_JS.xlsx,Round 1
E04_JS,1,15-19,3,9,Design,Database model,Conditional Expressions,4 - Frequent / important,4,2 - Easy,2,8,Expert_Survey_E04_JS.xlsx,Round 1
E04_JS,1,15-19,3,10,Design,Database model,Constraints,4 - Frequent / important,4,3 - Moderate,3,12,Expert_Survey_E04_JS.xlsx,Round 1
E04_JS,1,15-19,3,11,Design,Database model,Data Structure,4 - Frequent / important,4,4 - Difficult,4,16,Expert_Survey_E04_JS.xlsx,Round 1
E04_JS,1,15-19,3,12,Design,Database model,IT Data Types,2 - Occasional / peripheral,2,4 - Difficult,4,8,Expert_Survey_E04_JS.xlsx,Round 1
E04_JS,1,15-19,3,13,Design,Database model,Denormalization,2 - Occasional / peripheral,2,5 - Very difficult,5,10,Expert_Survey_E04_JS.xlsx,Round 1
E04_JS,1,15-19,3,14,Design,Database model,Entity Diagrams,3 - Moderate / recurring,3,3 - Moderate,3,9,Expert_Survey_E04_JS.xlsx,Round 1
E04_JS,1,15-19,3,15,Design,Database model,Enumerations,4 - Frequent / important,4,4 - Difficult,4,16,Expert_Survey_E04_JS.xlsx,Round 1
E04_JS,1,15-19,3,16,Design,Database model,Expressions,3 - Moderate / recurring,3,4 - Difficult,4,12,Expert_Survey_E04_JS.xlsx,Round 1
E04_JS,1,15-19,3,17,Design,Database model,Relational Database,3 - Moderate / recurring,3,3 - Moderate,3,9,Expert_Survey_E04_JS.xlsx,Round 2
E04_JS,1,15-19,3,18,Design,Database model,XML/XPath,3 - Moderate / recurring,3,5 - Very difficult,5,15,Expert_Survey_E04_JS.xlsx,Round 2
E04_JS,1,15-19,3,19,Design,UI model,+App templates,3 - Moderate / recurring,3,2 - Easy,2,6,Expert_Survey_E04_JS.xlsx,Round 1
E04_JS,1,15-19,3,20,Design,UI model,+Business Data Types,3 - Moderate / recurring,3,2 - Easy,2,6,Expert_Survey_E04_JS.xlsx,Round 1
E04_JS,1,15-19,3,21,Design,UI model,+Screen Templates,3 - Moderate / recurring,3,2 - Easy,2,6,Expert_Survey_E04_JS.xlsx,Round 1
E04_JS,1,15-19,3,22,Design,UI model,+UI Branding,2 - Occasional / peripheral,2,2 - Easy,2,4,Expert_Survey_E04_JS.xlsx,Round 1
E04_JS,1,15-19,3,23,Design,UI model,+View Types,5 - Essential / continuous,5,2 - Easy,2,10,Expert_Survey_E04_JS.xlsx,Round 1
E04_JS,1,15-19,3,24,Design,UI model,Expressions,4 - Frequent / important,4,4 - Difficult,4,16,Expert_Survey_E04_JS.xlsx,Round 2
E04_JS,1,15-19,3,25,Design,UI model,IT Data Types,4 - Frequent / important,4,3 - Moderate,3,12,Expert_Survey_E04_JS.xlsx,Round 1
E04_JS,1,15-19,3,26,Design,UI model,Functions,4 - Frequent / important,4,4 - Difficult,4,16,Expert_Survey_E04_JS.xlsx,Round 2
E04_JS,1,15-19,3,27,Design,UI model,Model-driven Apps,4 - Frequent / important,4,4 - Difficult,4,16,Expert_Survey_E04_JS.xlsx,Round 2
E04_JS,1,15-19,3,28,Design,UI model,Reactive Web App,4 - Frequent / important,4,4 - Difficult,4,16,Expert_Survey_E04_JS.xlsx,Round 2
E04_JS,1,15-19,3,29,Design,UI model,Responsive Web Design,4 - Frequent / important,4,4 - Difficult,4,16,Expert_Survey_E04_JS.xlsx,Round 2
E04_JS,1,15-19,3,30,Design,UI model,Variables,5 - Essential / continuous,5,3 - Moderate,3,15,Expert_Survey_E04_JS.xlsx,Round 1
E04_JS,1,15-19,3,31,Design,Validations,+Business Rules,4 - Frequent / important,4,3 - Moderate,3,12,Expert_Survey_E04_JS.xlsx,Round 1
E04_JS,1,15-19,3,32,Design,Validations,+Lookup/Drop-down,4 - Frequent / important,4,3 - Moderate,3,12,Expert_Survey_E04_JS.xlsx,Round 1
E04_JS,1,15-19,3,33,Design,Validations,Expressions,4 - Frequent / important,4,4 - Difficult,4,16,Expert_Survey_E04_JS.xlsx,Round 1
E04_JS,1,15-19,3,34,Design,Validations,Enumerations,4 - Frequent / important,4,3 - Moderate,3,12,Expert_Survey_E04_JS.xlsx,Round 1
E04_JS,1,15-19,3,35,Design,Validations,JavaScript,3 - Moderate / recurring,3,5 - Very difficult,5,15,Expert_Survey_E04_JS.xlsx,Round 2
E04_JS,1,15-19,3,36,Design,Validations,Scripts,3 - Moderate / recurring,3,5 - Very difficult,5,15,Expert_Survey_E04_JS.xlsx,Round 2
E04_JS,1,15-19,3,37,Design,Validations,Transactions,3 - Moderate / recurring,3,4 - Difficult,4,12,Expert_Survey_E04_JS.xlsx,Round 2
E04_JS,1,15-19,3,38,Design,Application logic,+Actions,3 - Moderate / recurring,3,3 - Moderate,3,9,Expert_Survey_E04_JS.xlsx,Round 1
E04_JS,1,15-19,3,39,Design,Application logic,+Graphical actions,3 - Moderate / recurring,3,2 - Easy,2,6,Expert_Survey_E04_JS.xlsx,Round 1
E04_JS,1,15-19,3,40,Design,Application logic,+NLP,3 - Moderate / recurring,3,2 - Easy,2,6,Expert_Survey_E04_JS.xlsx,Round 1
E04_JS,1,15-19,3,41,Design,Application logic,+Custom Language,4 - Frequent / important,4,3 - Moderate,3,12,Expert_Survey_E04_JS.xlsx,Round 1
E04_JS,1,15-19,3,42,Design,Application logic,+Predefined Tasks,4 - Frequent / important,4,3 - Moderate,3,12,Expert_Survey_E04_JS.xlsx,Round 1
E04_JS,1,15-19,3,43,Design,Application logic,UML,3 - Moderate / recurring,3,4 - Difficult,4,12,Expert_Survey_E04_JS.xlsx,Round 2
E04_JS,1,15-19,3,44,Design,Application logic,Algorithms,5 - Essential / continuous,5,3 - Moderate,3,15,Expert_Survey_E04_JS.xlsx,Round 1
E04_JS,1,15-19,3,45,Design,Application logic,Expressions,5 - Essential / continuous,5,2 - Easy,2,10,Expert_Survey_E04_JS.xlsx,Round 1
E04_JS,1,15-19,3,46,Design,Application logic,Control Structures,4 - Frequent / important,4,3 - Moderate,3,12,Expert_Survey_E04_JS.xlsx,Round 1
E04_JS,1,15-19,3,47,Design,Application logic,IT Data Types,5 - Essential / continuous,5,3 - Moderate,3,15,Expert_Survey_E04_JS.xlsx,Round 1
E04_JS,1,15-19,3,48,Design,Application logic,Events,4 - Frequent / important,4,3 - Moderate,3,12,Expert_Survey_E04_JS.xlsx,Round 1
E04_JS,1,15-19,3,49,Design,Application logic,Formulas,4 - Frequent / important,4,4 - Difficult,4,16,Expert_Survey_E04_JS.xlsx,Round 2
E04_JS,1,15-19,3,50,Design,Application logic,Functions,4 - Frequent / important,4,4 - Difficult,4,16,Expert_Survey_E04_JS.xlsx,Round 2
E04_JS,1,15-19,3,51,Design,Application logic,Java,3 - Moderate / recurring,3,5 - Very difficult,5,15,Expert_Survey_E04_JS.xlsx,Round 2
E04_JS,1,15-19,3,52,Design,Application logic,JavaScript,3 - Moderate / recurring,3,5 - Very difficult,5,15,Expert_Survey_E04_JS.xlsx,Round 2
E04_JS,1,15-19,3,53,Design,Application logic,Microservices,3 - Moderate / recurring,3,5 - Very difficult,5,15,Expert_Survey_E04_JS.xlsx,Round 2
E04_JS,1,15-19,3,54,Design,Application logic,SQL,3 - Moderate / recurring,3,5 - Very difficult,5,15,Expert_Survey_E04_JS.xlsx,Round 2
E04_JS,1,15-19,3,55,Design,Application logic,Variables,5 - Essential / continuous,5,3 - Moderate,3,15,Expert_Survey_E04_JS.xlsx,Round 1
E04_JS,1,15-19,3,56,Development,Workflow design and development,+BPMN Process Model,3 - Moderate / recurring,3,2 - Easy,2,6,Expert_Survey_E04_JS.xlsx,Round 1
E04_JS,1,15-19,3,57,Development,Workflow design and development,Expressions,4 - Frequent / important,4,4 - Difficult,4,16,Expert_Survey_E04_JS.xlsx,Round 1
E04_JS,1,15-19,3,58,Development,Workflow design and development,Custom Process Model,3 - Moderate / recurring,3,4 - Difficult,4,12,Expert_Survey_E04_JS.xlsx,Round 1
E04_JS,1,15-19,3,59,Development,Workflow design and development,Events,3 - Moderate / recurring,3,3 - Moderate,3,9,Expert_Survey_E04_JS.xlsx,Round 1
E04_JS,1,15-19,3,60,Development,Workflow design and development,Java API,3 - Moderate / recurring,3,5 - Very difficult,5,15,Expert_Survey_E04_JS.xlsx,Round 2
E04_JS,1,15-19,3,61,Development,Workflow design and development,JavaScript,3 - Moderate / recurring,3,5 - Very difficult,5,15,Expert_Survey_E04_JS.xlsx,Round 2
E04_JS,1,15-19,3,62,Development,Workflow design and development,REST API,3 - Moderate / recurring,3,5 - Very difficult,5,15,Expert_Survey_E04_JS.xlsx,Round 1
E04_JS,1,15-19,3,63,Development,Workflow design and development,Triggers,4 - Frequent / important,4,3 - Moderate,3,12,Expert_Survey_E04_JS.xlsx,Round 1
E04_JS,1,15-19,3,64,Development,Database design,+Business Data Types,5 - Essential / continuous,5,2 - Easy,2,10,Expert_Survey_E04_JS.xlsx,Round 1
E04_JS,1,15-19,3,65,Development,Database design,+Custom Database Model,5 - Essential / continuous,5,3 - Moderate,3,15,Expert_Survey_E04_JS.xlsx,Round 1
E04_JS,1,15-19,3,66,Development,Database design,+References,4 - Frequent / important,4,3 - Moderate,3,12,Expert_Survey_E04_JS.xlsx,Round 1
E04_JS,1,15-19,3,67,Development,Database design,+Slices,4 - Frequent / important,4,3 - Moderate,3,12,Expert_Survey_E04_JS.xlsx,Round 1
E04_JS,1,15-19,3,68,Development,Database design,Actions,4 - Frequent / important,4,3 - Moderate,3,12,Expert_Survey_E04_JS.xlsx,Round 1
E04_JS,1,15-19,3,69,Development,Database design,Expressions,3 - Moderate / recurring,3,4 - Difficult,4,12,Expert_Survey_E04_JS.xlsx,Round 1
E04_JS,1,15-19,3,70,Development,Database design,Relational Database,4 - Frequent / important,4,5 - Very difficult,5,20,Expert_Survey_E04_JS.xlsx,Round 1
E04_JS,1,15-19,3,71,Development,Database design,Entity Diagrams,4 - Frequent / important,4,3 - Moderate,3,12,Expert_Survey_E04_JS.xlsx,Round 1
E04_JS,1,15-19,3,72,Development,Database design,Functions,3 - Moderate / recurring,3,5 - Very difficult,5,15,Expert_Survey_E04_JS.xlsx,Round 1
E04_JS,1,15-19,3,73,Development,Database design,SQL,4 - Frequent / important,4,5 - Very difficult,5,20,Expert_Survey_E04_JS.xlsx,Round 1
E04_JS,1,15-19,3,74,Development,Database design,IT Data Types,5 - Essential / continuous,5,3 - Moderate,3,15,Expert_Survey_E04_JS.xlsx,Round 1
E04_JS,1,15-19,3,75,Development,Database design,Web API,3 - Moderate / recurring,3,5 - Very difficult,5,15,Expert_Survey_E04_JS.xlsx,Round 1
E04_JS,1,15-19,3,76,Development,Fetching data,.NET,3 - Moderate / recurring,3,5 - Very difficult,5,15,Expert_Survey_E04_JS.xlsx,Round 1
E04_JS,1,15-19,3,77,Development,Fetching data,+Cloud-based Spreadsheets,4 - Frequent / important,4,3 - Moderate,3,12,Expert_Survey_E04_JS.xlsx,Round 1
E04_JS,1,15-19,3,78,Development,Fetching data,+GUI Queries,4 - Frequent / important,4,3 - Moderate,3,12,Expert_Survey_E04_JS.xlsx,Round 1
E04_JS,1,15-19,3,79,Development,Fetching data,+Human Language,2 - Occasional / peripheral,2,2 - Easy,2,4,Expert_Survey_E04_JS.xlsx,Round 1
E04_JS,1,15-19,3,80,Development,Fetching data,+Integrated Data Sources,3 - Moderate / recurring,3,2 - Easy,2,6,Expert_Survey_E04_JS.xlsx,Round 1
E04_JS,1,15-19,3,81,Development,Fetching data,Cloud Services,2 - Occasional / peripheral,2,4 - Difficult,4,8,Expert_Survey_E04_JS.xlsx,Round 1
E04_JS,1,15-19,3,82,Development,Fetching data,Custom Query Language,2 - Occasional / peripheral,2,4 - Difficult,4,8,Expert_Survey_E04_JS.xlsx,Round 1
E04_JS,1,15-19,3,83,Development,Fetching data,Data Source Integration,2 - Occasional / peripheral,2,5 - Very difficult,5,10,Expert_Survey_E04_JS.xlsx,Round 1
E04_JS,1,15-19,3,84,Development,Fetching data,Formulas,2 - Occasional / peripheral,2,3 - Moderate,3,6,Expert_Survey_E04_JS.xlsx,Round 1
E04_JS,1,15-19,3,85,Development,Fetching data,Local Storage,2 - Occasional / peripheral,2,3 - Moderate,3,6,Expert_Survey_E04_JS.xlsx,Round 1
E04_JS,1,15-19,3,86,Development,Fetching data,OAuth,2 - Occasional / peripheral,2,4 - Difficult,4,8,Expert_Survey_E04_JS.xlsx,Round 1
E04_JS,1,15-19,3,87,Development,Fetching data,REST API,2 - Occasional / peripheral,2,4 - Difficult,4,8,Expert_Survey_E04_JS.xlsx,Round 1
E04_JS,1,15-19,3,88,Development,Fetching data,SDK,2 - Occasional / peripheral,2,4 - Difficult,4,8,Expert_Survey_E04_JS.xlsx,Round 1
E04_JS,1,15-19,3,89,Development,Fetching data,SQL,2 - Occasional / peripheral,2,4 - Difficult,4,8,Expert_Survey_E04_JS.xlsx,Round 1
E04_JS,1,15-19,3,90,Development,Fetching data,URL,2 - Occasional / peripheral,2,2 - Easy,2,4,Expert_Survey_E04_JS.xlsx,Round 1
E04_JS,1,15-19,3,91,Development,Fetching data,Web API,2 - Occasional / peripheral,2,4 - Difficult,4,8,Expert_Survey_E04_JS.xlsx,Round 1
E04_JS,1,15-19,3,92,Development,GUI design and development,+AI Support,2 - Occasional / peripheral,2,2 - Easy,2,4,Expert_Survey_E04_JS.xlsx,Round 1
E04_JS,1,15-19,3,93,Development,GUI design and development,+Business Data Types,4 - Frequent / important,4,2 - Easy,2,8,Expert_Survey_E04_JS.xlsx,Round 1
E04_JS,1,15-19,3,94,Development,GUI design and development,+Conditional Formatting,5 - Essential / continuous,5,2 - Easy,2,10,Expert_Survey_E04_JS.xlsx,Round 1
E04_JS,1,15-19,3,95,Development,GUI design and development,+GUI Style Editor,5 - Essential / continuous,5,2 - Easy,2,10,Expert_Survey_E04_JS.xlsx,Round 1
E04_JS,1,15-19,3,96,Development,GUI design and development,+Templatized Formulas,5 - Essential / continuous,5,2 - Easy,2,10,Expert_Survey_E04_JS.xlsx,Round 1
E04_JS,1,15-19,3,97,Development,GUI design and development,+UI Branding,2 - Occasional / peripheral,2,2 - Easy,2,4,Expert_Survey_E04_JS.xlsx,Round 1
E04_JS,1,15-19,3,98,Development,GUI design and development,+View Types,4 - Frequent / important,4,2 - Easy,2,8,Expert_Survey_E04_JS.xlsx,Round 1
E04_JS,1,15-19,3,99,Development,GUI design and development,+WYSIWYG,3 - Moderate / recurring,3,3 - Moderate,3,9,Expert_Survey_E04_JS.xlsx,Round 1
E04_JS,1,15-19,3,100,Development,GUI design and development,CSS/SCSS,2 - Occasional / peripheral,2,4 - Difficult,4,8,Expert_Survey_E04_JS.xlsx,Round 1
E04_JS,1,15-19,3,101,Development,GUI design and development,Event Propagation,3 - Moderate / recurring,3,4 - Difficult,4,12,Expert_Survey_E04_JS.xlsx,Round 1
E04_JS,1,15-19,3,102,Development,GUI design and development,Responsive Web Design,4 - Frequent / important,4,4 - Difficult,4,16,Expert_Survey_E04_JS.xlsx,Round 1
E04_JS,1,15-19,3,103,Development,GUI design and development,HTML,4 - Frequent / important,4,4 - Difficult,4,16,Expert_Survey_E04_JS.xlsx,Round 1
E04_JS,1,15-19,3,104,Development,GUI design and development,IT Data Types,5 - Essential / continuous,5,3 - Moderate,3,15,Expert_Survey_E04_JS.xlsx,Round 1
E04_JS,1,15-19,3,105,Development,GUI design and development,JavaScript,3 - Moderate / recurring,3,5 - Very difficult,5,15,Expert_Survey_E04_JS.xlsx,Round 1
E04_JS,1,15-19,3,106,Development,GUI design and development,Master Detail,5 - Essential / continuous,5,2 - Easy,2,10,Expert_Survey_E04_JS.xlsx,Round 1
E04_JS,1,15-19,3,107,Development,GUI design and development,Programming Functions,3 - Moderate / recurring,3,4 - Difficult,4,12,Expert_Survey_E04_JS.xlsx,Round 2
E04_JS,1,15-19,3,108,Development,GUI design and development,Scripts,4 - Frequent / important,4,4 - Difficult,4,16,Expert_Survey_E04_JS.xlsx,Round 1
E04_JS,1,15-19,3,109,Development,GUI design and development,Snippets,3 - Moderate / recurring,3,5 - Very difficult,5,15,Expert_Survey_E04_JS.xlsx,Round 1
E04_JS,1,15-19,3,110,Development,GUI design and development,Variables,5 - Essential / continuous,5,3 - Moderate,3,15,Expert_Survey_E04_JS.xlsx,Round 1
E04_JS,1,15-19,3,111,Development,GUI design and development,XML,3 - Moderate / recurring,3,4 - Difficult,4,12,Expert_Survey_E04_JS.xlsx,Round 2
E04_JS,1,15-19,3,112,Development,Data validation development,+Business Rules,4 - Frequent / important,4,3 - Moderate,3,12,Expert_Survey_E04_JS.xlsx,Round 1
E04_JS,1,15-19,3,113,Development,Data validation development,+Column Expressions,4 - Frequent / important,4,3 - Moderate,3,12,Expert_Survey_E04_JS.xlsx,Round 1
E04_JS,1,15-19,3,114,Development,Data validation development,Expressions,4 - Frequent / important,4,3 - Moderate,3,12,Expert_Survey_E04_JS.xlsx,Round 1
E04_JS,1,15-19,3,115,Development,Data validation development,Data Fields,4 - Frequent / important,4,3 - Moderate,3,12,Expert_Survey_E04_JS.xlsx,Round 2
E04_JS,1,15-19,3,116,Development,Data validation development,Domain Model,4 - Frequent / important,4,4 - Difficult,4,16,Expert_Survey_E04_JS.xlsx,Round 2
E04_JS,1,15-19,3,117,Development,Data validation development,Scripts,3 - Moderate / recurring,3,4 - Difficult,4,12,Expert_Survey_E04_JS.xlsx,Round 1
E04_JS,1,15-19,3,118,Development,Actions design and development,+AI Assisted Development,2 - Occasional / peripheral,2,2 - Easy,2,4,Expert_Survey_E04_JS.xlsx,Round 1
E04_JS,1,15-19,3,119,Development,Actions design and development,+Automations,4 - Frequent / important,4,3 - Moderate,3,12,Expert_Survey_E04_JS.xlsx,Round 1
E04_JS,1,15-19,3,120,Development,Actions design and development,+Built-in Connectors,4 - Frequent / important,4,2 - Easy,2,8,Expert_Survey_E04_JS.xlsx,Round 1
E04_JS,1,15-19,3,121,Development,Actions design and development,API,3 - Moderate / recurring,3,5 - Very difficult,5,15,Expert_Survey_E04_JS.xlsx,Round 1
E04_JS,1,15-19,3,122,Development,Actions design and development,Expressions,5 - Essential / continuous,5,4 - Difficult,4,20,Expert_Survey_E04_JS.xlsx,Round 1
E04_JS,1,15-19,3,123,Development,Actions design and development,Functions,4 - Frequent / important,4,4 - Difficult,4,16,Expert_Survey_E04_JS.xlsx,Round 2
E04_JS,1,15-19,3,124,Development,Actions design and development,Java,3 - Moderate / recurring,3,5 - Very difficult,5,15,Expert_Survey_E04_JS.xlsx,Round 2
E04_JS,1,15-19,3,125,Development,Actions design and development,JavaScript,3 - Moderate / recurring,3,5 - Very difficult,5,15,Expert_Survey_E04_JS.xlsx,Round 2
E04_JS,1,15-19,3,126,Development,Actions design and development,Object Model,3 - Moderate / recurring,3,4 - Difficult,4,12,Expert_Survey_E04_JS.xlsx,Round 1
E04_JS,1,15-19,3,127,Development,Actions design and development,Scripts,4 - Frequent / important,4,4 - Difficult,4,16,Expert_Survey_E04_JS.xlsx,Round 1
E04_JS,1,15-19,3,128,Development,Actions design and development,SOAP,2 - Occasional / peripheral,2,5 - Very difficult,5,10,Expert_Survey_E04_JS.xlsx,Round 1
E04_JS,1,15-19,3,129,Development,Programming,.NET,2 - Occasional / peripheral,2,5 - Very difficult,5,10,Expert_Survey_E04_JS.xlsx,Round 1
E04_JS,1,15-19,3,130,Development,Programming,+Visual Programming,5 - Essential / continuous,5,3 - Moderate,3,15,Expert_Survey_E04_JS.xlsx,Round 1
E04_JS,1,15-19,3,131,Development,Programming,Expressions,5 - Essential / continuous,5,3 - Moderate,3,15,Expert_Survey_E04_JS.xlsx,Round 2
E04_JS,1,15-19,3,132,Development,Programming,CLI,1 - Rare / avoidable,1,5 - Very difficult,5,5,Expert_Survey_E04_JS.xlsx,Round 1
E04_JS,1,15-19,3,133,Development,Programming,IT Data Types,5 - Essential / continuous,5,3 - Moderate,3,15,Expert_Survey_E04_JS.xlsx,Round 1
E04_JS,1,15-19,3,134,Development,Programming,Eclipse,3 - Moderate / recurring,3,4 - Difficult,4,12,Expert_Survey_E04_JS.xlsx,Round 1
E04_JS,1,15-19,3,135,Development,Programming,Emulators,1 - Rare / avoidable,1,4 - Difficult,4,4,Expert_Survey_E04_JS.xlsx,Round 1
E04_JS,1,15-19,3,136,Development,Programming,Entity Types,5 - Essential / continuous,5,3 - Moderate,3,15,Expert_Survey_E04_JS.xlsx,Round 1
E04_JS,1,15-19,3,137,Development,Programming,Enumerations,5 - Essential / continuous,5,3 - Moderate,3,15,Expert_Survey_E04_JS.xlsx,Round 1
E04_JS,1,15-19,3,138,Development,Programming,Functions,3 - Moderate / recurring,3,4 - Difficult,4,12,Expert_Survey_E04_JS.xlsx,Round 1
E04_JS,1,15-19,3,139,Development,Programming,HTML,2 - Occasional / peripheral,2,3 - Moderate,3,6,Expert_Survey_E04_JS.xlsx,Round 1
E04_JS,1,15-19,3,140,Development,Programming,SDK/IDE,2 - Occasional / peripheral,2,5 - Very difficult,5,10,Expert_Survey_E04_JS.xlsx,Round 1
E04_JS,1,15-19,3,141,Development,Programming,Iteration Statements,4 - Frequent / important,4,3 - Moderate,3,12,Expert_Survey_E04_JS.xlsx,Round 1
E04_JS,1,15-19,3,142,Development,Programming,Java,2 - Occasional / peripheral,2,5 - Very difficult,5,10,Expert_Survey_E04_JS.xlsx,Round 1
E04_JS,1,15-19,3,143,Development,Programming,Java API,2 - Occasional / peripheral,2,5 - Very difficult,5,10,Expert_Survey_E04_JS.xlsx,Round 1
E04_JS,1,15-19,3,144,Development,Programming,JavaScript,2 - Occasional / peripheral,2,5 - Very difficult,5,10,Expert_Survey_E04_JS.xlsx,Round 1
E04_JS,1,15-19,3,145,Development,Programming,JSON,4 - Frequent / important,4,4 - Difficult,4,16,Expert_Survey_E04_JS.xlsx,Round 1
E04_JS,1,15-19,3,146,Development,Programming,Markup Language,3 - Moderate / recurring,3,2 - Easy,2,6,Expert_Survey_E04_JS.xlsx,Round 1
E04_JS,1,15-19,3,147,Development,Programming,Metadata,5 - Essential / continuous,5,3 - Moderate,3,15,Expert_Survey_E04_JS.xlsx,Round 1
E04_JS,1,15-19,3,148,Development,Programming,Native Mobile App,4 - Frequent / important,4,5 - Very difficult,5,20,Expert_Survey_E04_JS.xlsx,Round 1
E04_JS,1,15-19,3,149,Development,Programming,node.js,3 - Moderate / recurring,3,4 - Difficult,4,12,Expert_Survey_E04_JS.xlsx,Round 2
E04_JS,1,15-19,3,150,Development,Programming,PWA,2 - Occasional / peripheral,2,5 - Very difficult,5,10,Expert_Survey_E04_JS.xlsx,Round 1
E04_JS,1,15-19,3,151,Development,Programming,Query Functions,4 - Frequent / important,4,3 - Moderate,3,12,Expert_Survey_E04_JS.xlsx,Round 1
E04_JS,1,15-19,3,152,Development,Programming,Scripts,3 - Moderate / recurring,3,4 - Difficult,4,12,Expert_Survey_E04_JS.xlsx,Round 1
E04_JS,1,15-19,3,153,Development,Programming,Snippets,2 - Occasional / peripheral,2,4 - Difficult,4,8,Expert_Survey_E04_JS.xlsx,Round 1
E04_JS,1,15-19,3,154,Development,Programming,TypeScript,3 - Moderate / recurring,3,4 - Difficult,4,12,Expert_Survey_E04_JS.xlsx,Round 1
E04_JS,1,15-19,3,155,Development,Programming,Web API,2 - Occasional / peripheral,2,5 - Very difficult,5,10,Expert_Survey_E04_JS.xlsx,Round 1
E04_JS,1,15-19,3,156,Development,Programming,XML,4 - Frequent / important,4,3 - Moderate,3,12,Expert_Survey_E04_JS.xlsx,Round 1
E04_JS,1,15-19,3,157,Implementation,Runtime server installation,+Cloud Based Environment,5 - Essential / continuous,5,4 - Difficult,4,20,Expert_Survey_E04_JS.xlsx,Round 2
E04_JS,1,15-19,3,158,Implementation,Runtime server installation,API,2 - Occasional / peripheral,2,5 - Very difficult,5,10,Expert_Survey_E04_JS.xlsx,Round 1
E04_JS,1,15-19,3,159,Implementation,Runtime server installation,Compiler Service,3 - Moderate / recurring,3,5 - Very difficult,5,15,Expert_Survey_E04_JS.xlsx,Round 1
E04_JS,1,15-19,3,160,Implementation,Runtime server installation,Database Synchronization,3 - Moderate / recurring,3,5 - Very difficult,5,15,Expert_Survey_E04_JS.xlsx,Round 1
E04_JS,1,15-19,3,161,Implementation,Runtime server installation,Deployment Controller Service,3 - Moderate / recurring,3,5 - Very difficult,5,15,Expert_Survey_E04_JS.xlsx,Round 1
E04_JS,1,15-19,3,162,Implementation,Runtime server installation,Email Server (SMTP),3 - Moderate / recurring,3,4 - Difficult,4,12,Expert_Survey_E04_JS.xlsx,Round 1
E04_JS,1,15-19,3,163,Implementation,Runtime server installation,File Storage,4 - Frequent / important,4,4 - Difficult,4,16,Expert_Survey_E04_JS.xlsx,Round 1
E04_JS,1,15-19,3,164,Implementation,Runtime server installation,HTTPS Server,4 - Frequent / important,4,4 - Difficult,4,16,Expert_Survey_E04_JS.xlsx,Round 2
E04_JS,1,15-19,3,165,Implementation,Runtime server installation,Java,4 - Frequent / important,4,4 - Difficult,4,16,Expert_Survey_E04_JS.xlsx,Round 2
E04_JS,1,15-19,3,166,Implementation,Runtime server installation,Load Balancing,2 - Occasional / peripheral,2,4 - Difficult,4,8,Expert_Survey_E04_JS.xlsx,Round 1
E04_JS,1,15-19,3,167,Implementation,Runtime server installation,Log Service,2 - Occasional / peripheral,2,3 - Moderate,3,6,Expert_Survey_E04_JS.xlsx,Round 1
E04_JS,1,15-19,3,168,Implementation,Runtime server installation,Mobile App,4 - Frequent / important,4,3 - Moderate,3,12,Expert_Survey_E04_JS.xlsx,Round 1
E04_JS,1,15-19,3,169,Implementation,Runtime server installation,OQL,3 - Moderate / recurring,3,4 - Difficult,4,12,Expert_Survey_E04_JS.xlsx,Round 1
E04_JS,1,15-19,3,170,Implementation,Runtime server installation,Proxy server,4 - Frequent / important,4,4 - Difficult,4,16,Expert_Survey_E04_JS.xlsx,Round 1
E04_JS,1,15-19,3,171,Implementation,Runtime server installation,Relational Database,4 - Frequent / important,4,4 - Difficult,4,16,Expert_Survey_E04_JS.xlsx,Round 2
E04_JS,1,15-19,3,172,Implementation,Runtime server installation,REST API,4 - Frequent / important,4,4 - Difficult,4,16,Expert_Survey_E04_JS.xlsx,Round 1
E04_JS,1,15-19,3,173,Implementation,Runtime server installation,SAML Authentication,4 - Frequent / important,4,5 - Very difficult,5,20,Expert_Survey_E04_JS.xlsx,Round 2
E04_JS,1,15-19,3,174,Implementation,Runtime server installation,Scheduler Service,3 - Moderate / recurring,3,4 - Difficult,4,12,Expert_Survey_E04_JS.xlsx,Round 1
E04_JS,1,15-19,3,175,Implementation,Runtime server installation,Shared Libraries,4 - Frequent / important,4,4 - Difficult,4,16,Expert_Survey_E04_JS.xlsx,Round 1
E04_JS,1,15-19,3,176,Implementation,Runtime server installation,SOAP,3 - Moderate / recurring,3,5 - Very difficult,5,15,Expert_Survey_E04_JS.xlsx,Round 2
E04_JS,1,15-19,3,177,Implementation,Runtime server installation,SSL Certificates,4 - Frequent / important,4,4 - Difficult,4,16,Expert_Survey_E04_JS.xlsx,Round 1
E04_JS,1,15-19,3,178,Implementation,Runtime server installation,Swagger,4 - Frequent / important,4,4 - Difficult,4,16,Expert_Survey_E04_JS.xlsx,Round 1
E04_JS,1,15-19,3,179,Implementation,Runtime server installation,WSDL,3 - Moderate / recurring,3,5 - Very difficult,5,15,Expert_Survey_E04_JS.xlsx,Round 1
E04_JS,1,15-19,3,180,Implementation,Runtime server installation,XML/XPath,3 - Moderate / recurring,3,4 - Difficult,4,12,Expert_Survey_E04_JS.xlsx,Round 2
E04_JS,1,15-19,3,181,Implementation,Database installation,+Embedded Database,3 - Moderate / recurring,3,3 - Moderate,3,9,Expert_Survey_E04_JS.xlsx,Round 1
E04_JS,1,15-19,3,182,Implementation,Database installation,File Storage,4 - Frequent / important,4,3 - Moderate,3,12,Expert_Survey_E04_JS.xlsx,Round 1
E04_JS,1,15-19,3,183,Implementation,Database installation,Relational Database,4 - Frequent / important,4,4 - Difficult,4,16,Expert_Survey_E04_JS.xlsx,Round 2
E04_JS,1,15-19,3,184,Implementation,Database installation,REST API,3 - Moderate / recurring,3,4 - Difficult,4,12,Expert_Survey_E04_JS.xlsx,Round 1
E04_JS,1,15-19,3,185,Implementation,Client module installation,.NET Framework,3 - Moderate / recurring,3,4 - Difficult,4,12,Expert_Survey_E04_JS.xlsx,Round 2
E04_JS,1,15-19,3,186,Implementation,Client module installation,+Mobile App,4 - Frequent / important,4,4 - Difficult,4,16,Expert_Survey_E04_JS.xlsx,Round 1
E04_JS,1,15-19,3,187,Implementation,Client module installation,+Web Browser,5 - Essential / continuous,5,1 - Very easy,1,5,Expert_Survey_E04_JS.xlsx,Round 1
E04_JS,1,15-19,3,188,Implementation,Client module installation,API,3 - Moderate / recurring,3,4 - Difficult,4,12,Expert_Survey_E04_JS.xlsx,Round 1
E04_JS,1,15-19,3,189,Implementation,Client module installation,Binaries,4 - Frequent / important,4,3 - Moderate,3,12,Expert_Survey_E04_JS.xlsx,Round 1
E04_JS,1,15-19,3,190,Implementation,Client module installation,HTTPS Server,4 - Frequent / important,4,4 - Difficult,4,16,Expert_Survey_E04_JS.xlsx,Round 1
E04_JS,1,15-19,3,191,Implementation,Client module installation,URL Configuration,4 - Frequent / important,4,3 - Moderate,3,12,Expert_Survey_E04_JS.xlsx,Round 1
E04_JS,1,15-19,3,192,Implementation,Client module installation,Web Services,3 - Moderate / recurring,3,4 - Difficult,4,12,Expert_Survey_E04_JS.xlsx,Round 1
E04_JS,1,15-19,3,193,Implementation,Deployment,+App Gallery,4 - Frequent / important,4,1 - Very easy,1,4,Expert_Survey_E04_JS.xlsx,Round 1
E04_JS,1,15-19,3,194,Implementation,Deployment,+Software as a Service,4 - Frequent / important,4,1 - Very easy,1,4,Expert_Survey_E04_JS.xlsx,Round 1
E04_JS,1,15-19,3,195,Implementation,Deployment,Application IDE,4 - Frequent / important,4,4 - Difficult,4,16,Expert_Survey_E04_JS.xlsx,Round 1
E04_JS,1,15-19,3,196,Implementation,Deployment,CI/CD,4 - Frequent / important,4,5 - Very difficult,5,20,Expert_Survey_E04_JS.xlsx,Round 2
E04_JS,1,15-19,3,197,Implementation,Deployment,Cloud Computing,4 - Frequent / important,4,4 - Difficult,4,16,Expert_Survey_E04_JS.xlsx,Round 1
E04_JS,1,15-19,3,198,Implementation,Deployment,Cloud Services,4 - Frequent / important,4,4 - Difficult,4,16,Expert_Survey_E04_JS.xlsx,Round 1
E04_JS,1,15-19,3,199,Implementation,Deployment,Docker,4 - Frequent / important,4,4 - Difficult,4,16,Expert_Survey_E04_JS.xlsx,Round 2
E04_JS,1,15-19,3,200,Implementation,Deployment,Import/Export,5 - Essential / continuous,5,3 - Moderate,3,15,Expert_Survey_E04_JS.xlsx,Round 1
E04_JS,1,15-19,3,201,Implementation,Deployment,Kubernetes,3 - Moderate / recurring,3,4 - Difficult,4,12,Expert_Survey_E04_JS.xlsx,Round 2
E04_JS,1,15-19,3,202,Implementation,Deployment,On-Premise,4 - Frequent / important,4,3 - Moderate,3,12,Expert_Survey_E04_JS.xlsx,Round 1
E04_JS,1,15-19,3,203,Implementation,Deployment,On-premises Data Gateway,4 - Frequent / important,4,4 - Difficult,4,16,Expert_Survey_E04_JS.xlsx,Round 1
E04_JS,1,15-19,3,204,Implementation,Deployment,REST API,4 - Frequent / important,4,4 - Difficult,4,16,Expert_Survey_E04_JS.xlsx,Round 1
E04_JS,1,15-19,3,205,Implementation,Deployment,Scripts,4 - Frequent / important,4,4 - Difficult,4,16,Expert_Survey_E04_JS.xlsx,Round 2
E04_JS,1,15-19,3,206,Implementation,Deployment,SOAP,2 - Occasional / peripheral,2,5 - Very difficult,5,10,Expert_Survey_E04_JS.xlsx,Round 2
E04_JS,1,15-19,3,207,Implementation,Version control,Code Repository Concept,4 - Frequent / important,4,4 - Difficult,4,16,Expert_Survey_E04_JS.xlsx,Round 2
E04_JS,1,15-19,3,208,Implementation,Version control,Custom Version Control,4 - Frequent / important,4,4 - Difficult,4,16,Expert_Survey_E04_JS.xlsx,Round 2
E04_JS,1,15-19,3,209,Implementation,Version control,Git,4 - Frequent / important,4,4 - Difficult,4,16,Expert_Survey_E04_JS.xlsx,Round 2
E05_WD,1,20+,3,1,Design,Workflow model,+BPMN Process Model,5 - Essential / continuous,5,2 - Easy,2,10,Expert_Survey_E05_WD.xlsx,Round 1
E05_WD,1,20+,3,2,Design,Workflow model,Custom Process Model,4 - Frequent / important,4,4 - Difficult,4,16,Expert_Survey_E05_WD.xlsx,Round 2
E05_WD,1,20+,3,3,Design,Database model,+Business Data Types,5 - Essential / continuous,5,1 - Very easy,1,5,Expert_Survey_E05_WD.xlsx,Round 1
E05_WD,1,20+,3,4,Design,Database model,+Form-based Data,4 - Frequent / important,4,1 - Very easy,1,4,Expert_Survey_E05_WD.xlsx,Round 1
E05_WD,1,20+,3,5,Design,Database model,+Item-Detail,4 - Frequent / important,4,1 - Very easy,1,4,Expert_Survey_E05_WD.xlsx,Round 1
E05_WD,1,20+,3,6,Design,Database model,+Lookup/Drop-down,4 - Frequent / important,4,1 - Very easy,1,4,Expert_Survey_E05_WD.xlsx,Round 1
E05_WD,1,20+,3,7,Design,Database model,+Predefined Entities,3 - Moderate / recurring,3,1 - Very easy,1,3,Expert_Survey_E05_WD.xlsx,Round 1
E05_WD,1,20+,3,8,Design,Database model,Domain Model,3 - Moderate / recurring,3,3 - Moderate,3,9,Expert_Survey_E05_WD.xlsx,Round 1
E05_WD,1,20+,3,9,Design,Database model,Conditional Expressions,4 - Frequent / important,4,3 - Moderate,3,12,Expert_Survey_E05_WD.xlsx,Round 1
E05_WD,1,20+,3,10,Design,Database model,Constraints,3 - Moderate / recurring,3,3 - Moderate,3,9,Expert_Survey_E05_WD.xlsx,Round 1
E05_WD,1,20+,3,11,Design,Database model,Data Structure,3 - Moderate / recurring,3,3 - Moderate,3,9,Expert_Survey_E05_WD.xlsx,Round 1
E05_WD,1,20+,3,12,Design,Database model,IT Data Types,3 - Moderate / recurring,3,4 - Difficult,4,12,Expert_Survey_E05_WD.xlsx,Round 1
E05_WD,1,20+,3,13,Design,Database model,Denormalization,2 - Occasional / peripheral,2,5 - Very difficult,5,10,Expert_Survey_E05_WD.xlsx,Round 1
E05_WD,1,20+,3,14,Design,Database model,Entity Diagrams,3 - Moderate / recurring,3,3 - Moderate,3,9,Expert_Survey_E05_WD.xlsx,Round 1
E05_WD,1,20+,3,15,Design,Database model,Enumerations,3 - Moderate / recurring,3,2 - Easy,2,6,Expert_Survey_E05_WD.xlsx,Round 1
E05_WD,1,20+,3,16,Design,Database model,Expressions,4 - Frequent / important,4,3 - Moderate,3,12,Expert_Survey_E05_WD.xlsx,Round 1
E05_WD,1,20+,3,17,Design,Database model,Relational Database,3 - Moderate / recurring,3,4 - Difficult,4,12,Expert_Survey_E05_WD.xlsx,Round 2
E05_WD,1,20+,3,18,Design,Database model,XML/XPath,2 - Occasional / peripheral,2,5 - Very difficult,5,10,Expert_Survey_E05_WD.xlsx,Round 2
E05_WD,1,20+,3,19,Design,UI model,+App templates,5 - Essential / continuous,5,1 - Very easy,1,5,Expert_Survey_E05_WD.xlsx,Round 1
E05_WD,1,20+,3,20,Design,UI model,+Business Data Types,5 - Essential / continuous,5,1 - Very easy,1,5,Expert_Survey_E05_WD.xlsx,Round 1
E05_WD,1,20+,3,21,Design,UI model,+Screen Templates,5 - Essential / continuous,5,1 - Very easy,1,5,Expert_Survey_E05_WD.xlsx,Round 1
E05_WD,1,20+,3,22,Design,UI model,+UI Branding,3 - Moderate / recurring,3,2 - Easy,2,6,Expert_Survey_E05_WD.xlsx,Round 1
E05_WD,1,20+,3,23,Design,UI model,+View Types,4 - Frequent / important,4,1 - Very easy,1,4,Expert_Survey_E05_WD.xlsx,Round 1
E05_WD,1,20+,3,24,Design,UI model,Expressions,4 - Frequent / important,4,3 - Moderate,3,12,Expert_Survey_E05_WD.xlsx,Round 2
E05_WD,1,20+,3,25,Design,UI model,IT Data Types,3 - Moderate / recurring,3,4 - Difficult,4,12,Expert_Survey_E05_WD.xlsx,Round 1
E05_WD,1,20+,3,26,Design,UI model,Functions,4 - Frequent / important,4,4 - Difficult,4,16,Expert_Survey_E05_WD.xlsx,Round 2
E05_WD,1,20+,3,27,Design,UI model,Model-driven Apps,4 - Frequent / important,4,3 - Moderate,3,12,Expert_Survey_E05_WD.xlsx,Round 2
E05_WD,1,20+,3,28,Design,UI model,Reactive Web App,3 - Moderate / recurring,3,4 - Difficult,4,12,Expert_Survey_E05_WD.xlsx,Round 2
E05_WD,1,20+,3,29,Design,UI model,Responsive Web Design,4 - Frequent / important,4,3 - Moderate,3,12,Expert_Survey_E05_WD.xlsx,Round 2
E05_WD,1,20+,3,30,Design,UI model,Variables,4 - Frequent / important,4,2 - Easy,2,8,Expert_Survey_E05_WD.xlsx,Round 1
E05_WD,1,20+,3,31,Design,Validations,+Business Rules,4 - Frequent / important,4,1 - Very easy,1,4,Expert_Survey_E05_WD.xlsx,Round 1
E05_WD,1,20+,3,32,Design,Validations,+Lookup/Drop-down,4 - Frequent / important,4,1 - Very easy,1,4,Expert_Survey_E05_WD.xlsx,Round 1
E05_WD,1,20+,3,33,Design,Validations,Expressions,4 - Frequent / important,4,3 - Moderate,3,12,Expert_Survey_E05_WD.xlsx,Round 1
E05_WD,1,20+,3,34,Design,Validations,Enumerations,3 - Moderate / recurring,3,2 - Easy,2,6,Expert_Survey_E05_WD.xlsx,Round 1
E05_WD,1,20+,3,35,Design,Validations,JavaScript,3 - Moderate / recurring,3,5 - Very difficult,5,15,Expert_Survey_E05_WD.xlsx,Round 2
E05_WD,1,20+,3,36,Design,Validations,Scripts,3 - Moderate / recurring,3,5 - Very difficult,5,15,Expert_Survey_E05_WD.xlsx,Round 2
E05_WD,1,20+,3,37,Design,Validations,Transactions,2 - Occasional / peripheral,2,4 - Difficult,4,8,Expert_Survey_E05_WD.xlsx,Round 2
E05_WD,1,20+,3,38,Design,Application logic,+Actions,5 - Essential / continuous,5,1 - Very easy,1,5,Expert_Survey_E05_WD.xlsx,Round 1
E05_WD,1,20+,3,39,Design,Application logic,+Graphical actions,4 - Frequent / important,4,1 - Very easy,1,4,Expert_Survey_E05_WD.xlsx,Round 1
E05_WD,1,20+,3,40,Design,Application logic,+NLP,2 - Occasional / peripheral,2,2 - Easy,2,4,Expert_Survey_E05_WD.xlsx,Round 1
E05_WD,1,20+,3,41,Design,Application logic,+Custom Language,2 - Occasional / peripheral,2,3 - Moderate,3,6,Expert_Survey_E05_WD.xlsx,Round 1
E05_WD,1,20+,3,42,Design,Application logic,+Predefined Tasks,4 - Frequent / important,4,1 - Very easy,1,4,Expert_Survey_E05_WD.xlsx,Round 1
E05_WD,1,20+,3,43,Design,Application logic,UML,3 - Moderate / recurring,3,3 - Moderate,3,9,Expert_Survey_E05_WD.xlsx,Round 2
E05_WD,1,20+,3,44,Design,Application logic,Algorithms,2 - Occasional / peripheral,2,4 - Difficult,4,8,Expert_Survey_E05_WD.xlsx,Round 1
E05_WD,1,20+,3,45,Design,Application logic,Expressions,4 - Frequent / important,4,3 - Moderate,3,12,Expert_Survey_E05_WD.xlsx,Round 1
E05_WD,1,20+,3,46,Design,Application logic,Control Structures,3 - Moderate / recurring,3,4 - Difficult,4,12,Expert_Survey_E05_WD.xlsx,Round 1
E05_WD,1,20+,3,47,Design,Application logic,IT Data Types,3 - Moderate / recurring,3,4 - Difficult,4,12,Expert_Survey_E05_WD.xlsx,Round 1
E05_WD,1,20+,3,48,Design,Application logic,Events,3 - Moderate / recurring,3,3 - Moderate,3,9,Expert_Survey_E05_WD.xlsx,Round 1
E05_WD,1,20+,3,49,Design,Application logic,Formulas,4 - Frequent / important,4,3 - Moderate,3,12,Expert_Survey_E05_WD.xlsx,Round 2
E05_WD,1,20+,3,50,Design,Application logic,Functions,4 - Frequent / important,4,3 - Moderate,3,12,Expert_Survey_E05_WD.xlsx,Round 2
E05_WD,1,20+,3,51,Design,Application logic,Java,2 - Occasional / peripheral,2,5 - Very difficult,5,10,Expert_Survey_E05_WD.xlsx,Round 2
E05_WD,1,20+,3,52,Design,Application logic,JavaScript,3 - Moderate / recurring,3,5 - Very difficult,5,15,Expert_Survey_E05_WD.xlsx,Round 2
E05_WD,1,20+,3,53,Design,Application logic,Microservices,2 - Occasional / peripheral,2,5 - Very difficult,5,10,Expert_Survey_E05_WD.xlsx,Round 2
E05_WD,1,20+,3,54,Design,Application logic,SQL,3 - Moderate / recurring,3,5 - Very difficult,5,15,Expert_Survey_E05_WD.xlsx,Round 2
E05_WD,1,20+,3,55,Design,Application logic,Variables,4 - Frequent / important,4,2 - Easy,2,8,Expert_Survey_E05_WD.xlsx,Round 1
E05_WD,1,20+,3,56,Development,Workflow design and development,+BPMN Process Model,5 - Essential / continuous,5,2 - Easy,2,10,Expert_Survey_E05_WD.xlsx,Round 1
E05_WD,1,20+,3,57,Development,Workflow design and development,Expressions,4 - Frequent / important,4,3 - Moderate,3,12,Expert_Survey_E05_WD.xlsx,Round 1
E05_WD,1,20+,3,58,Development,Workflow design and development,Custom Process Model,3 - Moderate / recurring,3,4 - Difficult,4,12,Expert_Survey_E05_WD.xlsx,Round 1
E05_WD,1,20+,3,59,Development,Workflow design and development,Events,3 - Moderate / recurring,3,3 - Moderate,3,9,Expert_Survey_E05_WD.xlsx,Round 1
E05_WD,1,20+,3,60,Development,Workflow design and development,Java API,3 - Moderate / recurring,3,5 - Very difficult,5,15,Expert_Survey_E05_WD.xlsx,Round 2
E05_WD,1,20+,3,61,Development,Workflow design and development,JavaScript,3 - Moderate / recurring,3,5 - Very difficult,5,15,Expert_Survey_E05_WD.xlsx,Round 2
E05_WD,1,20+,3,62,Development,Workflow design and development,REST API,3 - Moderate / recurring,3,5 - Very difficult,5,15,Expert_Survey_E05_WD.xlsx,Round 1
E05_WD,1,20+,3,63,Development,Workflow design and development,Triggers,3 - Moderate / recurring,3,4 - Difficult,4,12,Expert_Survey_E05_WD.xlsx,Round 1
E05_WD,1,20+,3,64,Development,Database design,+Business Data Types,5 - Essential / continuous,5,1 - Very easy,1,5,Expert_Survey_E05_WD.xlsx,Round 1
E05_WD,1,20+,3,65,Development,Database design,+Custom Database Model,3 - Moderate / recurring,3,2 - Easy,2,6,Expert_Survey_E05_WD.xlsx,Round 1
E05_WD,1,20+,3,66,Development,Database design,+References,4 - Frequent / important,4,1 - Very easy,1,4,Expert_Survey_E05_WD.xlsx,Round 1
E05_WD,1,20+,3,67,Development,Database design,+Slices,3 - Moderate / recurring,3,2 - Easy,2,6,Expert_Survey_E05_WD.xlsx,Round 1
E05_WD,1,20+,3,68,Development,Database design,Actions,3 - Moderate / recurring,3,3 - Moderate,3,9,Expert_Survey_E05_WD.xlsx,Round 1
E05_WD,1,20+,3,69,Development,Database design,Expressions,4 - Frequent / important,4,3 - Moderate,3,12,Expert_Survey_E05_WD.xlsx,Round 1
E05_WD,1,20+,3,70,Development,Database design,Relational Database,2 - Occasional / peripheral,2,5 - Very difficult,5,10,Expert_Survey_E05_WD.xlsx,Round 1
E05_WD,1,20+,3,71,Development,Database design,Entity Diagrams,3 - Moderate / recurring,3,3 - Moderate,3,9,Expert_Survey_E05_WD.xlsx,Round 1
E05_WD,1,20+,3,72,Development,Database design,Functions,3 - Moderate / recurring,3,3 - Moderate,3,9,Expert_Survey_E05_WD.xlsx,Round 1
E05_WD,1,20+,3,73,Development,Database design,SQL,2 - Occasional / peripheral,2,5 - Very difficult,5,10,Expert_Survey_E05_WD.xlsx,Round 1
E05_WD,1,20+,3,74,Development,Database design,IT Data Types,3 - Moderate / recurring,3,4 - Difficult,4,12,Expert_Survey_E05_WD.xlsx,Round 1
E05_WD,1,20+,3,75,Development,Database design,Web API,2 - Occasional / peripheral,2,4 - Difficult,4,8,Expert_Survey_E05_WD.xlsx,Round 1
E05_WD,1,20+,3,76,Development,Fetching data,.NET,1 - Rare / avoidable,1,5 - Very difficult,5,5,Expert_Survey_E05_WD.xlsx,Round 1
E05_WD,1,20+,3,77,Development,Fetching data,+Cloud-based Spreadsheets,3 - Moderate / recurring,3,2 - Easy,2,6,Expert_Survey_E05_WD.xlsx,Round 1
E05_WD,1,20+,3,78,Development,Fetching data,+GUI Queries,4 - Frequent / important,4,2 - Easy,2,8,Expert_Survey_E05_WD.xlsx,Round 1
E05_WD,1,20+,3,79,Development,Fetching data,+Human Language,2 - Occasional / peripheral,2,2 - Easy,2,4,Expert_Survey_E05_WD.xlsx,Round 1
E05_WD,1,20+,3,80,Development,Fetching data,+Integrated Data Sources,4 - Frequent / important,4,1 - Very easy,1,4,Expert_Survey_E05_WD.xlsx,Round 1
E05_WD,1,20+,3,81,Development,Fetching data,Cloud Services,2 - Occasional / peripheral,2,4 - Difficult,4,8,Expert_Survey_E05_WD.xlsx,Round 1
E05_WD,1,20+,3,82,Development,Fetching data,Custom Query Language,1 - Rare / avoidable,1,5 - Very difficult,5,5,Expert_Survey_E05_WD.xlsx,Round 1
E05_WD,1,20+,3,83,Development,Fetching data,Data Source Integration,2 - Occasional / peripheral,2,4 - Difficult,4,8,Expert_Survey_E05_WD.xlsx,Round 1
E05_WD,1,20+,3,84,Development,Fetching data,Formulas,4 - Frequent / important,4,2 - Easy,2,8,Expert_Survey_E05_WD.xlsx,Round 1
E05_WD,1,20+,3,85,Development,Fetching data,Local Storage,2 - Occasional / peripheral,2,3 - Moderate,3,6,Expert_Survey_E05_WD.xlsx,Round 1
E05_WD,1,20+,3,86,Development,Fetching data,OAuth,2 - Occasional / peripheral,2,5 - Very difficult,5,10,Expert_Survey_E05_WD.xlsx,Round 1
E05_WD,1,20+,3,87,Development,Fetching data,REST API,3 - Moderate / recurring,3,5 - Very difficult,5,15,Expert_Survey_E05_WD.xlsx,Round 1
E05_WD,1,20+,3,88,Development,Fetching data,SDK,1 - Rare / avoidable,1,5 - Very difficult,5,5,Expert_Survey_E05_WD.xlsx,Round 1
E05_WD,1,20+,3,89,Development,Fetching data,SQL,2 - Occasional / peripheral,2,5 - Very difficult,5,10,Expert_Survey_E05_WD.xlsx,Round 1
E05_WD,1,20+,3,90,Development,Fetching data,URL,3 - Moderate / recurring,3,2 - Easy,2,6,Expert_Survey_E05_WD.xlsx,Round 1
E05_WD,1,20+,3,91,Development,Fetching data,Web API,2 - Occasional / peripheral,2,4 - Difficult,4,8,Expert_Survey_E05_WD.xlsx,Round 1
E05_WD,1,20+,3,92,Development,GUI design and development,+AI Support,2 - Occasional / peripheral,2,2 - Easy,2,4,Expert_Survey_E05_WD.xlsx,Round 1
E05_WD,1,20+,3,93,Development,GUI design and development,+Business Data Types,5 - Essential / continuous,5,1 - Very easy,1,5,Expert_Survey_E05_WD.xlsx,Round 1
E05_WD,1,20+,3,94,Development,GUI design and development,+Conditional Formatting,4 - Frequent / important,4,1 - Very easy,1,4,Expert_Survey_E05_WD.xlsx,Round 1
E05_WD,1,20+,3,95,Development,GUI design and development,+GUI Style Editor,4 - Frequent / important,4,1 - Very easy,1,4,Expert_Survey_E05_WD.xlsx,Round 1
E05_WD,1,20+,3,96,Development,GUI design and development,+Templatized Formulas,3 - Moderate / recurring,3,2 - Easy,2,6,Expert_Survey_E05_WD.xlsx,Round 1
E05_WD,1,20+,3,97,Development,GUI design and development,+UI Branding,3 - Moderate / recurring,3,2 - Easy,2,6,Expert_Survey_E05_WD.xlsx,Round 1
E05_WD,1,20+,3,98,Development,GUI design and development,+View Types,4 - Frequent / important,4,1 - Very easy,1,4,Expert_Survey_E05_WD.xlsx,Round 1
E05_WD,1,20+,3,99,Development,GUI design and development,+WYSIWYG,4 - Frequent / important,4,1 - Very easy,1,4,Expert_Survey_E05_WD.xlsx,Round 1
E05_WD,1,20+,3,100,Development,GUI design and development,CSS/SCSS,2 - Occasional / peripheral,2,4 - Difficult,4,8,Expert_Survey_E05_WD.xlsx,Round 1
E05_WD,1,20+,3,101,Development,GUI design and development,Event Propagation,2 - Occasional / peripheral,2,4 - Difficult,4,8,Expert_Survey_E05_WD.xlsx,Round 1
E05_WD,1,20+,3,102,Development,GUI design and development,Responsive Web Design,4 - Frequent / important,4,3 - Moderate,3,12,Expert_Survey_E05_WD.xlsx,Round 1
E05_WD,1,20+,3,103,Development,GUI design and development,HTML,2 - Occasional / peripheral,2,4 - Difficult,4,8,Expert_Survey_E05_WD.xlsx,Round 1
E05_WD,1,20+,3,104,Development,GUI design and development,IT Data Types,3 - Moderate / recurring,3,4 - Difficult,4,12,Expert_Survey_E05_WD.xlsx,Round 1
E05_WD,1,20+,3,105,Development,GUI design and development,JavaScript,2 - Occasional / peripheral,2,5 - Very difficult,5,10,Expert_Survey_E05_WD.xlsx,Round 1
E05_WD,1,20+,3,106,Development,GUI design and development,Master Detail,3 - Moderate / recurring,3,2 - Easy,2,6,Expert_Survey_E05_WD.xlsx,Round 1
E05_WD,1,20+,3,107,Development,GUI design and development,Programming Functions,3 - Moderate / recurring,3,4 - Difficult,4,12,Expert_Survey_E05_WD.xlsx,Round 2
E05_WD,1,20+,3,108,Development,GUI design and development,Scripts,2 - Occasional / peripheral,2,5 - Very difficult,5,10,Expert_Survey_E05_WD.xlsx,Round 1
E05_WD,1,20+,3,109,Development,GUI design and development,Snippets,3 - Moderate / recurring,3,3 - Moderate,3,9,Expert_Survey_E05_WD.xlsx,Round 1
E05_WD,1,20+,3,110,Development,GUI design and development,Variables,4 - Frequent / important,4,2 - Easy,2,8,Expert_Survey_E05_WD.xlsx,Round 1
E05_WD,1,20+,3,111,Development,GUI design and development,XML,2 - Occasional / peripheral,2,4 - Difficult,4,8,Expert_Survey_E05_WD.xlsx,Round 2
E05_WD,1,20+,3,112,Development,Data validation development,+Business Rules,4 - Frequent / important,4,1 - Very easy,1,4,Expert_Survey_E05_WD.xlsx,Round 1
E05_WD,1,20+,3,113,Development,Data validation development,+Column Expressions,4 - Frequent / important,4,1 - Very easy,1,4,Expert_Survey_E05_WD.xlsx,Round 1
E05_WD,1,20+,3,114,Development,Data validation development,Expressions,4 - Frequent / important,4,3 - Moderate,3,12,Expert_Survey_E05_WD.xlsx,Round 1
E05_WD,1,20+,3,115,Development,Data validation development,Data Fields,4 - Frequent / important,4,3 - Moderate,3,12,Expert_Survey_E05_WD.xlsx,Round 2
E05_WD,1,20+,3,116,Development,Data validation development,Domain Model,4 - Frequent / important,4,3 - Moderate,3,12,Expert_Survey_E05_WD.xlsx,Round 2
E05_WD,1,20+,3,117,Development,Data validation development,Scripts,2 - Occasional / peripheral,2,5 - Very difficult,5,10,Expert_Survey_E05_WD.xlsx,Round 1
E05_WD,1,20+,3,118,Development,Actions design and development,+AI Assisted Development,2 - Occasional / peripheral,2,2 - Easy,2,4,Expert_Survey_E05_WD.xlsx,Round 1
E05_WD,1,20+,3,119,Development,Actions design and development,+Automations,4 - Frequent / important,4,2 - Easy,2,8,Expert_Survey_E05_WD.xlsx,Round 1
E05_WD,1,20+,3,120,Development,Actions design and development,+Built-in Connectors,4 - Frequent / important,4,1 - Very easy,1,4,Expert_Survey_E05_WD.xlsx,Round 1
E05_WD,1,20+,3,121,Development,Actions design and development,API,2 - Occasional / peripheral,2,4 - Difficult,4,8,Expert_Survey_E05_WD.xlsx,Round 1
E05_WD,1,20+,3,122,Development,Actions design and development,Expressions,4 - Frequent / important,4,3 - Moderate,3,12,Expert_Survey_E05_WD.xlsx,Round 1
E05_WD,1,20+,3,123,Development,Actions design and development,Functions,4 - Frequent / important,4,3 - Moderate,3,12,Expert_Survey_E05_WD.xlsx,Round 2
E05_WD,1,20+,3,124,Development,Actions design and development,Java,2 - Occasional / peripheral,2,5 - Very difficult,5,10,Expert_Survey_E05_WD.xlsx,Round 2
E05_WD,1,20+,3,125,Development,Actions design and development,JavaScript,2 - Occasional / peripheral,2,5 - Very difficult,5,10,Expert_Survey_E05_WD.xlsx,Round 2
E05_WD,1,20+,3,126,Development,Actions design and development,Object Model,2 - Occasional / peripheral,2,4 - Difficult,4,8,Expert_Survey_E05_WD.xlsx,Round 1
E05_WD,1,20+,3,127,Development,Actions design and development,Scripts,2 - Occasional / peripheral,2,5 - Very difficult,5,10,Expert_Survey_E05_WD.xlsx,Round 1
E05_WD,1,20+,3,128,Development,Actions design and development,SOAP,1 - Rare / avoidable,1,5 - Very difficult,5,5,Expert_Survey_E05_WD.xlsx,Round 1
E05_WD,1,20+,3,129,Development,Programming,.NET,1 - Rare / avoidable,1,5 - Very difficult,5,5,Expert_Survey_E05_WD.xlsx,Round 1
E05_WD,1,20+,3,130,Development,Programming,+Visual Programming,4 - Frequent / important,4,2 - Easy,2,8,Expert_Survey_E05_WD.xlsx,Round 1
E05_WD,1,20+,3,131,Development,Programming,Expressions,4 - Frequent / important,4,3 - Moderate,3,12,Expert_Survey_E05_WD.xlsx,Round 2
E05_WD,1,20+,3,132,Development,Programming,CLI,1 - Rare / avoidable,1,5 - Very difficult,5,5,Expert_Survey_E05_WD.xlsx,Round 1
E05_WD,1,20+,3,133,Development,Programming,IT Data Types,3 - Moderate / recurring,3,4 - Difficult,4,12,Expert_Survey_E05_WD.xlsx,Round 1
E05_WD,1,20+,3,134,Development,Programming,Eclipse,1 - Rare / avoidable,1,5 - Very difficult,5,5,Expert_Survey_E05_WD.xlsx,Round 1
E05_WD,1,20+,3,135,Development,Programming,Emulators,1 - Rare / avoidable,1,5 - Very difficult,5,5,Expert_Survey_E05_WD.xlsx,Round 1
E05_WD,1,20+,3,136,Development,Programming,Entity Types,3 - Moderate / recurring,3,3 - Moderate,3,9,Expert_Survey_E05_WD.xlsx,Round 1
E05_WD,1,20+,3,137,Development,Programming,Enumerations,3 - Moderate / recurring,3,2 - Easy,2,6,Expert_Survey_E05_WD.xlsx,Round 1
E05_WD,1,20+,3,138,Development,Programming,Functions,3 - Moderate / recurring,3,3 - Moderate,3,9,Expert_Survey_E05_WD.xlsx,Round 1
E05_WD,1,20+,3,139,Development,Programming,HTML,2 - Occasional / peripheral,2,4 - Difficult,4,8,Expert_Survey_E05_WD.xlsx,Round 1
E05_WD,1,20+,3,140,Development,Programming,SDK/IDE,1 - Rare / avoidable,1,5 - Very difficult,5,5,Expert_Survey_E05_WD.xlsx,Round 1
E05_WD,1,20+,3,141,Development,Programming,Iteration Statements,2 - Occasional / peripheral,2,4 - Difficult,4,8,Expert_Survey_E05_WD.xlsx,Round 1
E05_WD,1,20+,3,142,Development,Programming,Java,1 - Rare / avoidable,1,5 - Very difficult,5,5,Expert_Survey_E05_WD.xlsx,Round 1
E05_WD,1,20+,3,143,Development,Programming,Java API,1 - Rare / avoidable,1,5 - Very difficult,5,5,Expert_Survey_E05_WD.xlsx,Round 1
E05_WD,1,20+,3,144,Development,Programming,JavaScript,2 - Occasional / peripheral,2,5 - Very difficult,5,10,Expert_Survey_E05_WD.xlsx,Round 1
E05_WD,1,20+,3,145,Development,Programming,JSON,2 - Occasional / peripheral,2,4 - Difficult,4,8,Expert_Survey_E05_WD.xlsx,Round 1
E05_WD,1,20+,3,146,Development,Programming,Markup Language,1 - Rare / avoidable,1,5 - Very difficult,5,5,Expert_Survey_E05_WD.xlsx,Round 1
E05_WD,1,20+,3,147,Development,Programming,Metadata,2 - Occasional / peripheral,2,4 - Difficult,4,8,Expert_Survey_E05_WD.xlsx,Round 1
E05_WD,1,20+,3,148,Development,Programming,Native Mobile App,1 - Rare / avoidable,1,5 - Very difficult,5,5,Expert_Survey_E05_WD.xlsx,Round 1
E05_WD,1,20+,3,149,Development,Programming,node.js,2 - Occasional / peripheral,2,5 - Very difficult,5,10,Expert_Survey_E05_WD.xlsx,Round 2
E05_WD,1,20+,3,150,Development,Programming,PWA,2 - Occasional / peripheral,2,3 - Moderate,3,6,Expert_Survey_E05_WD.xlsx,Round 1
E05_WD,1,20+,3,151,Development,Programming,Query Functions,2 - Occasional / peripheral,2,4 - Difficult,4,8,Expert_Survey_E05_WD.xlsx,Round 1
E05_WD,1,20+,3,152,Development,Programming,Scripts,2 - Occasional / peripheral,2,5 - Very difficult,5,10,Expert_Survey_E05_WD.xlsx,Round 1
E05_WD,1,20+,3,153,Development,Programming,Snippets,3 - Moderate / recurring,3,3 - Moderate,3,9,Expert_Survey_E05_WD.xlsx,Round 1
E05_WD,1,20+,3,154,Development,Programming,TypeScript,1 - Rare / avoidable,1,5 - Very difficult,5,5,Expert_Survey_E05_WD.xlsx,Round 1
E05_WD,1,20+,3,155,Development,Programming,Web API,2 - Occasional / peripheral,2,4 - Difficult,4,8,Expert_Survey_E05_WD.xlsx,Round 1
E05_WD,1,20+,3,156,Development,Programming,XML,1 - Rare / avoidable,1,5 - Very difficult,5,5,Expert_Survey_E05_WD.xlsx,Round 1
E05_WD,1,20+,3,157,Implementation,Runtime server installation,+Cloud Based Environment,4 - Frequent / important,4,3 - Moderate,3,12,Expert_Survey_E05_WD.xlsx,Round 2
E05_WD,1,20+,3,158,Implementation,Runtime server installation,API,2 - Occasional / peripheral,2,4 - Difficult,4,8,Expert_Survey_E05_WD.xlsx,Round 1
E05_WD,1,20+,3,159,Implementation,Runtime server installation,Compiler Service,1 - Rare / avoidable,1,5 - Very difficult,5,5,Expert_Survey_E05_WD.xlsx,Round 1
E05_WD,1,20+,3,160,Implementation,Runtime server installation,Database Synchronization,2 - Occasional / peripheral,2,4 - Difficult,4,8,Expert_Survey_E05_WD.xlsx,Round 1
E05_WD,1,20+,3,161,Implementation,Runtime server installation,Deployment Controller Service,1 - Rare / avoidable,1,5 - Very difficult,5,5,Expert_Survey_E05_WD.xlsx,Round 1
E05_WD,1,20+,3,162,Implementation,Runtime server installation,Email Server (SMTP),2 - Occasional / peripheral,2,4 - Difficult,4,8,Expert_Survey_E05_WD.xlsx,Round 1
E05_WD,1,20+,3,163,Implementation,Runtime server installation,File Storage,2 - Occasional / peripheral,2,3 - Moderate,3,6,Expert_Survey_E05_WD.xlsx,Round 1
E05_WD,1,20+,3,164,Implementation,Runtime server installation,HTTPS Server,3 - Moderate / recurring,3,4 - Difficult,4,12,Expert_Survey_E05_WD.xlsx,Round 2
E05_WD,1,20+,3,165,Implementation,Runtime server installation,Java,2 - Occasional / peripheral,2,4 - Difficult,4,8,Expert_Survey_E05_WD.xlsx,Round 2
E05_WD,1,20+,3,166,Implementation,Runtime server installation,Load Balancing,1 - Rare / avoidable,1,5 - Very difficult,5,5,Expert_Survey_E05_WD.xlsx,Round 1
E05_WD,1,20+,3,167,Implementation,Runtime server installation,Log Service,2 - Occasional / peripheral,2,3 - Moderate,3,6,Expert_Survey_E05_WD.xlsx,Round 1
E05_WD,1,20+,3,168,Implementation,Runtime server installation,Mobile App,2 - Occasional / peripheral,2,3 - Moderate,3,6,Expert_Survey_E05_WD.xlsx,Round 1
E05_WD,1,20+,3,169,Implementation,Runtime server installation,OQL,1 - Rare / avoidable,1,5 - Very difficult,5,5,Expert_Survey_E05_WD.xlsx,Round 1
E05_WD,1,20+,3,170,Implementation,Runtime server installation,Proxy server,1 - Rare / avoidable,1,5 - Very difficult,5,5,Expert_Survey_E05_WD.xlsx,Round 1
E05_WD,1,20+,3,171,Implementation,Runtime server installation,Relational Database,3 - Moderate / recurring,3,4 - Difficult,4,12,Expert_Survey_E05_WD.xlsx,Round 2
E05_WD,1,20+,3,172,Implementation,Runtime server installation,REST API,2 - Occasional / peripheral,2,5 - Very difficult,5,10,Expert_Survey_E05_WD.xlsx,Round 1
E05_WD,1,20+,3,173,Implementation,Runtime server installation,SAML Authentication,2 - Occasional / peripheral,2,4 - Difficult,4,8,Expert_Survey_E05_WD.xlsx,Round 2
E05_WD,1,20+,3,174,Implementation,Runtime server installation,Scheduler Service,2 - Occasional / peripheral,2,4 - Difficult,4,8,Expert_Survey_E05_WD.xlsx,Round 1
E05_WD,1,20+,3,175,Implementation,Runtime server installation,Shared Libraries,1 - Rare / avoidable,1,5 - Very difficult,5,5,Expert_Survey_E05_WD.xlsx,Round 1
E05_WD,1,20+,3,176,Implementation,Runtime server installation,SOAP,2 - Occasional / peripheral,2,5 - Very difficult,5,10,Expert_Survey_E05_WD.xlsx,Round 2
E05_WD,1,20+,3,177,Implementation,Runtime server installation,SSL Certificates,1 - Rare / avoidable,1,5 - Very difficult,5,5,Expert_Survey_E05_WD.xlsx,Round 1
E05_WD,1,20+,3,178,Implementation,Runtime server installation,Swagger,1 - Rare / avoidable,1,5 - Very difficult,5,5,Expert_Survey_E05_WD.xlsx,Round 1
E05_WD,1,20+,3,179,Implementation,Runtime server installation,WSDL,1 - Rare / avoidable,1,5 - Very difficult,5,5,Expert_Survey_E05_WD.xlsx,Round 1
E05_WD,1,20+,3,180,Implementation,Runtime server installation,XML/XPath,2 - Occasional / peripheral,2,4 - Difficult,4,8,Expert_Survey_E05_WD.xlsx,Round 2
E05_WD,1,20+,3,181,Implementation,Database installation,+Embedded Database,3 - Moderate / recurring,3,2 - Easy,2,6,Expert_Survey_E05_WD.xlsx,Round 1
E05_WD,1,20+,3,182,Implementation,Database installation,File Storage,2 - Occasional / peripheral,2,3 - Moderate,3,6,Expert_Survey_E05_WD.xlsx,Round 1
E05_WD,1,20+,3,183,Implementation,Database installation,Relational Database,3 - Moderate / recurring,3,4 - Difficult,4,12,Expert_Survey_E05_WD.xlsx,Round 2
E05_WD,1,20+,3,184,Implementation,Database installation,REST API,2 - Occasional / peripheral,2,5 - Very difficult,5,10,Expert_Survey_E05_WD.xlsx,Round 1
E05_WD,1,20+,3,185,Implementation,Client module installation,.NET Framework,2 - Occasional / peripheral,2,4 - Difficult,4,8,Expert_Survey_E05_WD.xlsx,Round 2
E05_WD,1,20+,3,186,Implementation,Client module installation,+Mobile App,3 - Moderate / recurring,3,2 - Easy,2,6,Expert_Survey_E05_WD.xlsx,Round 1
E05_WD,1,20+,3,187,Implementation,Client module installation,+Web Browser,4 - Frequent / important,4,1 - Very easy,1,4,Expert_Survey_E05_WD.xlsx,Round 1
E05_WD,1,20+,3,188,Implementation,Client module installation,API,2 - Occasional / peripheral,2,4 - Difficult,4,8,Expert_Survey_E05_WD.xlsx,Round 1
E05_WD,1,20+,3,189,Implementation,Client module installation,Binaries,1 - Rare / avoidable,1,5 - Very difficult,5,5,Expert_Survey_E05_WD.xlsx,Round 1
E05_WD,1,20+,3,190,Implementation,Client module installation,HTTPS Server,2 - Occasional / peripheral,2,4 - Difficult,4,8,Expert_Survey_E05_WD.xlsx,Round 1
E05_WD,1,20+,3,191,Implementation,Client module installation,URL Configuration,3 - Moderate / recurring,3,2 - Easy,2,6,Expert_Survey_E05_WD.xlsx,Round 1
E05_WD,1,20+,3,192,Implementation,Client module installation,Web Services,2 - Occasional / peripheral,2,4 - Difficult,4,8,Expert_Survey_E05_WD.xlsx,Round 1
E05_WD,1,20+,3,193,Implementation,Deployment,+App Gallery,4 - Frequent / important,4,1 - Very easy,1,4,Expert_Survey_E05_WD.xlsx,Round 1
E05_WD,1,20+,3,194,Implementation,Deployment,+Software as a Service,4 - Frequent / important,4,1 - Very easy,1,4,Expert_Survey_E05_WD.xlsx,Round 1
E05_WD,1,20+,3,195,Implementation,Deployment,Application IDE,2 - Occasional / peripheral,2,3 - Moderate,3,6,Expert_Survey_E05_WD.xlsx,Round 1
E05_WD,1,20+,3,196,Implementation,Deployment,CI/CD,2 - Occasional / peripheral,2,5 - Very difficult,5,10,Expert_Survey_E05_WD.xlsx,Round 2
E05_WD,1,20+,3,197,Implementation,Deployment,Cloud Computing,2 - Occasional / peripheral,2,4 - Difficult,4,8,Expert_Survey_E05_WD.xlsx,Round 1
E05_WD,1,20+,3,198,Implementation,Deployment,Cloud Services,2 - Occasional / peripheral,2,4 - Difficult,4,8,Expert_Survey_E05_WD.xlsx,Round 1
E05_WD,1,20+,3,199,Implementation,Deployment,Docker,2 - Occasional / peripheral,2,4 - Difficult,4,8,Expert_Survey_E05_WD.xlsx,Round 2
E05_WD,1,20+,3,200,Implementation,Deployment,Import/Export,3 - Moderate / recurring,3,2 - Easy,2,6,Expert_Survey_E05_WD.xlsx,Round 1
E05_WD,1,20+,3,201,Implementation,Deployment,Kubernetes,2 - Occasional / peripheral,2,4 - Difficult,4,8,Expert_Survey_E05_WD.xlsx,Round 2
E05_WD,1,20+,3,202,Implementation,Deployment,On-Premise,2 - Occasional / peripheral,2,4 - Difficult,4,8,Expert_Survey_E05_WD.xlsx,Round 1
E05_WD,1,20+,3,203,Implementation,Deployment,On-premises Data Gateway,1 - Rare / avoidable,1,5 - Very difficult,5,5,Expert_Survey_E05_WD.xlsx,Round 1
E05_WD,1,20+,3,204,Implementation,Deployment,REST API,2 - Occasional / peripheral,2,5 - Very difficult,5,10,Expert_Survey_E05_WD.xlsx,Round 1
E05_WD,1,20+,3,205,Implementation,Deployment,Scripts,3 - Moderate / recurring,3,4 - Difficult,4,12,Expert_Survey_E05_WD.xlsx,Round 2
E05_WD,1,20+,3,206,Implementation,Deployment,SOAP,2 - Occasional / peripheral,2,4 - Difficult,4,8,Expert_Survey_E05_WD.xlsx,Round 2
E05_WD,1,20+,3,207,Implementation,Version control,Code Repository Concept,3 - Moderate / recurring,3,3 - Moderate,3,9,Expert_Survey_E05_WD.xlsx,Round 2
E05_WD,1,20+,3,208,Implementation,Version control,Custom Version Control,2 - Occasional / peripheral,2,4 - Difficult,4,8,Expert_Survey_E05_WD.xlsx,Round 2
E05_WD,1,20+,3,209,Implementation,Version control,Git,3 - Moderate / recurring,3,4 - Difficult,4,12,Expert_Survey_E05_WD.xlsx,Round 2
E06_PM,1,20+,5+,1,Design,Workflow model,+BPMN Process Model,3 - Moderate / recurring,3,3 - Moderate,3,9,Expert_Survey_E06_PM.xlsx,Round 1
E06_PM,1,20+,5+,2,Design,Workflow model,Custom Process Model,3 - Moderate / recurring,3,4 - Difficult,4,12,Expert_Survey_E06_PM.xlsx,Round 2
E06_PM,1,20+,5+,3,Design,Database model,+Business Data Types,4 - Frequent / important,4,2 - Easy,2,8,Expert_Survey_E06_PM.xlsx,Round 1
E06_PM,1,20+,5+,4,Design,Database model,+Form-based Data,5 - Essential / continuous,5,1 - Very easy,1,5,Expert_Survey_E06_PM.xlsx,Round 1
E06_PM,1,20+,5+,5,Design,Database model,+Item-Detail,4 - Frequent / important,4,2 - Easy,2,8,Expert_Survey_E06_PM.xlsx,Round 1
E06_PM,1,20+,5+,6,Design,Database model,+Lookup/Drop-down,5 - Essential / continuous,5,1 - Very easy,1,5,Expert_Survey_E06_PM.xlsx,Round 1
E06_PM,1,20+,5+,7,Design,Database model,+Predefined Entities,4 - Frequent / important,4,2 - Easy,2,8,Expert_Survey_E06_PM.xlsx,Round 1
E06_PM,1,20+,5+,8,Design,Database model,Domain Model,3 - Moderate / recurring,3,3 - Moderate,3,9,Expert_Survey_E06_PM.xlsx,Round 1
E06_PM,1,20+,5+,9,Design,Database model,Conditional Expressions,3 - Moderate / recurring,3,3 - Moderate,3,9,Expert_Survey_E06_PM.xlsx,Round 1
E06_PM,1,20+,5+,10,Design,Database model,Constraints,2 - Occasional / peripheral,2,4 - Difficult,4,8,Expert_Survey_E06_PM.xlsx,Round 1
E06_PM,1,20+,5+,11,Design,Database model,Data Structure,3 - Moderate / recurring,3,3 - Moderate,3,9,Expert_Survey_E06_PM.xlsx,Round 1
E06_PM,1,20+,5+,12,Design,Database model,IT Data Types,2 - Occasional / peripheral,2,4 - Difficult,4,8,Expert_Survey_E06_PM.xlsx,Round 1
E06_PM,1,20+,5+,13,Design,Database model,Denormalization,1 - Rare / avoidable,1,5 - Very difficult,5,5,Expert_Survey_E06_PM.xlsx,Round 1
E06_PM,1,20+,5+,14,Design,Database model,Entity Diagrams,2 - Occasional / peripheral,2,4 - Difficult,4,8,Expert_Survey_E06_PM.xlsx,Round 1
E06_PM,1,20+,5+,15,Design,Database model,Enumerations,3 - Moderate / recurring,3,2 - Easy,2,6,Expert_Survey_E06_PM.xlsx,Round 1
E06_PM,1,20+,5+,16,Design,Database model,Expressions,4 - Frequent / important,4,3 - Moderate,3,12,Expert_Survey_E06_PM.xlsx,Round 1
E06_PM,1,20+,5+,17,Design,Database model,Relational Database,3 - Moderate / recurring,3,4 - Difficult,4,12,Expert_Survey_E06_PM.xlsx,Round 2
E06_PM,1,20+,5+,18,Design,Database model,XML/XPath,2 - Occasional / peripheral,2,5 - Very difficult,5,10,Expert_Survey_E06_PM.xlsx,Round 2
E06_PM,1,20+,5+,19,Design,UI model,+App templates,5 - Essential / continuous,5,1 - Very easy,1,5,Expert_Survey_E06_PM.xlsx,Round 1
E06_PM,1,20+,5+,20,Design,UI model,+Business Data Types,4 - Frequent / important,4,2 - Easy,2,8,Expert_Survey_E06_PM.xlsx,Round 1
E06_PM,1,20+,5+,21,Design,UI model,+Screen Templates,5 - Essential / continuous,5,1 - Very easy,1,5,Expert_Survey_E06_PM.xlsx,Round 1
E06_PM,1,20+,5+,22,Design,UI model,+UI Branding,3 - Moderate / recurring,3,2 - Easy,2,6,Expert_Survey_E06_PM.xlsx,Round 1
E06_PM,1,20+,5+,23,Design,UI model,+View Types,4 - Frequent / important,4,2 - Easy,2,8,Expert_Survey_E06_PM.xlsx,Round 1
E06_PM,1,20+,5+,24,Design,UI model,Expressions,4 - Frequent / important,4,3 - Moderate,3,12,Expert_Survey_E06_PM.xlsx,Round 2
E06_PM,1,20+,5+,25,Design,UI model,IT Data Types,2 - Occasional / peripheral,2,4 - Difficult,4,8,Expert_Survey_E06_PM.xlsx,Round 1
E06_PM,1,20+,5+,26,Design,UI model,Functions,3 - Moderate / recurring,3,3 - Moderate,3,9,Expert_Survey_E06_PM.xlsx,Round 2
E06_PM,1,20+,5+,27,Design,UI model,Model-driven Apps,3 - Moderate / recurring,3,3 - Moderate,3,9,Expert_Survey_E06_PM.xlsx,Round 2
E06_PM,1,20+,5+,28,Design,UI model,Reactive Web App,3 - Moderate / recurring,3,4 - Difficult,4,12,Expert_Survey_E06_PM.xlsx,Round 2
E06_PM,1,20+,5+,29,Design,UI model,Responsive Web Design,3 - Moderate / recurring,3,4 - Difficult,4,12,Expert_Survey_E06_PM.xlsx,Round 2
E06_PM,1,20+,5+,30,Design,UI model,Variables,4 - Frequent / important,4,3 - Moderate,3,12,Expert_Survey_E06_PM.xlsx,Round 1
E06_PM,1,20+,5+,31,Design,Validations,+Business Rules,5 - Essential / continuous,5,2 - Easy,2,10,Expert_Survey_E06_PM.xlsx,Round 1
E06_PM,1,20+,5+,32,Design,Validations,+Lookup/Drop-down,5 - Essential / continuous,5,1 - Very easy,1,5,Expert_Survey_E06_PM.xlsx,Round 1
E06_PM,1,20+,5+,33,Design,Validations,Expressions,4 - Frequent / important,4,3 - Moderate,3,12,Expert_Survey_E06_PM.xlsx,Round 1
E06_PM,1,20+,5+,34,Design,Validations,Enumerations,3 - Moderate / recurring,3,2 - Easy,2,6,Expert_Survey_E06_PM.xlsx,Round 1
E06_PM,1,20+,5+,35,Design,Validations,JavaScript,2 - Occasional / peripheral,2,5 - Very difficult,5,10,Expert_Survey_E06_PM.xlsx,Round 2
E06_PM,1,20+,5+,36,Design,Validations,Scripts,2 - Occasional / peripheral,2,5 - Very difficult,5,10,Expert_Survey_E06_PM.xlsx,Round 2
E06_PM,1,20+,5+,37,Design,Validations,Transactions,3 - Moderate / recurring,3,4 - Difficult,4,12,Expert_Survey_E06_PM.xlsx,Round 2
E06_PM,1,20+,5+,38,Design,Application logic,+Actions,5 - Essential / continuous,5,2 - Easy,2,10,Expert_Survey_E06_PM.xlsx,Round 1
E06_PM,1,20+,5+,39,Design,Application logic,+Graphical actions,5 - Essential / continuous,5,1 - Very easy,1,5,Expert_Survey_E06_PM.xlsx,Round 1
E06_PM,1,20+,5+,40,Design,Application logic,+NLP,2 - Occasional / peripheral,2,4 - Difficult,4,8,Expert_Survey_E06_PM.xlsx,Round 1
E06_PM,1,20+,5+,41,Design,Application logic,+Custom Language,1 - Rare / avoidable,1,5 - Very difficult,5,5,Expert_Survey_E06_PM.xlsx,Round 1
E06_PM,1,20+,5+,42,Design,Application logic,+Predefined Tasks,4 - Frequent / important,4,2 - Easy,2,8,Expert_Survey_E06_PM.xlsx,Round 1
E06_PM,1,20+,5+,43,Design,Application logic,UML,2 - Occasional / peripheral,2,4 - Difficult,4,8,Expert_Survey_E06_PM.xlsx,Round 2
E06_PM,1,20+,5+,44,Design,Application logic,Algorithms,1 - Rare / avoidable,1,5 - Very difficult,5,5,Expert_Survey_E06_PM.xlsx,Round 1
E06_PM,1,20+,5+,45,Design,Application logic,Expressions,4 - Frequent / important,4,3 - Moderate,3,12,Expert_Survey_E06_PM.xlsx,Round 1
E06_PM,1,20+,5+,46,Design,Application logic,Control Structures,2 - Occasional / peripheral,2,4 - Difficult,4,8,Expert_Survey_E06_PM.xlsx,Round 1
E06_PM,1,20+,5+,47,Design,Application logic,IT Data Types,2 - Occasional / peripheral,2,4 - Difficult,4,8,Expert_Survey_E06_PM.xlsx,Round 1
E06_PM,1,20+,5+,48,Design,Application logic,Events,3 - Moderate / recurring,3,3 - Moderate,3,9,Expert_Survey_E06_PM.xlsx,Round 1
E06_PM,1,20+,5+,49,Design,Application logic,Formulas,4 - Frequent / important,4,3 - Moderate,3,12,Expert_Survey_E06_PM.xlsx,Round 2
E06_PM,1,20+,5+,50,Design,Application logic,Functions,3 - Moderate / recurring,3,3 - Moderate,3,9,Expert_Survey_E06_PM.xlsx,Round 2
E06_PM,1,20+,5+,51,Design,Application logic,Java,2 - Occasional / peripheral,2,5 - Very difficult,5,10,Expert_Survey_E06_PM.xlsx,Round 2
E06_PM,1,20+,5+,52,Design,Application logic,JavaScript,3 - Moderate / recurring,3,5 - Very difficult,5,15,Expert_Survey_E06_PM.xlsx,Round 2
E06_PM,1,20+,5+,53,Design,Application logic,Microservices,2 - Occasional / peripheral,2,5 - Very difficult,5,10,Expert_Survey_E06_PM.xlsx,Round 2
E06_PM,1,20+,5+,54,Design,Application logic,SQL,3 - Moderate / recurring,3,5 - Very difficult,5,15,Expert_Survey_E06_PM.xlsx,Round 2
E06_PM,1,20+,5+,55,Design,Application logic,Variables,4 - Frequent / important,4,3 - Moderate,3,12,Expert_Survey_E06_PM.xlsx,Round 1
E06_PM,1,20+,5+,56,Development,Workflow design and development,+BPMN Process Model,3 - Moderate / recurring,3,3 - Moderate,3,9,Expert_Survey_E06_PM.xlsx,Round 1
E06_PM,1,20+,5+,57,Development,Workflow design and development,Expressions,4 - Frequent / important,4,3 - Moderate,3,12,Expert_Survey_E06_PM.xlsx,Round 1
E06_PM,1,20+,5+,58,Development,Workflow design and development,Custom Process Model,2 - Occasional / peripheral,2,4 - Difficult,4,8,Expert_Survey_E06_PM.xlsx,Round 1
E06_PM,1,20+,5+,59,Development,Workflow design and development,Events,3 - Moderate / recurring,3,3 - Moderate,3,9,Expert_Survey_E06_PM.xlsx,Round 1
E06_PM,1,20+,5+,60,Development,Workflow design and development,Java API,2 - Occasional / peripheral,2,5 - Very difficult,5,10,Expert_Survey_E06_PM.xlsx,Round 2
E06_PM,1,20+,5+,61,Development,Workflow design and development,JavaScript,2 - Occasional / peripheral,2,5 - Very difficult,5,10,Expert_Survey_E06_PM.xlsx,Round 2
E06_PM,1,20+,5+,62,Development,Workflow design and development,REST API,2 - Occasional / peripheral,2,5 - Very difficult,5,10,Expert_Survey_E06_PM.xlsx,Round 1
E06_PM,1,20+,5+,63,Development,Workflow design and development,Triggers,2 - Occasional / peripheral,2,4 - Difficult,4,8,Expert_Survey_E06_PM.xlsx,Round 1
E06_PM,1,20+,5+,64,Development,Database design,+Business Data Types,4 - Frequent / important,4,2 - Easy,2,8,Expert_Survey_E06_PM.xlsx,Round 1
E06_PM,1,20+,5+,65,Development,Database design,+Custom Database Model,3 - Moderate / recurring,3,3 - Moderate,3,9,Expert_Survey_E06_PM.xlsx,Round 1
E06_PM,1,20+,5+,66,Development,Database design,+References,5 - Essential / continuous,5,1 - Very easy,1,5,Expert_Survey_E06_PM.xlsx,Round 1
E06_PM,1,20+,5+,67,Development,Database design,+Slices,4 - Frequent / important,4,2 - Easy,2,8,Expert_Survey_E06_PM.xlsx,Round 1
E06_PM,1,20+,5+,68,Development,Database design,Actions,4 - Frequent / important,4,3 - Moderate,3,12,Expert_Survey_E06_PM.xlsx,Round 1
E06_PM,1,20+,5+,69,Development,Database design,Expressions,4 - Frequent / important,4,3 - Moderate,3,12,Expert_Survey_E06_PM.xlsx,Round 1
E06_PM,1,20+,5+,70,Development,Database design,Relational Database,2 - Occasional / peripheral,2,5 - Very difficult,5,10,Expert_Survey_E06_PM.xlsx,Round 1
E06_PM,1,20+,5+,71,Development,Database design,Entity Diagrams,2 - Occasional / peripheral,2,4 - Difficult,4,8,Expert_Survey_E06_PM.xlsx,Round 1
E06_PM,1,20+,5+,72,Development,Database design,Functions,3 - Moderate / recurring,3,3 - Moderate,3,9,Expert_Survey_E06_PM.xlsx,Round 1
E06_PM,1,20+,5+,73,Development,Database design,SQL,2 - Occasional / peripheral,2,5 - Very difficult,5,10,Expert_Survey_E06_PM.xlsx,Round 1
E06_PM,1,20+,5+,74,Development,Database design,IT Data Types,2 - Occasional / peripheral,2,4 - Difficult,4,8,Expert_Survey_E06_PM.xlsx,Round 1
E06_PM,1,20+,5+,75,Development,Database design,Web API,2 - Occasional / peripheral,2,5 - Very difficult,5,10,Expert_Survey_E06_PM.xlsx,Round 1
E06_PM,1,20+,5+,76,Development,Fetching data,.NET,1 - Rare / avoidable,1,5 - Very difficult,5,5,Expert_Survey_E06_PM.xlsx,Round 1
E06_PM,1,20+,5+,77,Development,Fetching data,+Cloud-based Spreadsheets,4 - Frequent / important,4,2 - Easy,2,8,Expert_Survey_E06_PM.xlsx,Round 1
E06_PM,1,20+,5+,78,Development,Fetching data,+GUI Queries,5 - Essential / continuous,5,1 - Very easy,1,5,Expert_Survey_E06_PM.xlsx,Round 1
E06_PM,1,20+,5+,79,Development,Fetching data,+Human Language,4 - Frequent / important,4,2 - Easy,2,8,Expert_Survey_E06_PM.xlsx,Round 1
E06_PM,1,20+,5+,80,Development,Fetching data,+Integrated Data Sources,5 - Essential / continuous,5,2 - Easy,2,10,Expert_Survey_E06_PM.xlsx,Round 1
E06_PM,1,20+,5+,81,Development,Fetching data,Cloud Services,2 - Occasional / peripheral,2,4 - Difficult,4,8,Expert_Survey_E06_PM.xlsx,Round 1
E06_PM,1,20+,5+,82,Development,Fetching data,Custom Query Language,1 - Rare / avoidable,1,5 - Very difficult,5,5,Expert_Survey_E06_PM.xlsx,Round 1
E06_PM,1,20+,5+,83,Development,Fetching data,Data Source Integration,2 - Occasional / peripheral,2,4 - Difficult,4,8,Expert_Survey_E06_PM.xlsx,Round 1
E06_PM,1,20+,5+,84,Development,Fetching data,Formulas,3 - Moderate / recurring,3,3 - Moderate,3,9,Expert_Survey_E06_PM.xlsx,Round 1
E06_PM,1,20+,5+,85,Development,Fetching data,Local Storage,2 - Occasional / peripheral,2,3 - Moderate,3,6,Expert_Survey_E06_PM.xlsx,Round 1
E06_PM,1,20+,5+,86,Development,Fetching data,OAuth,1 - Rare / avoidable,1,5 - Very difficult,5,5,Expert_Survey_E06_PM.xlsx,Round 1
E06_PM,1,20+,5+,87,Development,Fetching data,REST API,2 - Occasional / peripheral,2,5 - Very difficult,5,10,Expert_Survey_E06_PM.xlsx,Round 1
E06_PM,1,20+,5+,88,Development,Fetching data,SDK,1 - Rare / avoidable,1,5 - Very difficult,5,5,Expert_Survey_E06_PM.xlsx,Round 1
E06_PM,1,20+,5+,89,Development,Fetching data,SQL,2 - Occasional / peripheral,2,5 - Very difficult,5,10,Expert_Survey_E06_PM.xlsx,Round 1
E06_PM,1,20+,5+,90,Development,Fetching data,URL,3 - Moderate / recurring,3,2 - Easy,2,6,Expert_Survey_E06_PM.xlsx,Round 1
E06_PM,1,20+,5+,91,Development,Fetching data,Web API,2 - Occasional / peripheral,2,5 - Very difficult,5,10,Expert_Survey_E06_PM.xlsx,Round 1
E06_PM,1,20+,5+,92,Development,GUI design and development,+AI Support,3 - Moderate / recurring,3,3 - Moderate,3,9,Expert_Survey_E06_PM.xlsx,Round 1
E06_PM,1,20+,5+,93,Development,GUI design and development,+Business Data Types,4 - Frequent / important,4,2 - Easy,2,8,Expert_Survey_E06_PM.xlsx,Round 1
E06_PM,1,20+,5+,94,Development,GUI design and development,+Conditional Formatting,5 - Essential / continuous,5,1 - Very easy,1,5,Expert_Survey_E06_PM.xlsx,Round 1
E06_PM,1,20+,5+,95,Development,GUI design and development,+GUI Style Editor,4 - Frequent / important,4,2 - Easy,2,8,Expert_Survey_E06_PM.xlsx,Round 1
E06_PM,1,20+,5+,96,Development,GUI design and development,+Templatized Formulas,4 - Frequent / important,4,2 - Easy,2,8,Expert_Survey_E06_PM.xlsx,Round 1
E06_PM,1,20+,5+,97,Development,GUI design and development,+UI Branding,3 - Moderate / recurring,3,2 - Easy,2,6,Expert_Survey_E06_PM.xlsx,Round 1
E06_PM,1,20+,5+,98,Development,GUI design and development,+View Types,4 - Frequent / important,4,2 - Easy,2,8,Expert_Survey_E06_PM.xlsx,Round 1
E06_PM,1,20+,5+,99,Development,GUI design and development,+WYSIWYG,5 - Essential / continuous,5,1 - Very easy,1,5,Expert_Survey_E06_PM.xlsx,Round 1
E06_PM,1,20+,5+,100,Development,GUI design and development,CSS/SCSS,2 - Occasional / peripheral,2,4 - Difficult,4,8,Expert_Survey_E06_PM.xlsx,Round 1
E06_PM,1,20+,5+,101,Development,GUI design and development,Event Propagation,1 - Rare / avoidable,1,5 - Very difficult,5,5,Expert_Survey_E06_PM.xlsx,Round 1
E06_PM,1,20+,5+,102,Development,GUI design and development,Responsive Web Design,2 - Occasional / peripheral,2,4 - Difficult,4,8,Expert_Survey_E06_PM.xlsx,Round 1
E06_PM,1,20+,5+,103,Development,GUI design and development,HTML,2 - Occasional / peripheral,2,4 - Difficult,4,8,Expert_Survey_E06_PM.xlsx,Round 1
E06_PM,1,20+,5+,104,Development,GUI design and development,IT Data Types,2 - Occasional / peripheral,2,4 - Difficult,4,8,Expert_Survey_E06_PM.xlsx,Round 1
E06_PM,1,20+,5+,105,Development,GUI design and development,JavaScript,1 - Rare / avoidable,1,5 - Very difficult,5,5,Expert_Survey_E06_PM.xlsx,Round 1
E06_PM,1,20+,5+,106,Development,GUI design and development,Master Detail,3 - Moderate / recurring,3,3 - Moderate,3,9,Expert_Survey_E06_PM.xlsx,Round 1
E06_PM,1,20+,5+,107,Development,GUI design and development,Programming Functions,2 - Occasional / peripheral,2,4 - Difficult,4,8,Expert_Survey_E06_PM.xlsx,Round 2
E06_PM,1,20+,5+,108,Development,GUI design and development,Scripts,1 - Rare / avoidable,1,5 - Very difficult,5,5,Expert_Survey_E06_PM.xlsx,Round 1
E06_PM,1,20+,5+,109,Development,GUI design and development,Snippets,2 - Occasional / peripheral,2,3 - Moderate,3,6,Expert_Survey_E06_PM.xlsx,Round 1
E06_PM,1,20+,5+,110,Development,GUI design and development,Variables,4 - Frequent / important,4,3 - Moderate,3,12,Expert_Survey_E06_PM.xlsx,Round 1
E06_PM,1,20+,5+,111,Development,GUI design and development,XML,2 - Occasional / peripheral,2,4 - Difficult,4,8,Expert_Survey_E06_PM.xlsx,Round 2
E06_PM,1,20+,5+,112,Development,Data validation development,+Business Rules,5 - Essential / continuous,5,2 - Easy,2,10,Expert_Survey_E06_PM.xlsx,Round 1
E06_PM,1,20+,5+,113,Development,Data validation development,+Column Expressions,4 - Frequent / important,4,2 - Easy,2,8,Expert_Survey_E06_PM.xlsx,Round 1
E06_PM,1,20+,5+,114,Development,Data validation development,Expressions,4 - Frequent / important,4,3 - Moderate,3,12,Expert_Survey_E06_PM.xlsx,Round 1
E06_PM,1,20+,5+,115,Development,Data validation development,Data Fields,4 - Frequent / important,4,3 - Moderate,3,12,Expert_Survey_E06_PM.xlsx,Round 2
E06_PM,1,20+,5+,116,Development,Data validation development,Domain Model,4 - Frequent / important,4,3 - Moderate,3,12,Expert_Survey_E06_PM.xlsx,Round 2
E06_PM,1,20+,5+,117,Development,Data validation development,Scripts,1 - Rare / avoidable,1,5 - Very difficult,5,5,Expert_Survey_E06_PM.xlsx,Round 1
E06_PM,1,20+,5+,118,Development,Actions design and development,+AI Assisted Development,3 - Moderate / recurring,3,3 - Moderate,3,9,Expert_Survey_E06_PM.xlsx,Round 1
E06_PM,1,20+,5+,119,Development,Actions design and development,+Automations,5 - Essential / continuous,5,2 - Easy,2,10,Expert_Survey_E06_PM.xlsx,Round 1
E06_PM,1,20+,5+,120,Development,Actions design and development,+Built-in Connectors,5 - Essential / continuous,5,2 - Easy,2,10,Expert_Survey_E06_PM.xlsx,Round 1
E06_PM,1,20+,5+,121,Development,Actions design and development,API,2 - Occasional / peripheral,2,5 - Very difficult,5,10,Expert_Survey_E06_PM.xlsx,Round 1
E06_PM,1,20+,5+,122,Development,Actions design and development,Expressions,4 - Frequent / important,4,3 - Moderate,3,12,Expert_Survey_E06_PM.xlsx,Round 1
E06_PM,1,20+,5+,123,Development,Actions design and development,Functions,4 - Frequent / important,4,3 - Moderate,3,12,Expert_Survey_E06_PM.xlsx,Round 2
E06_PM,1,20+,5+,124,Development,Actions design and development,Java,2 - Occasional / peripheral,2,5 - Very difficult,5,10,Expert_Survey_E06_PM.xlsx,Round 2
E06_PM,1,20+,5+,125,Development,Actions design and development,JavaScript,2 - Occasional / peripheral,2,5 - Very difficult,5,10,Expert_Survey_E06_PM.xlsx,Round 2
E06_PM,1,20+,5+,126,Development,Actions design and development,Object Model,2 - Occasional / peripheral,2,4 - Difficult,4,8,Expert_Survey_E06_PM.xlsx,Round 1
E06_PM,1,20+,5+,127,Development,Actions design and development,Scripts,1 - Rare / avoidable,1,5 - Very difficult,5,5,Expert_Survey_E06_PM.xlsx,Round 1
E06_PM,1,20+,5+,128,Development,Actions design and development,SOAP,1 - Rare / avoidable,1,5 - Very difficult,5,5,Expert_Survey_E06_PM.xlsx,Round 1
E06_PM,1,20+,5+,129,Development,Programming,.NET,1 - Rare / avoidable,1,5 - Very difficult,5,5,Expert_Survey_E06_PM.xlsx,Round 1
E06_PM,1,20+,5+,130,Development,Programming,+Visual Programming,5 - Essential / continuous,5,1 - Very easy,1,5,Expert_Survey_E06_PM.xlsx,Round 1
E06_PM,1,20+,5+,131,Development,Programming,Expressions,4 - Frequent / important,4,3 - Moderate,3,12,Expert_Survey_E06_PM.xlsx,Round 2
E06_PM,1,20+,5+,132,Development,Programming,CLI,1 - Rare / avoidable,1,5 - Very difficult,5,5,Expert_Survey_E06_PM.xlsx,Round 1
E06_PM,1,20+,5+,133,Development,Programming,IT Data Types,2 - Occasional / peripheral,2,4 - Difficult,4,8,Expert_Survey_E06_PM.xlsx,Round 1
E06_PM,1,20+,5+,134,Development,Programming,Eclipse,1 - Rare / avoidable,1,5 - Very difficult,5,5,Expert_Survey_E06_PM.xlsx,Round 1
E06_PM,1,20+,5+,135,Development,Programming,Emulators,1 - Rare / avoidable,1,4 - Difficult,4,4,Expert_Survey_E06_PM.xlsx,Round 1
E06_PM,1,20+,5+,136,Development,Programming,Entity Types,3 - Moderate / recurring,3,3 - Moderate,3,9,Expert_Survey_E06_PM.xlsx,Round 1
E06_PM,1,20+,5+,137,Development,Programming,Enumerations,3 - Moderate / recurring,3,2 - Easy,2,6,Expert_Survey_E06_PM.xlsx,Round 1
E06_PM,1,20+,5+,138,Development,Programming,Functions,3 - Moderate / recurring,3,3 - Moderate,3,9,Expert_Survey_E06_PM.xlsx,Round 1
E06_PM,1,20+,5+,139,Development,Programming,HTML,2 - Occasional / peripheral,2,4 - Difficult,4,8,Expert_Survey_E06_PM.xlsx,Round 1
E06_PM,1,20+,5+,140,Development,Programming,SDK/IDE,1 - Rare / avoidable,1,5 - Very difficult,5,5,Expert_Survey_E06_PM.xlsx,Round 1
E06_PM,1,20+,5+,141,Development,Programming,Iteration Statements,2 - Occasional / peripheral,2,4 - Difficult,4,8,Expert_Survey_E06_PM.xlsx,Round 1
E06_PM,1,20+,5+,142,Development,Programming,Java,1 - Rare / avoidable,1,5 - Very difficult,5,5,Expert_Survey_E06_PM.xlsx,Round 1
E06_PM,1,20+,5+,143,Development,Programming,Java API,1 - Rare / avoidable,1,5 - Very difficult,5,5,Expert_Survey_E06_PM.xlsx,Round 1
E06_PM,1,20+,5+,144,Development,Programming,JavaScript,1 - Rare / avoidable,1,5 - Very difficult,5,5,Expert_Survey_E06_PM.xlsx,Round 1
E06_PM,1,20+,5+,145,Development,Programming,JSON,2 - Occasional / peripheral,2,4 - Difficult,4,8,Expert_Survey_E06_PM.xlsx,Round 1
E06_PM,1,20+,5+,146,Development,Programming,Markup Language,2 - Occasional / peripheral,2,3 - Moderate,3,6,Expert_Survey_E06_PM.xlsx,Round 1
E06_PM,1,20+,5+,147,Development,Programming,Metadata,2 - Occasional / peripheral,2,4 - Difficult,4,8,Expert_Survey_E06_PM.xlsx,Round 1
E06_PM,1,20+,5+,148,Development,Programming,Native Mobile App,2 - Occasional / peripheral,2,5 - Very difficult,5,10,Expert_Survey_E06_PM.xlsx,Round 1
E06_PM,1,20+,5+,149,Development,Programming,node.js,2 - Occasional / peripheral,2,4 - Difficult,4,8,Expert_Survey_E06_PM.xlsx,Round 2
E06_PM,1,20+,5+,150,Development,Programming,PWA,1 - Rare / avoidable,1,5 - Very difficult,5,5,Expert_Survey_E06_PM.xlsx,Round 1
E06_PM,1,20+,5+,151,Development,Programming,Query Functions,2 - Occasional / peripheral,2,4 - Difficult,4,8,Expert_Survey_E06_PM.xlsx,Round 1
E06_PM,1,20+,5+,152,Development,Programming,Scripts,1 - Rare / avoidable,1,5 - Very difficult,5,5,Expert_Survey_E06_PM.xlsx,Round 1
E06_PM,1,20+,5+,153,Development,Programming,Snippets,2 - Occasional / peripheral,2,3 - Moderate,3,6,Expert_Survey_E06_PM.xlsx,Round 1
E06_PM,1,20+,5+,154,Development,Programming,TypeScript,1 - Rare / avoidable,1,5 - Very difficult,5,5,Expert_Survey_E06_PM.xlsx,Round 1
E06_PM,1,20+,5+,155,Development,Programming,Web API,2 - Occasional / peripheral,2,5 - Very difficult,5,10,Expert_Survey_E06_PM.xlsx,Round 1
E06_PM,1,20+,5+,156,Development,Programming,XML,1 - Rare / avoidable,1,5 - Very difficult,5,5,Expert_Survey_E06_PM.xlsx,Round 1
E06_PM,1,20+,5+,157,Implementation,Runtime server installation,+Cloud Based Environment,4 - Frequent / important,4,3 - Moderate,3,12,Expert_Survey_E06_PM.xlsx,Round 2
E06_PM,1,20+,5+,158,Implementation,Runtime server installation,API,2 - Occasional / peripheral,2,5 - Very difficult,5,10,Expert_Survey_E06_PM.xlsx,Round 1
E06_PM,1,20+,5+,159,Implementation,Runtime server installation,Compiler Service,1 - Rare / avoidable,1,5 - Very difficult,5,5,Expert_Survey_E06_PM.xlsx,Round 1
E06_PM,1,20+,5+,160,Implementation,Runtime server installation,Database Synchronization,2 - Occasional / peripheral,2,4 - Difficult,4,8,Expert_Survey_E06_PM.xlsx,Round 1
E06_PM,1,20+,5+,161,Implementation,Runtime server installation,Deployment Controller Service,2 - Occasional / peripheral,2,5 - Very difficult,5,10,Expert_Survey_E06_PM.xlsx,Round 1
E06_PM,1,20+,5+,162,Implementation,Runtime server installation,Email Server (SMTP),2 - Occasional / peripheral,2,4 - Difficult,4,8,Expert_Survey_E06_PM.xlsx,Round 1
E06_PM,1,20+,5+,163,Implementation,Runtime server installation,File Storage,2 - Occasional / peripheral,2,3 - Moderate,3,6,Expert_Survey_E06_PM.xlsx,Round 1
E06_PM,1,20+,5+,164,Implementation,Runtime server installation,HTTPS Server,2 - Occasional / peripheral,2,4 - Difficult,4,8,Expert_Survey_E06_PM.xlsx,Round 2
E06_PM,1,20+,5+,165,Implementation,Runtime server installation,Java,2 - Occasional / peripheral,2,4 - Difficult,4,8,Expert_Survey_E06_PM.xlsx,Round 2
E06_PM,1,20+,5+,166,Implementation,Runtime server installation,Load Balancing,1 - Rare / avoidable,1,5 - Very difficult,5,5,Expert_Survey_E06_PM.xlsx,Round 1
E06_PM,1,20+,5+,167,Implementation,Runtime server installation,Log Service,2 - Occasional / peripheral,2,4 - Difficult,4,8,Expert_Survey_E06_PM.xlsx,Round 1
E06_PM,1,20+,5+,168,Implementation,Runtime server installation,Mobile App,2 - Occasional / peripheral,2,4 - Difficult,4,8,Expert_Survey_E06_PM.xlsx,Round 1
E06_PM,1,20+,5+,169,Implementation,Runtime server installation,OQL,1 - Rare / avoidable,1,5 - Very difficult,5,5,Expert_Survey_E06_PM.xlsx,Round 1
E06_PM,1,20+,5+,170,Implementation,Runtime server installation,Proxy server,1 - Rare / avoidable,1,5 - Very difficult,5,5,Expert_Survey_E06_PM.xlsx,Round 1
E06_PM,1,20+,5+,171,Implementation,Runtime server installation,Relational Database,3 - Moderate / recurring,3,4 - Difficult,4,12,Expert_Survey_E06_PM.xlsx,Round 2
E06_PM,1,20+,5+,172,Implementation,Runtime server installation,REST API,2 - Occasional / peripheral,2,5 - Very difficult,5,10,Expert_Survey_E06_PM.xlsx,Round 1
E06_PM,1,20+,5+,173,Implementation,Runtime server installation,SAML Authentication,2 - Occasional / peripheral,2,4 - Difficult,4,8,Expert_Survey_E06_PM.xlsx,Round 2
E06_PM,1,20+,5+,174,Implementation,Runtime server installation,Scheduler Service,2 - Occasional / peripheral,2,4 - Difficult,4,8,Expert_Survey_E06_PM.xlsx,Round 1
E06_PM,1,20+,5+,175,Implementation,Runtime server installation,Shared Libraries,1 - Rare / avoidable,1,5 - Very difficult,5,5,Expert_Survey_E06_PM.xlsx,Round 1
E06_PM,1,20+,5+,176,Implementation,Runtime server installation,SOAP,2 - Occasional / peripheral,2,5 - Very difficult,5,10,Expert_Survey_E06_PM.xlsx,Round 2
E06_PM,1,20+,5+,177,Implementation,Runtime server installation,SSL Certificates,1 - Rare / avoidable,1,5 - Very difficult,5,5,Expert_Survey_E06_PM.xlsx,Round 1
E06_PM,1,20+,5+,178,Implementation,Runtime server installation,Swagger,1 - Rare / avoidable,1,5 - Very difficult,5,5,Expert_Survey_E06_PM.xlsx,Round 1
E06_PM,1,20+,5+,179,Implementation,Runtime server installation,WSDL,1 - Rare / avoidable,1,5 - Very difficult,5,5,Expert_Survey_E06_PM.xlsx,Round 1
E06_PM,1,20+,5+,180,Implementation,Runtime server installation,XML/XPath,2 - Occasional / peripheral,2,4 - Difficult,4,8,Expert_Survey_E06_PM.xlsx,Round 2
E06_PM,1,20+,5+,181,Implementation,Database installation,+Embedded Database,3 - Moderate / recurring,3,3 - Moderate,3,9,Expert_Survey_E06_PM.xlsx,Round 1
E06_PM,1,20+,5+,182,Implementation,Database installation,File Storage,2 - Occasional / peripheral,2,3 - Moderate,3,6,Expert_Survey_E06_PM.xlsx,Round 1
E06_PM,1,20+,5+,183,Implementation,Database installation,Relational Database,3 - Moderate / recurring,3,4 - Difficult,4,12,Expert_Survey_E06_PM.xlsx,Round 2
E06_PM,1,20+,5+,184,Implementation,Database installation,REST API,2 - Occasional / peripheral,2,5 - Very difficult,5,10,Expert_Survey_E06_PM.xlsx,Round 1
E06_PM,1,20+,5+,185,Implementation,Client module installation,.NET Framework,2 - Occasional / peripheral,2,4 - Difficult,4,8,Expert_Survey_E06_PM.xlsx,Round 2
E06_PM,1,20+,5+,186,Implementation,Client module installation,+Mobile App,3 - Moderate / recurring,3,3 - Moderate,3,9,Expert_Survey_E06_PM.xlsx,Round 1
E06_PM,1,20+,5+,187,Implementation,Client module installation,+Web Browser,4 - Frequent / important,4,1 - Very easy,1,4,Expert_Survey_E06_PM.xlsx,Round 1
E06_PM,1,20+,5+,188,Implementation,Client module installation,API,2 - Occasional / peripheral,2,5 - Very difficult,5,10,Expert_Survey_E06_PM.xlsx,Round 1
E06_PM,1,20+,5+,189,Implementation,Client module installation,Binaries,1 - Rare / avoidable,1,5 - Very difficult,5,5,Expert_Survey_E06_PM.xlsx,Round 1
E06_PM,1,20+,5+,190,Implementation,Client module installation,HTTPS Server,1 - Rare / avoidable,1,5 - Very difficult,5,5,Expert_Survey_E06_PM.xlsx,Round 1
E06_PM,1,20+,5+,191,Implementation,Client module installation,URL Configuration,3 - Moderate / recurring,3,3 - Moderate,3,9,Expert_Survey_E06_PM.xlsx,Round 1
E06_PM,1,20+,5+,192,Implementation,Client module installation,Web Services,2 - Occasional / peripheral,2,5 - Very difficult,5,10,Expert_Survey_E06_PM.xlsx,Round 1
E06_PM,1,20+,5+,193,Implementation,Deployment,+App Gallery,4 - Frequent / important,4,1 - Very easy,1,4,Expert_Survey_E06_PM.xlsx,Round 1
E06_PM,1,20+,5+,194,Implementation,Deployment,+Software as a Service,4 - Frequent / important,4,2 - Easy,2,8,Expert_Survey_E06_PM.xlsx,Round 1
E06_PM,1,20+,5+,195,Implementation,Deployment,Application IDE,2 - Occasional / peripheral,2,4 - Difficult,4,8,Expert_Survey_E06_PM.xlsx,Round 1
E06_PM,1,20+,5+,196,Implementation,Deployment,CI/CD,2 - Occasional / peripheral,2,5 - Very difficult,5,10,Expert_Survey_E06_PM.xlsx,Round 2
E06_PM,1,20+,5+,197,Implementation,Deployment,Cloud Computing,2 - Occasional / peripheral,2,4 - Difficult,4,8,Expert_Survey_E06_PM.xlsx,Round 1
E06_PM,1,20+,5+,198,Implementation,Deployment,Cloud Services,2 - Occasional / peripheral,2,4 - Difficult,4,8,Expert_Survey_E06_PM.xlsx,Round 1
E06_PM,1,20+,5+,199,Implementation,Deployment,Docker,2 - Occasional / peripheral,2,4 - Difficult,4,8,Expert_Survey_E06_PM.xlsx,Round 2
E06_PM,1,20+,5+,200,Implementation,Deployment,Import/Export,4 - Frequent / important,4,2 - Easy,2,8,Expert_Survey_E06_PM.xlsx,Round 1
E06_PM,1,20+,5+,201,Implementation,Deployment,Kubernetes,2 - Occasional / peripheral,2,4 - Difficult,4,8,Expert_Survey_E06_PM.xlsx,Round 2
E06_PM,1,20+,5+,202,Implementation,Deployment,On-Premise,2 - Occasional / peripheral,2,4 - Difficult,4,8,Expert_Survey_E06_PM.xlsx,Round 1
E06_PM,1,20+,5+,203,Implementation,Deployment,On-premises Data Gateway,2 - Occasional / peripheral,2,4 - Difficult,4,8,Expert_Survey_E06_PM.xlsx,Round 1
E06_PM,1,20+,5+,204,Implementation,Deployment,REST API,2 - Occasional / peripheral,2,5 - Very difficult,5,10,Expert_Survey_E06_PM.xlsx,Round 1
E06_PM,1,20+,5+,205,Implementation,Deployment,Scripts,2 - Occasional / peripheral,2,4 - Difficult,4,8,Expert_Survey_E06_PM.xlsx,Round 2
E06_PM,1,20+,5+,206,Implementation,Deployment,SOAP,2 - Occasional / peripheral,2,4 - Difficult,4,8,Expert_Survey_E06_PM.xlsx,Round 2
E06_PM,1,20+,5+,207,Implementation,Version control,Code Repository Concept,3 - Moderate / recurring,3,4 - Difficult,4,12,Expert_Survey_E06_PM.xlsx,Round 2
E06_PM,1,20+,5+,208,Implementation,Version control,Custom Version Control,2 - Occasional / peripheral,2,4 - Difficult,4,8,Expert_Survey_E06_PM.xlsx,Round 2
E06_PM,1,20+,5+,209,Implementation,Version control,Git,3 - Moderate / recurring,3,4 - Difficult,4,12,Expert_Survey_E06_PM.xlsx,Round 2
E07_BK,1,10-14,3,1,Design,Workflow model,+BPMN Process Model,3 - Moderate / recurring,3,2 - Easy,2,6,Expert_Survey_E07_BK.xlsx,Round 1
E07_BK,1,10-14,3,2,Design,Workflow model,Custom Process Model,4 - Frequent / important,4,3 - Moderate,3,12,Expert_Survey_E07_BK.xlsx,Round 2
E07_BK,1,10-14,3,3,Design,Database model,+Business Data Types,4 - Frequent / important,4,1 - Very easy,1,4,Expert_Survey_E07_BK.xlsx,Round 1
E07_BK,1,10-14,3,4,Design,Database model,+Form-based Data,5 - Essential / continuous,5,1 - Very easy,1,5,Expert_Survey_E07_BK.xlsx,Round 1
E07_BK,1,10-14,3,5,Design,Database model,+Item-Detail,4 - Frequent / important,4,1 - Very easy,1,4,Expert_Survey_E07_BK.xlsx,Round 1
E07_BK,1,10-14,3,6,Design,Database model,+Lookup/Drop-down,5 - Essential / continuous,5,1 - Very easy,1,5,Expert_Survey_E07_BK.xlsx,Round 1
E07_BK,1,10-14,3,7,Design,Database model,+Predefined Entities,4 - Frequent / important,4,1 - Very easy,1,4,Expert_Survey_E07_BK.xlsx,Round 1
E07_BK,1,10-14,3,8,Design,Database model,Domain Model,5 - Essential / continuous,5,3 - Moderate,3,15,Expert_Survey_E07_BK.xlsx,Round 1
E07_BK,1,10-14,3,9,Design,Database model,Conditional Expressions,4 - Frequent / important,4,2 - Easy,2,8,Expert_Survey_E07_BK.xlsx,Round 1
E07_BK,1,10-14,3,10,Design,Database model,Constraints,3 - Moderate / recurring,3,2 - Easy,2,6,Expert_Survey_E07_BK.xlsx,Round 1
E07_BK,1,10-14,3,11,Design,Database model,Data Structure,4 - Frequent / important,4,2 - Easy,2,8,Expert_Survey_E07_BK.xlsx,Round 1
E07_BK,1,10-14,3,12,Design,Database model,IT Data Types,3 - Moderate / recurring,3,3 - Moderate,3,9,Expert_Survey_E07_BK.xlsx,Round 1
E07_BK,1,10-14,3,13,Design,Database model,Denormalization,2 - Occasional / peripheral,2,4 - Difficult,4,8,Expert_Survey_E07_BK.xlsx,Round 1
E07_BK,1,10-14,3,14,Design,Database model,Entity Diagrams,3 - Moderate / recurring,3,2 - Easy,2,6,Expert_Survey_E07_BK.xlsx,Round 1
E07_BK,1,10-14,3,15,Design,Database model,Enumerations,4 - Frequent / important,4,2 - Easy,2,8,Expert_Survey_E07_BK.xlsx,Round 1
E07_BK,1,10-14,3,16,Design,Database model,Expressions,5 - Essential / continuous,5,2 - Easy,2,10,Expert_Survey_E07_BK.xlsx,Round 1
E07_BK,1,10-14,3,17,Design,Database model,Relational Database,4 - Frequent / important,4,4 - Difficult,4,16,Expert_Survey_E07_BK.xlsx,Round 2
E07_BK,1,10-14,3,18,Design,Database model,XML/XPath,2 - Occasional / peripheral,2,4 - Difficult,4,8,Expert_Survey_E07_BK.xlsx,Round 2
E07_BK,1,10-14,3,19,Design,UI model,+App templates,4 - Frequent / important,4,1 - Very easy,1,4,Expert_Survey_E07_BK.xlsx,Round 1
E07_BK,1,10-14,3,20,Design,UI model,+Business Data Types,4 - Frequent / important,4,1 - Very easy,1,4,Expert_Survey_E07_BK.xlsx,Round 1
E07_BK,1,10-14,3,21,Design,UI model,+Screen Templates,5 - Essential / continuous,5,1 - Very easy,1,5,Expert_Survey_E07_BK.xlsx,Round 1
E07_BK,1,10-14,3,22,Design,UI model,+UI Branding,3 - Moderate / recurring,3,2 - Easy,2,6,Expert_Survey_E07_BK.xlsx,Round 1
E07_BK,1,10-14,3,23,Design,UI model,+View Types,4 - Frequent / important,4,1 - Very easy,1,4,Expert_Survey_E07_BK.xlsx,Round 1
E07_BK,1,10-14,3,24,Design,UI model,Expressions,5 - Essential / continuous,5,2 - Easy,2,10,Expert_Survey_E07_BK.xlsx,Round 2
E07_BK,1,10-14,3,25,Design,UI model,IT Data Types,3 - Moderate / recurring,3,3 - Moderate,3,9,Expert_Survey_E07_BK.xlsx,Round 1
E07_BK,1,10-14,3,26,Design,UI model,Functions,4 - Frequent / important,4,2 - Easy,2,8,Expert_Survey_E07_BK.xlsx,Round 2
E07_BK,1,10-14,3,27,Design,UI model,Model-driven Apps,5 - Essential / continuous,5,2 - Easy,2,10,Expert_Survey_E07_BK.xlsx,Round 2
E07_BK,1,10-14,3,28,Design,UI model,Reactive Web App,4 - Frequent / important,4,3 - Moderate,3,12,Expert_Survey_E07_BK.xlsx,Round 2
E07_BK,1,10-14,3,29,Design,UI model,Responsive Web Design,4 - Frequent / important,4,3 - Moderate,3,12,Expert_Survey_E07_BK.xlsx,Round 2
E07_BK,1,10-14,3,30,Design,UI model,Variables,5 - Essential / continuous,5,2 - Easy,2,10,Expert_Survey_E07_BK.xlsx,Round 1
E07_BK,1,10-14,3,31,Design,Validations,+Business Rules,5 - Essential / continuous,5,1 - Very easy,1,5,Expert_Survey_E07_BK.xlsx,Round 1
E07_BK,1,10-14,3,32,Design,Validations,+Lookup/Drop-down,5 - Essential / continuous,5,1 - Very easy,1,5,Expert_Survey_E07_BK.xlsx,Round 1
E07_BK,1,10-14,3,33,Design,Validations,Expressions,5 - Essential / continuous,5,2 - Easy,2,10,Expert_Survey_E07_BK.xlsx,Round 1
E07_BK,1,10-14,3,34,Design,Validations,Enumerations,3 - Moderate / recurring,3,2 - Easy,2,6,Expert_Survey_E07_BK.xlsx,Round 1
E07_BK,1,10-14,3,35,Design,Validations,JavaScript,2 - Occasional / peripheral,2,5 - Very difficult,5,10,Expert_Survey_E07_BK.xlsx,Round 2
E07_BK,1,10-14,3,36,Design,Validations,Scripts,2 - Occasional / peripheral,2,4 - Difficult,4,8,Expert_Survey_E07_BK.xlsx,Round 2
E07_BK,1,10-14,3,37,Design,Validations,Transactions,3 - Moderate / recurring,3,4 - Difficult,4,12,Expert_Survey_E07_BK.xlsx,Round 2
E07_BK,1,10-14,3,38,Design,Application logic,+Actions,5 - Essential / continuous,5,1 - Very easy,1,5,Expert_Survey_E07_BK.xlsx,Round 1
E07_BK,1,10-14,3,39,Design,Application logic,+Graphical actions,5 - Essential / continuous,5,1 - Very easy,1,5,Expert_Survey_E07_BK.xlsx,Round 1
E07_BK,1,10-14,3,40,Design,Application logic,+NLP,1 - Rare / avoidable,1,3 - Moderate,3,3,Expert_Survey_E07_BK.xlsx,Round 1
E07_BK,1,10-14,3,41,Design,Application logic,+Custom Language,2 - Occasional / peripheral,2,4 - Difficult,4,8,Expert_Survey_E07_BK.xlsx,Round 1
E07_BK,1,10-14,3,42,Design,Application logic,+Predefined Tasks,4 - Frequent / important,4,1 - Very easy,1,4,Expert_Survey_E07_BK.xlsx,Round 1
E07_BK,1,10-14,3,43,Design,Application logic,UML,2 - Occasional / peripheral,2,3 - Moderate,3,6,Expert_Survey_E07_BK.xlsx,Round 2
E07_BK,1,10-14,3,44,Design,Application logic,Algorithms,2 - Occasional / peripheral,2,4 - Difficult,4,8,Expert_Survey_E07_BK.xlsx,Round 1
E07_BK,1,10-14,3,45,Design,Application logic,Expressions,5 - Essential / continuous,5,2 - Easy,2,10,Expert_Survey_E07_BK.xlsx,Round 1
E07_BK,1,10-14,3,46,Design,Application logic,Control Structures,4 - Frequent / important,4,3 - Moderate,3,12,Expert_Survey_E07_BK.xlsx,Round 1
E07_BK,1,10-14,3,47,Design,Application logic,IT Data Types,3 - Moderate / recurring,3,3 - Moderate,3,9,Expert_Survey_E07_BK.xlsx,Round 1
E07_BK,1,10-14,3,48,Design,Application logic,Events,4 - Frequent / important,4,3 - Moderate,3,12,Expert_Survey_E07_BK.xlsx,Round 1
E07_BK,1,10-14,3,49,Design,Application logic,Formulas,4 - Frequent / important,4,2 - Easy,2,8,Expert_Survey_E07_BK.xlsx,Round 2
E07_BK,1,10-14,3,50,Design,Application logic,Functions,4 - Frequent / important,4,2 - Easy,2,8,Expert_Survey_E07_BK.xlsx,Round 2
E07_BK,1,10-14,3,51,Design,Application logic,Java,1 - Rare / avoidable,1,5 - Very difficult,5,5,Expert_Survey_E07_BK.xlsx,Round 2
E07_BK,1,10-14,3,52,Design,Application logic,JavaScript,2 - Occasional / peripheral,2,5 - Very difficult,5,10,Expert_Survey_E07_BK.xlsx,Round 2
E07_BK,1,10-14,3,53,Design,Application logic,Microservices,2 - Occasional / peripheral,2,4 - Difficult,4,8,Expert_Survey_E07_BK.xlsx,Round 2
E07_BK,1,10-14,3,54,Design,Application logic,SQL,3 - Moderate / recurring,3,4 - Difficult,4,12,Expert_Survey_E07_BK.xlsx,Round 2
E07_BK,1,10-14,3,55,Design,Application logic,Variables,5 - Essential / continuous,5,2 - Easy,2,10,Expert_Survey_E07_BK.xlsx,Round 1
E07_BK,1,10-14,3,56,Development,Workflow design and development,+BPMN Process Model,3 - Moderate / recurring,3,2 - Easy,2,6,Expert_Survey_E07_BK.xlsx,Round 1
E07_BK,1,10-14,3,57,Development,Workflow design and development,Expressions,5 - Essential / continuous,5,2 - Easy,2,10,Expert_Survey_E07_BK.xlsx,Round 1
E07_BK,1,10-14,3,58,Development,Workflow design and development,Custom Process Model,4 - Frequent / important,4,3 - Moderate,3,12,Expert_Survey_E07_BK.xlsx,Round 1
E07_BK,1,10-14,3,59,Development,Workflow design and development,Events,4 - Frequent / important,4,3 - Moderate,3,12,Expert_Survey_E07_BK.xlsx,Round 1
E07_BK,1,10-14,3,60,Development,Workflow design and development,Java API,1 - Rare / avoidable,1,5 - Very difficult,5,5,Expert_Survey_E07_BK.xlsx,Round 2
E07_BK,1,10-14,3,61,Development,Workflow design and development,JavaScript,2 - Occasional / peripheral,2,5 - Very difficult,5,10,Expert_Survey_E07_BK.xlsx,Round 2
E07_BK,1,10-14,3,62,Development,Workflow design and development,REST API,4 - Frequent / important,4,4 - Difficult,4,16,Expert_Survey_E07_BK.xlsx,Round 1
E07_BK,1,10-14,3,63,Development,Workflow design and development,Triggers,3 - Moderate / recurring,3,4 - Difficult,4,12,Expert_Survey_E07_BK.xlsx,Round 1
E07_BK,1,10-14,3,64,Development,Database design,+Business Data Types,4 - Frequent / important,4,1 - Very easy,1,4,Expert_Survey_E07_BK.xlsx,Round 1
E07_BK,1,10-14,3,65,Development,Database design,+Custom Database Model,3 - Moderate / recurring,3,3 - Moderate,3,9,Expert_Survey_E07_BK.xlsx,Round 1
E07_BK,1,10-14,3,66,Development,Database design,+References,4 - Frequent / important,4,2 - Easy,2,8,Expert_Survey_E07_BK.xlsx,Round 1
E07_BK,1,10-14,3,67,Development,Database design,+Slices,3 - Moderate / recurring,3,2 - Easy,2,6,Expert_Survey_E07_BK.xlsx,Round 1
E07_BK,1,10-14,3,68,Development,Database design,Actions,5 - Essential / continuous,5,2 - Easy,2,10,Expert_Survey_E07_BK.xlsx,Round 1
E07_BK,1,10-14,3,69,Development,Database design,Expressions,5 - Essential / continuous,5,2 - Easy,2,10,Expert_Survey_E07_BK.xlsx,Round 1
E07_BK,1,10-14,3,70,Development,Database design,Relational Database,4 - Frequent / important,4,4 - Difficult,4,16,Expert_Survey_E07_BK.xlsx,Round 1
E07_BK,1,10-14,3,71,Development,Database design,Entity Diagrams,3 - Moderate / recurring,3,2 - Easy,2,6,Expert_Survey_E07_BK.xlsx,Round 1
E07_BK,1,10-14,3,72,Development,Database design,Functions,4 - Frequent / important,4,2 - Easy,2,8,Expert_Survey_E07_BK.xlsx,Round 1
E07_BK,1,10-14,3,73,Development,Database design,SQL,3 - Moderate / recurring,3,4 - Difficult,4,12,Expert_Survey_E07_BK.xlsx,Round 1
E07_BK,1,10-14,3,74,Development,Database design,IT Data Types,3 - Moderate / recurring,3,3 - Moderate,3,9,Expert_Survey_E07_BK.xlsx,Round 1
E07_BK,1,10-14,3,75,Development,Database design,Web API,3 - Moderate / recurring,3,4 - Difficult,4,12,Expert_Survey_E07_BK.xlsx,Round 1
E07_BK,1,10-14,3,76,Development,Fetching data,.NET,1 - Rare / avoidable,1,5 - Very difficult,5,5,Expert_Survey_E07_BK.xlsx,Round 1
E07_BK,1,10-14,3,77,Development,Fetching data,+Cloud-based Spreadsheets,2 - Occasional / peripheral,2,2 - Easy,2,4,Expert_Survey_E07_BK.xlsx,Round 1
E07_BK,1,10-14,3,78,Development,Fetching data,+GUI Queries,4 - Frequent / important,4,2 - Easy,2,8,Expert_Survey_E07_BK.xlsx,Round 1
E07_BK,1,10-14,3,79,Development,Fetching data,+Human Language,2 - Occasional / peripheral,2,1 - Very easy,1,2,Expert_Survey_E07_BK.xlsx,Round 1
E07_BK,1,10-14,3,80,Development,Fetching data,+Integrated Data Sources,5 - Essential / continuous,5,1 - Very easy,1,5,Expert_Survey_E07_BK.xlsx,Round 1
E07_BK,1,10-14,3,81,Development,Fetching data,Cloud Services,3 - Moderate / recurring,3,3 - Moderate,3,9,Expert_Survey_E07_BK.xlsx,Round 1
E07_BK,1,10-14,3,82,Development,Fetching data,Custom Query Language,2 - Occasional / peripheral,2,4 - Difficult,4,8,Expert_Survey_E07_BK.xlsx,Round 1
E07_BK,1,10-14,3,83,Development,Fetching data,Data Source Integration,4 - Frequent / important,4,3 - Moderate,3,12,Expert_Survey_E07_BK.xlsx,Round 1
E07_BK,1,10-14,3,84,Development,Fetching data,Formulas,4 - Frequent / important,4,2 - Easy,2,8,Expert_Survey_E07_BK.xlsx,Round 1
E07_BK,1,10-14,3,85,Development,Fetching data,Local Storage,2 - Occasional / peripheral,2,2 - Easy,2,4,Expert_Survey_E07_BK.xlsx,Round 1
E07_BK,1,10-14,3,86,Development,Fetching data,OAuth,3 - Moderate / recurring,3,4 - Difficult,4,12,Expert_Survey_E07_BK.xlsx,Round 1
E07_BK,1,10-14,3,87,Development,Fetching data,REST API,4 - Frequent / important,4,4 - Difficult,4,16,Expert_Survey_E07_BK.xlsx,Round 1
E07_BK,1,10-14,3,88,Development,Fetching data,SDK,2 - Occasional / peripheral,2,5 - Very difficult,5,10,Expert_Survey_E07_BK.xlsx,Round 1
E07_BK,1,10-14,3,89,Development,Fetching data,SQL,3 - Moderate / recurring,3,4 - Difficult,4,12,Expert_Survey_E07_BK.xlsx,Round 1
E07_BK,1,10-14,3,90,Development,Fetching data,URL,4 - Frequent / important,4,1 - Very easy,1,4,Expert_Survey_E07_BK.xlsx,Round 1
E07_BK,1,10-14,3,91,Development,Fetching data,Web API,3 - Moderate / recurring,3,4 - Difficult,4,12,Expert_Survey_E07_BK.xlsx,Round 1
E07_BK,1,10-14,3,92,Development,GUI design and development,+AI Support,2 - Occasional / peripheral,2,2 - Easy,2,4,Expert_Survey_E07_BK.xlsx,Round 1
E07_BK,1,10-14,3,93,Development,GUI design and development,+Business Data Types,4 - Frequent / important,4,1 - Very easy,1,4,Expert_Survey_E07_BK.xlsx,Round 1
E07_BK,1,10-14,3,94,Development,GUI design and development,+Conditional Formatting,4 - Frequent / important,4,1 - Very easy,1,4,Expert_Survey_E07_BK.xlsx,Round 1
E07_BK,1,10-14,3,95,Development,GUI design and development,+GUI Style Editor,4 - Frequent / important,4,2 - Easy,2,8,Expert_Survey_E07_BK.xlsx,Round 1
E07_BK,1,10-14,3,96,Development,GUI design and development,+Templatized Formulas,3 - Moderate / recurring,3,2 - Easy,2,6,Expert_Survey_E07_BK.xlsx,Round 1
E07_BK,1,10-14,3,97,Development,GUI design and development,+UI Branding,3 - Moderate / recurring,3,2 - Easy,2,6,Expert_Survey_E07_BK.xlsx,Round 1
E07_BK,1,10-14,3,98,Development,GUI design and development,+View Types,4 - Frequent / important,4,1 - Very easy,1,4,Expert_Survey_E07_BK.xlsx,Round 1
E07_BK,1,10-14,3,99,Development,GUI design and development,+WYSIWYG,5 - Essential / continuous,5,1 - Very easy,1,5,Expert_Survey_E07_BK.xlsx,Round 1
E07_BK,1,10-14,3,100,Development,GUI design and development,CSS/SCSS,2 - Occasional / peripheral,2,4 - Difficult,4,8,Expert_Survey_E07_BK.xlsx,Round 1
E07_BK,1,10-14,3,101,Development,GUI design and development,Event Propagation,3 - Moderate / recurring,3,4 - Difficult,4,12,Expert_Survey_E07_BK.xlsx,Round 1
E07_BK,1,10-14,3,102,Development,GUI design and development,Responsive Web Design,4 - Frequent / important,4,3 - Moderate,3,12,Expert_Survey_E07_BK.xlsx,Round 1
E07_BK,1,10-14,3,103,Development,GUI design and development,HTML,2 - Occasional / peripheral,2,3 - Moderate,3,6,Expert_Survey_E07_BK.xlsx,Round 1
E07_BK,1,10-14,3,104,Development,GUI design and development,IT Data Types,3 - Moderate / recurring,3,3 - Moderate,3,9,Expert_Survey_E07_BK.xlsx,Round 1
E07_BK,1,10-14,3,105,Development,GUI design and development,JavaScript,2 - Occasional / peripheral,2,5 - Very difficult,5,10,Expert_Survey_E07_BK.xlsx,Round 1
E07_BK,1,10-14,3,106,Development,GUI design and development,Master Detail,4 - Frequent / important,4,2 - Easy,2,8,Expert_Survey_E07_BK.xlsx,Round 1
E07_BK,1,10-14,3,107,Development,GUI design and development,Programming Functions,3 - Moderate / recurring,3,4 - Difficult,4,12,Expert_Survey_E07_BK.xlsx,Round 2
E07_BK,1,10-14,3,108,Development,GUI design and development,Scripts,2 - Occasional / peripheral,2,4 - Difficult,4,8,Expert_Survey_E07_BK.xlsx,Round 1
E07_BK,1,10-14,3,109,Development,GUI design and development,Snippets,2 - Occasional / peripheral,2,3 - Moderate,3,6,Expert_Survey_E07_BK.xlsx,Round 1
E07_BK,1,10-14,3,110,Development,GUI design and development,Variables,5 - Essential / continuous,5,2 - Easy,2,10,Expert_Survey_E07_BK.xlsx,Round 1
E07_BK,1,10-14,3,111,Development,GUI design and development,XML,1 - Rare / avoidable,1,3 - Moderate,3,3,Expert_Survey_E07_BK.xlsx,Round 2
E07_BK,1,10-14,3,112,Development,Data validation development,+Business Rules,1 - Rare / avoidable,1,1 - Very easy,1,1,Expert_Survey_E07_BK.xlsx,Round 1
E07_BK,1,10-14,3,113,Development,Data validation development,+Column Expressions,4 - Frequent / important,4,2 - Easy,2,8,Expert_Survey_E07_BK.xlsx,Round 1
E07_BK,1,10-14,3,114,Development,Data validation development,Expressions,5 - Essential / continuous,5,2 - Easy,2,10,Expert_Survey_E07_BK.xlsx,Round 1
E07_BK,1,10-14,3,115,Development,Data validation development,Data Fields,4 - Frequent / important,4,1 - Very easy,1,4,Expert_Survey_E07_BK.xlsx,Round 2
E07_BK,1,10-14,3,116,Development,Data validation development,Domain Model,4 - Frequent / important,4,3 - Moderate,3,12,Expert_Survey_E07_BK.xlsx,Round 2
E07_BK,1,10-14,3,117,Development,Data validation development,Scripts,2 - Occasional / peripheral,2,4 - Difficult,4,8,Expert_Survey_E07_BK.xlsx,Round 1
E07_BK,1,10-14,3,118,Development,Actions design and development,+AI Assisted Development,2 - Occasional / peripheral,2,2 - Easy,2,4,Expert_Survey_E07_BK.xlsx,Round 1
E07_BK,1,10-14,3,119,Development,Actions design and development,+Automations,5 - Essential / continuous,5,1 - Very easy,1,5,Expert_Survey_E07_BK.xlsx,Round 1
E07_BK,1,10-14,3,120,Development,Actions design and development,+Built-in Connectors,5 - Essential / continuous,5,1 - Very easy,1,5,Expert_Survey_E07_BK.xlsx,Round 1
E07_BK,1,10-14,3,121,Development,Actions design and development,API,3 - Moderate / recurring,3,4 - Difficult,4,12,Expert_Survey_E07_BK.xlsx,Round 1
E07_BK,1,10-14,3,122,Development,Actions design and development,Expressions,5 - Essential / continuous,5,2 - Easy,2,10,Expert_Survey_E07_BK.xlsx,Round 1
E07_BK,1,10-14,3,123,Development,Actions design and development,Functions,4 - Frequent / important,4,2 - Easy,2,8,Expert_Survey_E07_BK.xlsx,Round 2
E07_BK,1,10-14,3,124,Development,Actions design and development,Java,1 - Rare / avoidable,1,5 - Very difficult,5,5,Expert_Survey_E07_BK.xlsx,Round 2
E07_BK,1,10-14,3,125,Development,Actions design and development,JavaScript,2 - Occasional / peripheral,2,5 - Very difficult,5,10,Expert_Survey_E07_BK.xlsx,Round 2
E07_BK,1,10-14,3,126,Development,Actions design and development,Object Model,3 - Moderate / recurring,3,3 - Moderate,3,9,Expert_Survey_E07_BK.xlsx,Round 1
E07_BK,1,10-14,3,127,Development,Actions design and development,Scripts,2 - Occasional / peripheral,2,4 - Difficult,4,8,Expert_Survey_E07_BK.xlsx,Round 1
E07_BK,1,10-14,3,128,Development,Actions design and development,SOAP,1 - Rare / avoidable,1,4 - Difficult,4,4,Expert_Survey_E07_BK.xlsx,Round 1
E07_BK,1,10-14,3,129,Development,Programming,.NET,1 - Rare / avoidable,1,5 - Very difficult,5,5,Expert_Survey_E07_BK.xlsx,Round 1
E07_BK,1,10-14,3,130,Development,Programming,+Visual Programming,5 - Essential / continuous,5,1 - Very easy,1,5,Expert_Survey_E07_BK.xlsx,Round 1
E07_BK,1,10-14,3,131,Development,Programming,Expressions,5 - Essential / continuous,5,2 - Easy,2,10,Expert_Survey_E07_BK.xlsx,Round 2
E07_BK,1,10-14,3,132,Development,Programming,CLI,1 - Rare / avoidable,1,4 - Difficult,4,4,Expert_Survey_E07_BK.xlsx,Round 1
E07_BK,1,10-14,3,133,Development,Programming,IT Data Types,3 - Moderate / recurring,3,3 - Moderate,3,9,Expert_Survey_E07_BK.xlsx,Round 1
E07_BK,1,10-14,3,134,Development,Programming,Eclipse,1 - Rare / avoidable,1,4 - Difficult,4,4,Expert_Survey_E07_BK.xlsx,Round 1
E07_BK,1,10-14,3,135,Development,Programming,Emulators,2 - Occasional / peripheral,2,3 - Moderate,3,6,Expert_Survey_E07_BK.xlsx,Round 1
E07_BK,1,10-14,3,136,Development,Programming,Entity Types,4 - Frequent / important,4,2 - Easy,2,8,Expert_Survey_E07_BK.xlsx,Round 1
E07_BK,1,10-14,3,137,Development,Programming,Enumerations,3 - Moderate / recurring,3,2 - Easy,2,6,Expert_Survey_E07_BK.xlsx,Round 1
E07_BK,1,10-14,3,138,Development,Programming,Functions,4 - Frequent / important,4,2 - Easy,2,8,Expert_Survey_E07_BK.xlsx,Round 1
E07_BK,1,10-14,3,139,Development,Programming,HTML,2 - Occasional / peripheral,2,3 - Moderate,3,6,Expert_Survey_E07_BK.xlsx,Round 1
E07_BK,1,10-14,3,140,Development,Programming,SDK/IDE,2 - Occasional / peripheral,2,4 - Difficult,4,8,Expert_Survey_E07_BK.xlsx,Round 1
E07_BK,1,10-14,3,141,Development,Programming,Iteration Statements,3 - Moderate / recurring,3,3 - Moderate,3,9,Expert_Survey_E07_BK.xlsx,Round 1
E07_BK,1,10-14,3,142,Development,Programming,Java,1 - Rare / avoidable,1,5 - Very difficult,5,5,Expert_Survey_E07_BK.xlsx,Round 1
E07_BK,1,10-14,3,143,Development,Programming,Java API,1 - Rare / avoidable,1,5 - Very difficult,5,5,Expert_Survey_E07_BK.xlsx,Round 1
E07_BK,1,10-14,3,144,Development,Programming,JavaScript,2 - Occasional / peripheral,2,5 - Very difficult,5,10,Expert_Survey_E07_BK.xlsx,Round 1
E07_BK,1,10-14,3,145,Development,Programming,JSON,3 - Moderate / recurring,3,3 - Moderate,3,9,Expert_Survey_E07_BK.xlsx,Round 1
E07_BK,1,10-14,3,146,Development,Programming,Markup Language,2 - Occasional / peripheral,2,3 - Moderate,3,6,Expert_Survey_E07_BK.xlsx,Round 1
E07_BK,1,10-14,3,147,Development,Programming,Metadata,3 - Moderate / recurring,3,3 - Moderate,3,9,Expert_Survey_E07_BK.xlsx,Round 1
E07_BK,1,10-14,3,148,Development,Programming,Native Mobile App,2 - Occasional / peripheral,2,4 - Difficult,4,8,Expert_Survey_E07_BK.xlsx,Round 1
E07_BK,1,10-14,3,149,Development,Programming,node.js,1 - Rare / avoidable,1,5 - Very difficult,5,5,Expert_Survey_E07_BK.xlsx,Round 2
E07_BK,1,10-14,3,150,Development,Programming,PWA,2 - Occasional / peripheral,2,4 - Difficult,4,8,Expert_Survey_E07_BK.xlsx,Round 1
E07_BK,1,10-14,3,151,Development,Programming,Query Functions,3 - Moderate / recurring,3,3 - Moderate,3,9,Expert_Survey_E07_BK.xlsx,Round 1
E07_BK,1,10-14,3,152,Development,Programming,Scripts,2 - Occasional / peripheral,2,4 - Difficult,4,8,Expert_Survey_E07_BK.xlsx,Round 1
E07_BK,1,10-14,3,153,Development,Programming,Snippets,2 - Occasional / peripheral,2,3 - Moderate,3,6,Expert_Survey_E07_BK.xlsx,Round 1
E07_BK,1,10-14,3,154,Development,Programming,TypeScript,1 - Rare / avoidable,1,5 - Very difficult,5,5,Expert_Survey_E07_BK.xlsx,Round 1
E07_BK,1,10-14,3,155,Development,Programming,Web API,3 - Moderate / recurring,3,4 - Difficult,4,12,Expert_Survey_E07_BK.xlsx,Round 1
E07_BK,1,10-14,3,156,Development,Programming,XML,2 - Occasional / peripheral,2,4 - Difficult,4,8,Expert_Survey_E07_BK.xlsx,Round 1
E07_BK,1,10-14,3,157,Implementation,Runtime server installation,+Cloud Based Environment,4 - Frequent / important,4,2 - Easy,2,8,Expert_Survey_E07_BK.xlsx,Round 2
E07_BK,1,10-14,3,158,Implementation,Runtime server installation,API,3 - Moderate / recurring,3,4 - Difficult,4,12,Expert_Survey_E07_BK.xlsx,Round 1
E07_BK,1,10-14,3,159,Implementation,Runtime server installation,Compiler Service,1 - Rare / avoidable,1,4 - Difficult,4,4,Expert_Survey_E07_BK.xlsx,Round 1
E07_BK,1,10-14,3,160,Implementation,Runtime server installation,Database Synchronization,3 - Moderate / recurring,3,4 - Difficult,4,12,Expert_Survey_E07_BK.xlsx,Round 1
E07_BK,1,10-14,3,161,Implementation,Runtime server installation,Deployment Controller Service,2 - Occasional / peripheral,2,4 - Difficult,4,8,Expert_Survey_E07_BK.xlsx,Round 1
E07_BK,1,10-14,3,162,Implementation,Runtime server installation,Email Server (SMTP),2 - Occasional / peripheral,2,3 - Moderate,3,6,Expert_Survey_E07_BK.xlsx,Round 1
E07_BK,1,10-14,3,163,Implementation,Runtime server installation,File Storage,3 - Moderate / recurring,3,2 - Easy,2,6,Expert_Survey_E07_BK.xlsx,Round 1
E07_BK,1,10-14,3,164,Implementation,Runtime server installation,HTTPS Server,2 - Occasional / peripheral,2,3 - Moderate,3,6,Expert_Survey_E07_BK.xlsx,Round 2
E07_BK,1,10-14,3,165,Implementation,Runtime server installation,Java,1 - Rare / avoidable,1,5 - Very difficult,5,5,Expert_Survey_E07_BK.xlsx,Round 2
E07_BK,1,10-14,3,166,Implementation,Runtime server installation,Load Balancing,1 - Rare / avoidable,1,4 - Difficult,4,4,Expert_Survey_E07_BK.xlsx,Round 1
E07_BK,1,10-14,3,167,Implementation,Runtime server installation,Log Service,2 - Occasional / peripheral,2,3 - Moderate,3,6,Expert_Survey_E07_BK.xlsx,Round 1
E07_BK,1,10-14,3,168,Implementation,Runtime server installation,Mobile App,3 - Moderate / recurring,3,3 - Moderate,3,9,Expert_Survey_E07_BK.xlsx,Round 1
E07_BK,1,10-14,3,169,Implementation,Runtime server installation,OQL,1 - Rare / avoidable,1,4 - Difficult,4,4,Expert_Survey_E07_BK.xlsx,Round 1
E07_BK,1,10-14,3,170,Implementation,Runtime server installation,Proxy server,1 - Rare / avoidable,1,4 - Difficult,4,4,Expert_Survey_E07_BK.xlsx,Round 1
E07_BK,1,10-14,3,171,Implementation,Runtime server installation,Relational Database,3 - Moderate / recurring,3,4 - Difficult,4,12,Expert_Survey_E07_BK.xlsx,Round 2
E07_BK,1,10-14,3,172,Implementation,Runtime server installation,REST API,3 - Moderate / recurring,3,4 - Difficult,4,12,Expert_Survey_E07_BK.xlsx,Round 1
E07_BK,1,10-14,3,173,Implementation,Runtime server installation,SAML Authentication,2 - Occasional / peripheral,2,4 - Difficult,4,8,Expert_Survey_E07_BK.xlsx,Round 2
E07_BK,1,10-14,3,174,Implementation,Runtime server installation,Scheduler Service,3 - Moderate / recurring,3,3 - Moderate,3,9,Expert_Survey_E07_BK.xlsx,Round 1
E07_BK,1,10-14,3,175,Implementation,Runtime server installation,Shared Libraries,2 - Occasional / peripheral,2,4 - Difficult,4,8,Expert_Survey_E07_BK.xlsx,Round 1
E07_BK,1,10-14,3,176,Implementation,Runtime server installation,SOAP,1 - Rare / avoidable,1,4 - Difficult,4,4,Expert_Survey_E07_BK.xlsx,Round 2
E07_BK,1,10-14,3,177,Implementation,Runtime server installation,SSL Certificates,2 - Occasional / peripheral,2,4 - Difficult,4,8,Expert_Survey_E07_BK.xlsx,Round 1
E07_BK,1,10-14,3,178,Implementation,Runtime server installation,Swagger,2 - Occasional / peripheral,2,3 - Moderate,3,6,Expert_Survey_E07_BK.xlsx,Round 1
E07_BK,1,10-14,3,179,Implementation,Runtime server installation,WSDL,1 - Rare / avoidable,1,4 - Difficult,4,4,Expert_Survey_E07_BK.xlsx,Round 1
E07_BK,1,10-14,3,180,Implementation,Runtime server installation,XML/XPath,1 - Rare / avoidable,1,4 - Difficult,4,4,Expert_Survey_E07_BK.xlsx,Round 2
E07_BK,1,10-14,3,181,Implementation,Database installation,+Embedded Database,3 - Moderate / recurring,3,2 - Easy,2,6,Expert_Survey_E07_BK.xlsx,Round 1
E07_BK,1,10-14,3,182,Implementation,Database installation,File Storage,3 - Moderate / recurring,3,2 - Easy,2,6,Expert_Survey_E07_BK.xlsx,Round 1
E07_BK,1,10-14,3,183,Implementation,Database installation,Relational Database,3 - Moderate / recurring,3,4 - Difficult,4,12,Expert_Survey_E07_BK.xlsx,Round 2
E07_BK,1,10-14,3,184,Implementation,Database installation,REST API,3 - Moderate / recurring,3,4 - Difficult,4,12,Expert_Survey_E07_BK.xlsx,Round 1
E07_BK,1,10-14,3,185,Implementation,Client module installation,.NET Framework,1 - Rare / avoidable,1,5 - Very difficult,5,5,Expert_Survey_E07_BK.xlsx,Round 2
E07_BK,1,10-14,3,186,Implementation,Client module installation,+Mobile App,4 - Frequent / important,4,2 - Easy,2,8,Expert_Survey_E07_BK.xlsx,Round 1
E07_BK,1,10-14,3,187,Implementation,Client module installation,+Web Browser,5 - Essential / continuous,5,1 - Very easy,1,5,Expert_Survey_E07_BK.xlsx,Round 1
E07_BK,1,10-14,3,188,Implementation,Client module installation,API,3 - Moderate / recurring,3,4 - Difficult,4,12,Expert_Survey_E07_BK.xlsx,Round 1
E07_BK,1,10-14,3,189,Implementation,Client module installation,Binaries,1 - Rare / avoidable,1,4 - Difficult,4,4,Expert_Survey_E07_BK.xlsx,Round 1
E07_BK,1,10-14,3,190,Implementation,Client module installation,HTTPS Server,2 - Occasional / peripheral,2,3 - Moderate,3,6,Expert_Survey_E07_BK.xlsx,Round 1
E07_BK,1,10-14,3,191,Implementation,Client module installation,URL Configuration,3 - Moderate / recurring,3,2 - Easy,2,6,Expert_Survey_E07_BK.xlsx,Round 1
E07_BK,1,10-14,3,192,Implementation,Client module installation,Web Services,2 - Occasional / peripheral,2,4 - Difficult,4,8,Expert_Survey_E07_BK.xlsx,Round 1
E07_BK,1,10-14,3,193,Implementation,Deployment,+App Gallery,4 - Frequent / important,4,1 - Very easy,1,4,Expert_Survey_E07_BK.xlsx,Round 1
E07_BK,1,10-14,3,194,Implementation,Deployment,+Software as a Service,4 - Frequent / important,4,2 - Easy,2,8,Expert_Survey_E07_BK.xlsx,Round 1
E07_BK,1,10-14,3,195,Implementation,Deployment,Application IDE,4 - Frequent / important,4,2 - Easy,2,8,Expert_Survey_E07_BK.xlsx,Round 1
E07_BK,1,10-14,3,196,Implementation,Deployment,CI/CD,3 - Moderate / recurring,3,4 - Difficult,4,12,Expert_Survey_E07_BK.xlsx,Round 2
E07_BK,1,10-14,3,197,Implementation,Deployment,Cloud Computing,3 - Moderate / recurring,3,3 - Moderate,3,9,Expert_Survey_E07_BK.xlsx,Round 1
E07_BK,1,10-14,3,198,Implementation,Deployment,Cloud Services,3 - Moderate / recurring,3,3 - Moderate,3,9,Expert_Survey_E07_BK.xlsx,Round 1
E07_BK,1,10-14,3,199,Implementation,Deployment,Docker,1 - Rare / avoidable,1,5 - Very difficult,5,5,Expert_Survey_E07_BK.xlsx,Round 2
E07_BK,1,10-14,3,200,Implementation,Deployment,Import/Export,4 - Frequent / important,4,1 - Very easy,1,4,Expert_Survey_E07_BK.xlsx,Round 1
E07_BK,1,10-14,3,201,Implementation,Deployment,Kubernetes,1 - Rare / avoidable,1,5 - Very difficult,5,5,Expert_Survey_E07_BK.xlsx,Round 2
E07_BK,1,10-14,3,202,Implementation,Deployment,On-Premise,3 - Moderate / recurring,3,3 - Moderate,3,9,Expert_Survey_E07_BK.xlsx,Round 1
E07_BK,1,10-14,3,203,Implementation,Deployment,On-premises Data Gateway,2 - Occasional / peripheral,2,4 - Difficult,4,8,Expert_Survey_E07_BK.xlsx,Round 1
E07_BK,1,10-14,3,204,Implementation,Deployment,REST API,3 - Moderate / recurring,3,4 - Difficult,4,12,Expert_Survey_E07_BK.xlsx,Round 1
E07_BK,1,10-14,3,205,Implementation,Deployment,Scripts,2 - Occasional / peripheral,2,4 - Difficult,4,8,Expert_Survey_E07_BK.xlsx,Round 2
E07_BK,1,10-14,3,206,Implementation,Deployment,SOAP,1 - Rare / avoidable,1,4 - Difficult,4,4,Expert_Survey_E07_BK.xlsx,Round 2
E07_BK,1,10-14,3,207,Implementation,Version control,Code Repository Concept,3 - Moderate / recurring,3,3 - Moderate,3,9,Expert_Survey_E07_BK.xlsx,Round 2
E07_BK,1,10-14,3,208,Implementation,Version control,Custom Version Control,2 - Occasional / peripheral,2,4 - Difficult,4,8,Expert_Survey_E07_BK.xlsx,Round 2
E07_BK,1,10-14,3,209,Implementation,Version control,Git,3 - Moderate / recurring,3,4 - Difficult,4,12,Expert_Survey_E07_BK.xlsx,Round 2
E08_JA,1,20+,4,1,Design,Workflow model,+BPMN Process Model,4 - Frequent / important,4,3 - Moderate,3,12,Expert_Survey_E08_JA.xlsx,Round 1
E08_JA,1,20+,4,2,Design,Workflow model,Custom Process Model,4 - Frequent / important,4,3 - Moderate,3,12,Expert_Survey_E08_JA.xlsx,Round 2
E08_JA,1,20+,4,3,Design,Database model,+Business Data Types,5 - Essential / continuous,5,4 - Difficult,4,20,Expert_Survey_E08_JA.xlsx,Round 1
E08_JA,1,20+,4,4,Design,Database model,+Form-based Data,5 - Essential / continuous,5,4 - Difficult,4,20,Expert_Survey_E08_JA.xlsx,Round 1
E08_JA,1,20+,4,5,Design,Database model,+Item-Detail,3 - Moderate / recurring,3,3 - Moderate,3,9,Expert_Survey_E08_JA.xlsx,Round 1
E08_JA,1,20+,4,6,Design,Database model,+Lookup/Drop-down,3 - Moderate / recurring,3,3 - Moderate,3,9,Expert_Survey_E08_JA.xlsx,Round 1
E08_JA,1,20+,4,7,Design,Database model,+Predefined Entities,3 - Moderate / recurring,3,3 - Moderate,3,9,Expert_Survey_E08_JA.xlsx,Round 1
E08_JA,1,20+,4,8,Design,Database model,Domain Model,4 - Frequent / important,4,3 - Moderate,3,12,Expert_Survey_E08_JA.xlsx,Round 1
E08_JA,1,20+,4,9,Design,Database model,Conditional Expressions,3 - Moderate / recurring,3,3 - Moderate,3,9,Expert_Survey_E08_JA.xlsx,Round 1
E08_JA,1,20+,4,10,Design,Database model,Constraints,3 - Moderate / recurring,3,3 - Moderate,3,9,Expert_Survey_E08_JA.xlsx,Round 1
E08_JA,1,20+,4,11,Design,Database model,Data Structure,5 - Essential / continuous,5,4 - Difficult,4,20,Expert_Survey_E08_JA.xlsx,Round 1
E08_JA,1,20+,4,12,Design,Database model,IT Data Types,5 - Essential / continuous,5,4 - Difficult,4,20,Expert_Survey_E08_JA.xlsx,Round 1
E08_JA,1,20+,4,13,Design,Database model,Denormalization,3 - Moderate / recurring,3,3 - Moderate,3,9,Expert_Survey_E08_JA.xlsx,Round 1
E08_JA,1,20+,4,14,Design,Database model,Entity Diagrams,3 - Moderate / recurring,3,3 - Moderate,3,9,Expert_Survey_E08_JA.xlsx,Round 1
E08_JA,1,20+,4,15,Design,Database model,Enumerations,3 - Moderate / recurring,3,3 - Moderate,3,9,Expert_Survey_E08_JA.xlsx,Round 1
E08_JA,1,20+,4,16,Design,Database model,Expressions,3 - Moderate / recurring,3,3 - Moderate,3,9,Expert_Survey_E08_JA.xlsx,Round 1
E08_JA,1,20+,4,17,Design,Database model,Relational Database,5 - Essential / continuous,5,4 - Difficult,4,20,Expert_Survey_E08_JA.xlsx,Round 2
E08_JA,1,20+,4,18,Design,Database model,XML/XPath,3 - Moderate / recurring,3,3 - Moderate,3,9,Expert_Survey_E08_JA.xlsx,Round 2
E08_JA,1,20+,4,19,Design,UI model,+App templates,3 - Moderate / recurring,3,3 - Moderate,3,9,Expert_Survey_E08_JA.xlsx,Round 1
E08_JA,1,20+,4,20,Design,UI model,+Business Data Types,5 - Essential / continuous,5,4 - Difficult,4,20,Expert_Survey_E08_JA.xlsx,Round 1
E08_JA,1,20+,4,21,Design,UI model,+Screen Templates,3 - Moderate / recurring,3,3 - Moderate,3,9,Expert_Survey_E08_JA.xlsx,Round 1
E08_JA,1,20+,4,22,Design,UI model,+UI Branding,4 - Frequent / important,4,2 - Easy,2,8,Expert_Survey_E08_JA.xlsx,Round 1
E08_JA,1,20+,4,23,Design,UI model,+View Types,3 - Moderate / recurring,3,3 - Moderate,3,9,Expert_Survey_E08_JA.xlsx,Round 1
E08_JA,1,20+,4,24,Design,UI model,Expressions,3 - Moderate / recurring,3,3 - Moderate,3,9,Expert_Survey_E08_JA.xlsx,Round 2
E08_JA,1,20+,4,25,Design,UI model,IT Data Types,5 - Essential / continuous,5,4 - Difficult,4,20,Expert_Survey_E08_JA.xlsx,Round 1
E08_JA,1,20+,4,26,Design,UI model,Functions,3 - Moderate / recurring,3,3 - Moderate,3,9,Expert_Survey_E08_JA.xlsx,Round 2
E08_JA,1,20+,4,27,Design,UI model,Model-driven Apps,4 - Frequent / important,4,3 - Moderate,3,12,Expert_Survey_E08_JA.xlsx,Round 2
E08_JA,1,20+,4,28,Design,UI model,Reactive Web App,3 - Moderate / recurring,3,3 - Moderate,3,9,Expert_Survey_E08_JA.xlsx,Round 2
E08_JA,1,20+,4,29,Design,UI model,Responsive Web Design,3 - Moderate / recurring,3,3 - Moderate,3,9,Expert_Survey_E08_JA.xlsx,Round 2
E08_JA,1,20+,4,30,Design,UI model,Variables,3 - Moderate / recurring,3,3 - Moderate,3,9,Expert_Survey_E08_JA.xlsx,Round 1
E08_JA,1,20+,4,31,Design,Validations,+Business Rules,3 - Moderate / recurring,3,3 - Moderate,3,9,Expert_Survey_E08_JA.xlsx,Round 1
E08_JA,1,20+,4,32,Design,Validations,+Lookup/Drop-down,3 - Moderate / recurring,3,3 - Moderate,3,9,Expert_Survey_E08_JA.xlsx,Round 1
E08_JA,1,20+,4,33,Design,Validations,Expressions,3 - Moderate / recurring,3,3 - Moderate,3,9,Expert_Survey_E08_JA.xlsx,Round 1
E08_JA,1,20+,4,34,Design,Validations,Enumerations,3 - Moderate / recurring,3,3 - Moderate,3,9,Expert_Survey_E08_JA.xlsx,Round 1
E08_JA,1,20+,4,35,Design,Validations,JavaScript,2 - Occasional / peripheral,2,5 - Very difficult,5,10,Expert_Survey_E08_JA.xlsx,Round 2
E08_JA,1,20+,4,36,Design,Validations,Scripts,2 - Occasional / peripheral,2,5 - Very difficult,5,10,Expert_Survey_E08_JA.xlsx,Round 2
E08_JA,1,20+,4,37,Design,Validations,Transactions,3 - Moderate / recurring,3,3 - Moderate,3,9,Expert_Survey_E08_JA.xlsx,Round 2
E08_JA,1,20+,4,38,Design,Application logic,+Actions,3 - Moderate / recurring,3,3 - Moderate,3,9,Expert_Survey_E08_JA.xlsx,Round 1
E08_JA,1,20+,4,39,Design,Application logic,+Graphical actions,3 - Moderate / recurring,3,3 - Moderate,3,9,Expert_Survey_E08_JA.xlsx,Round 1
E08_JA,1,20+,4,40,Design,Application logic,+NLP,3 - Moderate / recurring,3,3 - Moderate,3,9,Expert_Survey_E08_JA.xlsx,Round 1
E08_JA,1,20+,4,41,Design,Application logic,+Custom Language,3 - Moderate / recurring,3,3 - Moderate,3,9,Expert_Survey_E08_JA.xlsx,Round 1
E08_JA,1,20+,4,42,Design,Application logic,+Predefined Tasks,3 - Moderate / recurring,3,3 - Moderate,3,9,Expert_Survey_E08_JA.xlsx,Round 1
E08_JA,1,20+,4,43,Design,Application logic,UML,3 - Moderate / recurring,3,3 - Moderate,3,9,Expert_Survey_E08_JA.xlsx,Round 2
E08_JA,1,20+,4,44,Design,Application logic,Algorithms,3 - Moderate / recurring,3,3 - Moderate,3,9,Expert_Survey_E08_JA.xlsx,Round 1
E08_JA,1,20+,4,45,Design,Application logic,Expressions,3 - Moderate / recurring,3,3 - Moderate,3,9,Expert_Survey_E08_JA.xlsx,Round 1
E08_JA,1,20+,4,46,Design,Application logic,Control Structures,3 - Moderate / recurring,3,3 - Moderate,3,9,Expert_Survey_E08_JA.xlsx,Round 1
E08_JA,1,20+,4,47,Design,Application logic,IT Data Types,5 - Essential / continuous,5,4 - Difficult,4,20,Expert_Survey_E08_JA.xlsx,Round 1
E08_JA,1,20+,4,48,Design,Application logic,Events,3 - Moderate / recurring,3,3 - Moderate,3,9,Expert_Survey_E08_JA.xlsx,Round 1
E08_JA,1,20+,4,49,Design,Application logic,Formulas,4 - Frequent / important,4,2 - Easy,2,8,Expert_Survey_E08_JA.xlsx,Round 2
E08_JA,1,20+,4,50,Design,Application logic,Functions,3 - Moderate / recurring,3,3 - Moderate,3,9,Expert_Survey_E08_JA.xlsx,Round 2
E08_JA,1,20+,4,51,Design,Application logic,Java,3 - Moderate / recurring,3,3 - Moderate,3,9,Expert_Survey_E08_JA.xlsx,Round 2
E08_JA,1,20+,4,52,Design,Application logic,JavaScript,2 - Occasional / peripheral,2,5 - Very difficult,5,10,Expert_Survey_E08_JA.xlsx,Round 2
E08_JA,1,20+,4,53,Design,Application logic,Microservices,3 - Moderate / recurring,3,3 - Moderate,3,9,Expert_Survey_E08_JA.xlsx,Round 2
E08_JA,1,20+,4,54,Design,Application logic,SQL,3 - Moderate / recurring,3,3 - Moderate,3,9,Expert_Survey_E08_JA.xlsx,Round 2
E08_JA,1,20+,4,55,Design,Application logic,Variables,3 - Moderate / recurring,3,3 - Moderate,3,9,Expert_Survey_E08_JA.xlsx,Round 1
E08_JA,1,20+,4,56,Development,Workflow design and development,+BPMN Process Model,4 - Frequent / important,4,3 - Moderate,3,12,Expert_Survey_E08_JA.xlsx,Round 1
E08_JA,1,20+,4,57,Development,Workflow design and development,Expressions,3 - Moderate / recurring,3,3 - Moderate,3,9,Expert_Survey_E08_JA.xlsx,Round 1
E08_JA,1,20+,4,58,Development,Workflow design and development,Custom Process Model,4 - Frequent / important,4,3 - Moderate,3,12,Expert_Survey_E08_JA.xlsx,Round 1
E08_JA,1,20+,4,59,Development,Workflow design and development,Events,3 - Moderate / recurring,3,3 - Moderate,3,9,Expert_Survey_E08_JA.xlsx,Round 1
E08_JA,1,20+,4,60,Development,Workflow design and development,Java API,3 - Moderate / recurring,3,4 - Difficult,4,12,Expert_Survey_E08_JA.xlsx,Round 2
E08_JA,1,20+,4,61,Development,Workflow design and development,JavaScript,2 - Occasional / peripheral,2,5 - Very difficult,5,10,Expert_Survey_E08_JA.xlsx,Round 2
E08_JA,1,20+,4,62,Development,Workflow design and development,REST API,3 - Moderate / recurring,3,4 - Difficult,4,12,Expert_Survey_E08_JA.xlsx,Round 1
E08_JA,1,20+,4,63,Development,Workflow design and development,Triggers,3 - Moderate / recurring,3,3 - Moderate,3,9,Expert_Survey_E08_JA.xlsx,Round 1
E08_JA,1,20+,4,64,Development,Database design,+Business Data Types,5 - Essential / continuous,5,4 - Difficult,4,20,Expert_Survey_E08_JA.xlsx,Round 1
E08_JA,1,20+,4,65,Development,Database design,+Custom Database Model,4 - Frequent / important,4,3 - Moderate,3,12,Expert_Survey_E08_JA.xlsx,Round 1
E08_JA,1,20+,4,66,Development,Database design,+References,3 - Moderate / recurring,3,3 - Moderate,3,9,Expert_Survey_E08_JA.xlsx,Round 1
E08_JA,1,20+,4,67,Development,Database design,+Slices,3 - Moderate / recurring,3,3 - Moderate,3,9,Expert_Survey_E08_JA.xlsx,Round 1
E08_JA,1,20+,4,68,Development,Database design,Actions,3 - Moderate / recurring,3,3 - Moderate,3,9,Expert_Survey_E08_JA.xlsx,Round 1
E08_JA,1,20+,4,69,Development,Database design,Expressions,3 - Moderate / recurring,3,3 - Moderate,3,9,Expert_Survey_E08_JA.xlsx,Round 1
E08_JA,1,20+,4,70,Development,Database design,Relational Database,5 - Essential / continuous,5,4 - Difficult,4,20,Expert_Survey_E08_JA.xlsx,Round 1
E08_JA,1,20+,4,71,Development,Database design,Entity Diagrams,3 - Moderate / recurring,3,3 - Moderate,3,9,Expert_Survey_E08_JA.xlsx,Round 1
E08_JA,1,20+,4,72,Development,Database design,Functions,3 - Moderate / recurring,3,3 - Moderate,3,9,Expert_Survey_E08_JA.xlsx,Round 1
E08_JA,1,20+,4,73,Development,Database design,SQL,3 - Moderate / recurring,3,3 - Moderate,3,9,Expert_Survey_E08_JA.xlsx,Round 1
E08_JA,1,20+,4,74,Development,Database design,IT Data Types,5 - Essential / continuous,5,4 - Difficult,4,20,Expert_Survey_E08_JA.xlsx,Round 1
E08_JA,1,20+,4,75,Development,Database design,Web API,3 - Moderate / recurring,3,4 - Difficult,4,12,Expert_Survey_E08_JA.xlsx,Round 1
E08_JA,1,20+,4,76,Development,Fetching data,.NET,3 - Moderate / recurring,3,3 - Moderate,3,9,Expert_Survey_E08_JA.xlsx,Round 1
E08_JA,1,20+,4,77,Development,Fetching data,+Cloud-based Spreadsheets,3 - Moderate / recurring,3,3 - Moderate,3,9,Expert_Survey_E08_JA.xlsx,Round 1
E08_JA,1,20+,4,78,Development,Fetching data,+GUI Queries,4 - Frequent / important,4,2 - Easy,2,8,Expert_Survey_E08_JA.xlsx,Round 1
E08_JA,1,20+,4,79,Development,Fetching data,+Human Language,3 - Moderate / recurring,3,3 - Moderate,3,9,Expert_Survey_E08_JA.xlsx,Round 1
E08_JA,1,20+,4,80,Development,Fetching data,+Integrated Data Sources,5 - Essential / continuous,5,4 - Difficult,4,20,Expert_Survey_E08_JA.xlsx,Round 1
E08_JA,1,20+,4,81,Development,Fetching data,Cloud Services,3 - Moderate / recurring,3,3 - Moderate,3,9,Expert_Survey_E08_JA.xlsx,Round 1
E08_JA,1,20+,4,82,Development,Fetching data,Custom Query Language,3 - Moderate / recurring,3,3 - Moderate,3,9,Expert_Survey_E08_JA.xlsx,Round 1
E08_JA,1,20+,4,83,Development,Fetching data,Data Source Integration,5 - Essential / continuous,5,4 - Difficult,4,20,Expert_Survey_E08_JA.xlsx,Round 1
E08_JA,1,20+,4,84,Development,Fetching data,Formulas,4 - Frequent / important,4,2 - Easy,2,8,Expert_Survey_E08_JA.xlsx,Round 1
E08_JA,1,20+,4,85,Development,Fetching data,Local Storage,3 - Moderate / recurring,3,3 - Moderate,3,9,Expert_Survey_E08_JA.xlsx,Round 1
E08_JA,1,20+,4,86,Development,Fetching data,OAuth,3 - Moderate / recurring,3,3 - Moderate,3,9,Expert_Survey_E08_JA.xlsx,Round 1
E08_JA,1,20+,4,87,Development,Fetching data,REST API,3 - Moderate / recurring,3,4 - Difficult,4,12,Expert_Survey_E08_JA.xlsx,Round 1
E08_JA,1,20+,4,88,Development,Fetching data,SDK,3 - Moderate / recurring,3,3 - Moderate,3,9,Expert_Survey_E08_JA.xlsx,Round 1
E08_JA,1,20+,4,89,Development,Fetching data,SQL,3 - Moderate / recurring,3,3 - Moderate,3,9,Expert_Survey_E08_JA.xlsx,Round 1
E08_JA,1,20+,4,90,Development,Fetching data,URL,3 - Moderate / recurring,3,3 - Moderate,3,9,Expert_Survey_E08_JA.xlsx,Round 1
E08_JA,1,20+,4,91,Development,Fetching data,Web API,3 - Moderate / recurring,3,4 - Difficult,4,12,Expert_Survey_E08_JA.xlsx,Round 1
E08_JA,1,20+,4,92,Development,GUI design and development,+AI Support,3 - Moderate / recurring,3,3 - Moderate,3,9,Expert_Survey_E08_JA.xlsx,Round 1
E08_JA,1,20+,4,93,Development,GUI design and development,+Business Data Types,5 - Essential / continuous,5,4 - Difficult,4,20,Expert_Survey_E08_JA.xlsx,Round 1
E08_JA,1,20+,4,94,Development,GUI design and development,+Conditional Formatting,4 - Frequent / important,4,2 - Easy,2,8,Expert_Survey_E08_JA.xlsx,Round 1
E08_JA,1,20+,4,95,Development,GUI design and development,+GUI Style Editor,4 - Frequent / important,4,2 - Easy,2,8,Expert_Survey_E08_JA.xlsx,Round 1
E08_JA,1,20+,4,96,Development,GUI design and development,+Templatized Formulas,4 - Frequent / important,4,2 - Easy,2,8,Expert_Survey_E08_JA.xlsx,Round 1
E08_JA,1,20+,4,97,Development,GUI design and development,+UI Branding,4 - Frequent / important,4,2 - Easy,2,8,Expert_Survey_E08_JA.xlsx,Round 1
E08_JA,1,20+,4,98,Development,GUI design and development,+View Types,3 - Moderate / recurring,3,3 - Moderate,3,9,Expert_Survey_E08_JA.xlsx,Round 1
E08_JA,1,20+,4,99,Development,GUI design and development,+WYSIWYG,3 - Moderate / recurring,3,3 - Moderate,3,9,Expert_Survey_E08_JA.xlsx,Round 1
E08_JA,1,20+,4,100,Development,GUI design and development,CSS/SCSS,3 - Moderate / recurring,3,3 - Moderate,3,9,Expert_Survey_E08_JA.xlsx,Round 1
E08_JA,1,20+,4,101,Development,GUI design and development,Event Propagation,3 - Moderate / recurring,3,3 - Moderate,3,9,Expert_Survey_E08_JA.xlsx,Round 1
E08_JA,1,20+,4,102,Development,GUI design and development,Responsive Web Design,3 - Moderate / recurring,3,3 - Moderate,3,9,Expert_Survey_E08_JA.xlsx,Round 1
E08_JA,1,20+,4,103,Development,GUI design and development,HTML,3 - Moderate / recurring,3,3 - Moderate,3,9,Expert_Survey_E08_JA.xlsx,Round 1
E08_JA,1,20+,4,104,Development,GUI design and development,IT Data Types,5 - Essential / continuous,5,4 - Difficult,4,20,Expert_Survey_E08_JA.xlsx,Round 1
E08_JA,1,20+,4,105,Development,GUI design and development,JavaScript,2 - Occasional / peripheral,2,5 - Very difficult,5,10,Expert_Survey_E08_JA.xlsx,Round 1
E08_JA,1,20+,4,106,Development,GUI design and development,Master Detail,3 - Moderate / recurring,3,3 - Moderate,3,9,Expert_Survey_E08_JA.xlsx,Round 1
E08_JA,1,20+,4,107,Development,GUI design and development,Programming Functions,3 - Moderate / recurring,3,3 - Moderate,3,9,Expert_Survey_E08_JA.xlsx,Round 2
E08_JA,1,20+,4,108,Development,GUI design and development,Scripts,2 - Occasional / peripheral,2,5 - Very difficult,5,10,Expert_Survey_E08_JA.xlsx,Round 1
E08_JA,1,20+,4,109,Development,GUI design and development,Snippets,3 - Moderate / recurring,3,3 - Moderate,3,9,Expert_Survey_E08_JA.xlsx,Round 1
E08_JA,1,20+,4,110,Development,GUI design and development,Variables,3 - Moderate / recurring,3,3 - Moderate,3,9,Expert_Survey_E08_JA.xlsx,Round 1
E08_JA,1,20+,4,111,Development,GUI design and development,XML,3 - Moderate / recurring,3,3 - Moderate,3,9,Expert_Survey_E08_JA.xlsx,Round 2
E08_JA,1,20+,4,112,Development,Data validation development,+Business Rules,3 - Moderate / recurring,3,3 - Moderate,3,9,Expert_Survey_E08_JA.xlsx,Round 1
E08_JA,1,20+,4,113,Development,Data validation development,+Column Expressions,3 - Moderate / recurring,3,3 - Moderate,3,9,Expert_Survey_E08_JA.xlsx,Round 1
E08_JA,1,20+,4,114,Development,Data validation development,Expressions,3 - Moderate / recurring,3,3 - Moderate,3,9,Expert_Survey_E08_JA.xlsx,Round 1
E08_JA,1,20+,4,115,Development,Data validation development,Data Fields,5 - Essential / continuous,5,4 - Difficult,4,20,Expert_Survey_E08_JA.xlsx,Round 2
E08_JA,1,20+,4,116,Development,Data validation development,Domain Model,4 - Frequent / important,4,3 - Moderate,3,12,Expert_Survey_E08_JA.xlsx,Round 2
E08_JA,1,20+,4,117,Development,Data validation development,Scripts,2 - Occasional / peripheral,2,5 - Very difficult,5,10,Expert_Survey_E08_JA.xlsx,Round 1
E08_JA,1,20+,4,118,Development,Actions design and development,+AI Assisted Development,3 - Moderate / recurring,3,3 - Moderate,3,9,Expert_Survey_E08_JA.xlsx,Round 1
E08_JA,1,20+,4,119,Development,Actions design and development,+Automations,3 - Moderate / recurring,3,3 - Moderate,3,9,Expert_Survey_E08_JA.xlsx,Round 1
E08_JA,1,20+,4,120,Development,Actions design and development,+Built-in Connectors,4 - Frequent / important,4,2 - Easy,2,8,Expert_Survey_E08_JA.xlsx,Round 1
E08_JA,1,20+,4,121,Development,Actions design and development,API,3 - Moderate / recurring,3,4 - Difficult,4,12,Expert_Survey_E08_JA.xlsx,Round 1
E08_JA,1,20+,4,122,Development,Actions design and development,Expressions,3 - Moderate / recurring,3,3 - Moderate,3,9,Expert_Survey_E08_JA.xlsx,Round 1
E08_JA,1,20+,4,123,Development,Actions design and development,Functions,3 - Moderate / recurring,3,3 - Moderate,3,9,Expert_Survey_E08_JA.xlsx,Round 2
E08_JA,1,20+,4,124,Development,Actions design and development,Java,3 - Moderate / recurring,3,3 - Moderate,3,9,Expert_Survey_E08_JA.xlsx,Round 2
E08_JA,1,20+,4,125,Development,Actions design and development,JavaScript,2 - Occasional / peripheral,2,5 - Very difficult,5,10,Expert_Survey_E08_JA.xlsx,Round 2
E08_JA,1,20+,4,126,Development,Actions design and development,Object Model,4 - Frequent / important,4,3 - Moderate,3,12,Expert_Survey_E08_JA.xlsx,Round 1
E08_JA,1,20+,4,127,Development,Actions design and development,Scripts,2 - Occasional / peripheral,2,5 - Very difficult,5,10,Expert_Survey_E08_JA.xlsx,Round 1
E08_JA,1,20+,4,128,Development,Actions design and development,SOAP,3 - Moderate / recurring,3,3 - Moderate,3,9,Expert_Survey_E08_JA.xlsx,Round 1
E08_JA,1,20+,4,129,Development,Programming,.NET,3 - Moderate / recurring,3,3 - Moderate,3,9,Expert_Survey_E08_JA.xlsx,Round 1
E08_JA,1,20+,4,130,Development,Programming,+Visual Programming,3 - Moderate / recurring,3,3 - Moderate,3,9,Expert_Survey_E08_JA.xlsx,Round 1
E08_JA,1,20+,4,131,Development,Programming,Expressions,3 - Moderate / recurring,3,3 - Moderate,3,9,Expert_Survey_E08_JA.xlsx,Round 2
E08_JA,1,20+,4,132,Development,Programming,CLI,3 - Moderate / recurring,3,3 - Moderate,3,9,Expert_Survey_E08_JA.xlsx,Round 1
E08_JA,1,20+,4,133,Development,Programming,IT Data Types,5 - Essential / continuous,5,4 - Difficult,4,20,Expert_Survey_E08_JA.xlsx,Round 1
E08_JA,1,20+,4,134,Development,Programming,Eclipse,3 - Moderate / recurring,3,3 - Moderate,3,9,Expert_Survey_E08_JA.xlsx,Round 1
E08_JA,1,20+,4,135,Development,Programming,Emulators,3 - Moderate / recurring,3,3 - Moderate,3,9,Expert_Survey_E08_JA.xlsx,Round 1
E08_JA,1,20+,4,136,Development,Programming,Entity Types,3 - Moderate / recurring,3,3 - Moderate,3,9,Expert_Survey_E08_JA.xlsx,Round 1
E08_JA,1,20+,4,137,Development,Programming,Enumerations,3 - Moderate / recurring,3,3 - Moderate,3,9,Expert_Survey_E08_JA.xlsx,Round 1
E08_JA,1,20+,4,138,Development,Programming,Functions,3 - Moderate / recurring,3,3 - Moderate,3,9,Expert_Survey_E08_JA.xlsx,Round 1
E08_JA,1,20+,4,139,Development,Programming,HTML,3 - Moderate / recurring,3,3 - Moderate,3,9,Expert_Survey_E08_JA.xlsx,Round 1
E08_JA,1,20+,4,140,Development,Programming,SDK/IDE,3 - Moderate / recurring,3,3 - Moderate,3,9,Expert_Survey_E08_JA.xlsx,Round 1
E08_JA,1,20+,4,141,Development,Programming,Iteration Statements,3 - Moderate / recurring,3,3 - Moderate,3,9,Expert_Survey_E08_JA.xlsx,Round 1
E08_JA,1,20+,4,142,Development,Programming,Java,3 - Moderate / recurring,3,3 - Moderate,3,9,Expert_Survey_E08_JA.xlsx,Round 1
E08_JA,1,20+,4,143,Development,Programming,Java API,3 - Moderate / recurring,3,4 - Difficult,4,12,Expert_Survey_E08_JA.xlsx,Round 1
E08_JA,1,20+,4,144,Development,Programming,JavaScript,2 - Occasional / peripheral,2,5 - Very difficult,5,10,Expert_Survey_E08_JA.xlsx,Round 1
E08_JA,1,20+,4,145,Development,Programming,JSON,3 - Moderate / recurring,3,3 - Moderate,3,9,Expert_Survey_E08_JA.xlsx,Round 1
E08_JA,1,20+,4,146,Development,Programming,Markup Language,3 - Moderate / recurring,3,3 - Moderate,3,9,Expert_Survey_E08_JA.xlsx,Round 1
E08_JA,1,20+,4,147,Development,Programming,Metadata,5 - Essential / continuous,5,4 - Difficult,4,20,Expert_Survey_E08_JA.xlsx,Round 1
E08_JA,1,20+,4,148,Development,Programming,Native Mobile App,3 - Moderate / recurring,3,3 - Moderate,3,9,Expert_Survey_E08_JA.xlsx,Round 1
E08_JA,1,20+,4,149,Development,Programming,node.js,3 - Moderate / recurring,3,3 - Moderate,3,9,Expert_Survey_E08_JA.xlsx,Round 2
E08_JA,1,20+,4,150,Development,Programming,PWA,3 - Moderate / recurring,3,3 - Moderate,3,9,Expert_Survey_E08_JA.xlsx,Round 1
E08_JA,1,20+,4,151,Development,Programming,Query Functions,3 - Moderate / recurring,3,3 - Moderate,3,9,Expert_Survey_E08_JA.xlsx,Round 1
E08_JA,1,20+,4,152,Development,Programming,Scripts,2 - Occasional / peripheral,2,5 - Very difficult,5,10,Expert_Survey_E08_JA.xlsx,Round 1
E08_JA,1,20+,4,153,Development,Programming,Snippets,3 - Moderate / recurring,3,3 - Moderate,3,9,Expert_Survey_E08_JA.xlsx,Round 1
E08_JA,1,20+,4,154,Development,Programming,TypeScript,2 - Occasional / peripheral,2,5 - Very difficult,5,10,Expert_Survey_E08_JA.xlsx,Round 1
E08_JA,1,20+,4,155,Development,Programming,Web API,3 - Moderate / recurring,3,4 - Difficult,4,12,Expert_Survey_E08_JA.xlsx,Round 1
E08_JA,1,20+,4,156,Development,Programming,XML,3 - Moderate / recurring,3,3 - Moderate,3,9,Expert_Survey_E08_JA.xlsx,Round 1
E08_JA,1,20+,4,157,Implementation,Runtime server installation,+Cloud Based Environment,3 - Moderate / recurring,3,3 - Moderate,3,9,Expert_Survey_E08_JA.xlsx,Round 2
E08_JA,1,20+,4,158,Implementation,Runtime server installation,API,3 - Moderate / recurring,3,4 - Difficult,4,12,Expert_Survey_E08_JA.xlsx,Round 1
E08_JA,1,20+,4,159,Implementation,Runtime server installation,Compiler Service,3 - Moderate / recurring,3,3 - Moderate,3,9,Expert_Survey_E08_JA.xlsx,Round 1
E08_JA,1,20+,4,160,Implementation,Runtime server installation,Database Synchronization,5 - Essential / continuous,5,4 - Difficult,4,20,Expert_Survey_E08_JA.xlsx,Round 1
E08_JA,1,20+,4,161,Implementation,Runtime server installation,Deployment Controller Service,3 - Moderate / recurring,3,3 - Moderate,3,9,Expert_Survey_E08_JA.xlsx,Round 1
E08_JA,1,20+,4,162,Implementation,Runtime server installation,Email Server (SMTP),3 - Moderate / recurring,3,3 - Moderate,3,9,Expert_Survey_E08_JA.xlsx,Round 1
E08_JA,1,20+,4,163,Implementation,Runtime server installation,File Storage,3 - Moderate / recurring,3,3 - Moderate,3,9,Expert_Survey_E08_JA.xlsx,Round 1
E08_JA,1,20+,4,164,Implementation,Runtime server installation,HTTPS Server,3 - Moderate / recurring,3,3 - Moderate,3,9,Expert_Survey_E08_JA.xlsx,Round 2
E08_JA,1,20+,4,165,Implementation,Runtime server installation,Java,3 - Moderate / recurring,3,3 - Moderate,3,9,Expert_Survey_E08_JA.xlsx,Round 2
E08_JA,1,20+,4,166,Implementation,Runtime server installation,Load Balancing,3 - Moderate / recurring,3,3 - Moderate,3,9,Expert_Survey_E08_JA.xlsx,Round 1
E08_JA,1,20+,4,167,Implementation,Runtime server installation,Log Service,3 - Moderate / recurring,3,3 - Moderate,3,9,Expert_Survey_E08_JA.xlsx,Round 1
E08_JA,1,20+,4,168,Implementation,Runtime server installation,Mobile App,3 - Moderate / recurring,3,3 - Moderate,3,9,Expert_Survey_E08_JA.xlsx,Round 1
E08_JA,1,20+,4,169,Implementation,Runtime server installation,OQL,3 - Moderate / recurring,3,3 - Moderate,3,9,Expert_Survey_E08_JA.xlsx,Round 1
E08_JA,1,20+,4,170,Implementation,Runtime server installation,Proxy server,3 - Moderate / recurring,3,3 - Moderate,3,9,Expert_Survey_E08_JA.xlsx,Round 1
E08_JA,1,20+,4,171,Implementation,Runtime server installation,Relational Database,5 - Essential / continuous,5,4 - Difficult,4,20,Expert_Survey_E08_JA.xlsx,Round 2
E08_JA,1,20+,4,172,Implementation,Runtime server installation,REST API,3 - Moderate / recurring,3,4 - Difficult,4,12,Expert_Survey_E08_JA.xlsx,Round 1
E08_JA,1,20+,4,173,Implementation,Runtime server installation,SAML Authentication,3 - Moderate / recurring,3,3 - Moderate,3,9,Expert_Survey_E08_JA.xlsx,Round 2
E08_JA,1,20+,4,174,Implementation,Runtime server installation,Scheduler Service,3 - Moderate / recurring,3,3 - Moderate,3,9,Expert_Survey_E08_JA.xlsx,Round 1
E08_JA,1,20+,4,175,Implementation,Runtime server installation,Shared Libraries,3 - Moderate / recurring,3,3 - Moderate,3,9,Expert_Survey_E08_JA.xlsx,Round 1
E08_JA,1,20+,4,176,Implementation,Runtime server installation,SOAP,3 - Moderate / recurring,3,3 - Moderate,3,9,Expert_Survey_E08_JA.xlsx,Round 2
E08_JA,1,20+,4,177,Implementation,Runtime server installation,SSL Certificates,3 - Moderate / recurring,3,3 - Moderate,3,9,Expert_Survey_E08_JA.xlsx,Round 1
E08_JA,1,20+,4,178,Implementation,Runtime server installation,Swagger,3 - Moderate / recurring,3,3 - Moderate,3,9,Expert_Survey_E08_JA.xlsx,Round 1
E08_JA,1,20+,4,179,Implementation,Runtime server installation,WSDL,3 - Moderate / recurring,3,3 - Moderate,3,9,Expert_Survey_E08_JA.xlsx,Round 1
E08_JA,1,20+,4,180,Implementation,Runtime server installation,XML/XPath,3 - Moderate / recurring,3,3 - Moderate,3,9,Expert_Survey_E08_JA.xlsx,Round 2
E08_JA,1,20+,4,181,Implementation,Database installation,+Embedded Database,5 - Essential / continuous,5,4 - Difficult,4,20,Expert_Survey_E08_JA.xlsx,Round 1
E08_JA,1,20+,4,182,Implementation,Database installation,File Storage,3 - Moderate / recurring,3,3 - Moderate,3,9,Expert_Survey_E08_JA.xlsx,Round 1
E08_JA,1,20+,4,183,Implementation,Database installation,Relational Database,5 - Essential / continuous,5,4 - Difficult,4,20,Expert_Survey_E08_JA.xlsx,Round 2
E08_JA,1,20+,4,184,Implementation,Database installation,REST API,3 - Moderate / recurring,3,4 - Difficult,4,12,Expert_Survey_E08_JA.xlsx,Round 1
E08_JA,1,20+,4,185,Implementation,Client module installation,.NET Framework,3 - Moderate / recurring,3,3 - Moderate,3,9,Expert_Survey_E08_JA.xlsx,Round 2
E08_JA,1,20+,4,186,Implementation,Client module installation,+Mobile App,3 - Moderate / recurring,3,3 - Moderate,3,9,Expert_Survey_E08_JA.xlsx,Round 1
E08_JA,1,20+,4,187,Implementation,Client module installation,+Web Browser,3 - Moderate / recurring,3,3 - Moderate,3,9,Expert_Survey_E08_JA.xlsx,Round 1
E08_JA,1,20+,4,188,Implementation,Client module installation,API,3 - Moderate / recurring,3,4 - Difficult,4,12,Expert_Survey_E08_JA.xlsx,Round 1
E08_JA,1,20+,4,189,Implementation,Client module installation,Binaries,3 - Moderate / recurring,3,3 - Moderate,3,9,Expert_Survey_E08_JA.xlsx,Round 1
E08_JA,1,20+,4,190,Implementation,Client module installation,HTTPS Server,3 - Moderate / recurring,3,3 - Moderate,3,9,Expert_Survey_E08_JA.xlsx,Round 1
E08_JA,1,20+,4,191,Implementation,Client module installation,URL Configuration,3 - Moderate / recurring,3,3 - Moderate,3,9,Expert_Survey_E08_JA.xlsx,Round 1
E08_JA,1,20+,4,192,Implementation,Client module installation,Web Services,3 - Moderate / recurring,3,3 - Moderate,3,9,Expert_Survey_E08_JA.xlsx,Round 1
E08_JA,1,20+,4,193,Implementation,Deployment,+App Gallery,3 - Moderate / recurring,3,3 - Moderate,3,9,Expert_Survey_E08_JA.xlsx,Round 1
E08_JA,1,20+,4,194,Implementation,Deployment,+Software as a Service,3 - Moderate / recurring,3,3 - Moderate,3,9,Expert_Survey_E08_JA.xlsx,Round 1
E08_JA,1,20+,4,195,Implementation,Deployment,Application IDE,3 - Moderate / recurring,3,3 - Moderate,3,9,Expert_Survey_E08_JA.xlsx,Round 1
E08_JA,1,20+,4,196,Implementation,Deployment,CI/CD,3 - Moderate / recurring,3,3 - Moderate,3,9,Expert_Survey_E08_JA.xlsx,Round 2
E08_JA,1,20+,4,197,Implementation,Deployment,Cloud Computing,3 - Moderate / recurring,3,3 - Moderate,3,9,Expert_Survey_E08_JA.xlsx,Round 1
E08_JA,1,20+,4,198,Implementation,Deployment,Cloud Services,3 - Moderate / recurring,3,3 - Moderate,3,9,Expert_Survey_E08_JA.xlsx,Round 1
E08_JA,1,20+,4,199,Implementation,Deployment,Docker,3 - Moderate / recurring,3,3 - Moderate,3,9,Expert_Survey_E08_JA.xlsx,Round 2
E08_JA,1,20+,4,200,Implementation,Deployment,Import/Export,3 - Moderate / recurring,3,3 - Moderate,3,9,Expert_Survey_E08_JA.xlsx,Round 1
E08_JA,1,20+,4,201,Implementation,Deployment,Kubernetes,3 - Moderate / recurring,3,3 - Moderate,3,9,Expert_Survey_E08_JA.xlsx,Round 2
E08_JA,1,20+,4,202,Implementation,Deployment,On-Premise,3 - Moderate / recurring,3,3 - Moderate,3,9,Expert_Survey_E08_JA.xlsx,Round 1
E08_JA,1,20+,4,203,Implementation,Deployment,On-premises Data Gateway,5 - Essential / continuous,5,4 - Difficult,4,20,Expert_Survey_E08_JA.xlsx,Round 1
E08_JA,1,20+,4,204,Implementation,Deployment,REST API,3 - Moderate / recurring,3,4 - Difficult,4,12,Expert_Survey_E08_JA.xlsx,Round 1
E08_JA,1,20+,4,205,Implementation,Deployment,Scripts,2 - Occasional / peripheral,2,5 - Very difficult,5,10,Expert_Survey_E08_JA.xlsx,Round 2
E08_JA,1,20+,4,206,Implementation,Deployment,SOAP,3 - Moderate / recurring,3,3 - Moderate,3,9,Expert_Survey_E08_JA.xlsx,Round 2
E08_JA,1,20+,4,207,Implementation,Version control,Code Repository Concept,2 - Occasional / peripheral,2,5 - Very difficult,5,10,Expert_Survey_E08_JA.xlsx,Round 2
E08_JA,1,20+,4,208,Implementation,Version control,Custom Version Control,3 - Moderate / recurring,3,3 - Moderate,3,9,Expert_Survey_E08_JA.xlsx,Round 2
E08_JA,1,20+,4,209,Implementation,Version control,Git,3 - Moderate / recurring,3,3 - Moderate,3,9,Expert_Survey_E08_JA.xlsx,Round 2
E09_MM,1,15-19,3,1,Design,Workflow model,+BPMN Process Model,5 - Essential / continuous,5,2 - Easy,2,10,Expert_Survey_E09_MM.xlsx,Round 1
E09_MM,1,15-19,3,2,Design,Workflow model,Custom Process Model,3 - Moderate / recurring,3,3 - Moderate,3,9,Expert_Survey_E09_MM.xlsx,Round 2
E09_MM,1,15-19,3,3,Design,Database model,+Business Data Types,5 - Essential / continuous,5,2 - Easy,2,10,Expert_Survey_E09_MM.xlsx,Round 1
E09_MM,1,15-19,3,4,Design,Database model,+Form-based Data,5 - Essential / continuous,5,2 - Easy,2,10,Expert_Survey_E09_MM.xlsx,Round 1
E09_MM,1,15-19,3,5,Design,Database model,+Item-Detail,4 - Frequent / important,4,2 - Easy,2,8,Expert_Survey_E09_MM.xlsx,Round 1
E09_MM,1,15-19,3,6,Design,Database model,+Lookup/Drop-down,4 - Frequent / important,4,2 - Easy,2,8,Expert_Survey_E09_MM.xlsx,Round 1
E09_MM,1,15-19,3,7,Design,Database model,+Predefined Entities,4 - Frequent / important,4,2 - Easy,2,8,Expert_Survey_E09_MM.xlsx,Round 1
E09_MM,1,15-19,3,8,Design,Database model,Domain Model,3 - Moderate / recurring,3,3 - Moderate,3,9,Expert_Survey_E09_MM.xlsx,Round 1
E09_MM,1,15-19,3,9,Design,Database model,Conditional Expressions,4 - Frequent / important,4,3 - Moderate,3,12,Expert_Survey_E09_MM.xlsx,Round 1
E09_MM,1,15-19,3,10,Design,Database model,Constraints,4 - Frequent / important,4,3 - Moderate,3,12,Expert_Survey_E09_MM.xlsx,Round 1
E09_MM,1,15-19,3,11,Design,Database model,Data Structure,3 - Moderate / recurring,3,3 - Moderate,3,9,Expert_Survey_E09_MM.xlsx,Round 1
E09_MM,1,15-19,3,12,Design,Database model,IT Data Types,3 - Moderate / recurring,3,3 - Moderate,3,9,Expert_Survey_E09_MM.xlsx,Round 1
E09_MM,1,15-19,3,13,Design,Database model,Denormalization,3 - Moderate / recurring,3,3 - Moderate,3,9,Expert_Survey_E09_MM.xlsx,Round 1
E09_MM,1,15-19,3,14,Design,Database model,Entity Diagrams,3 - Moderate / recurring,3,3 - Moderate,3,9,Expert_Survey_E09_MM.xlsx,Round 1
E09_MM,1,15-19,3,15,Design,Database model,Enumerations,3 - Moderate / recurring,3,3 - Moderate,3,9,Expert_Survey_E09_MM.xlsx,Round 1
E09_MM,1,15-19,3,16,Design,Database model,Expressions,4 - Frequent / important,4,3 - Moderate,3,12,Expert_Survey_E09_MM.xlsx,Round 1
E09_MM,1,15-19,3,17,Design,Database model,Relational Database,3 - Moderate / recurring,3,3 - Moderate,3,9,Expert_Survey_E09_MM.xlsx,Round 2
E09_MM,1,15-19,3,18,Design,Database model,XML/XPath,2 - Occasional / peripheral,2,4 - Difficult,4,8,Expert_Survey_E09_MM.xlsx,Round 2
E09_MM,1,15-19,3,19,Design,UI model,+App templates,4 - Frequent / important,4,1 - Very easy,1,4,Expert_Survey_E09_MM.xlsx,Round 1
E09_MM,1,15-19,3,20,Design,UI model,+Business Data Types,5 - Essential / continuous,5,2 - Easy,2,10,Expert_Survey_E09_MM.xlsx,Round 1
E09_MM,1,15-19,3,21,Design,UI model,+Screen Templates,4 - Frequent / important,4,1 - Very easy,1,4,Expert_Survey_E09_MM.xlsx,Round 1
E09_MM,1,15-19,3,22,Design,UI model,+UI Branding,4 - Frequent / important,4,2 - Easy,2,8,Expert_Survey_E09_MM.xlsx,Round 1
E09_MM,1,15-19,3,23,Design,UI model,+View Types,5 - Essential / continuous,5,2 - Easy,2,10,Expert_Survey_E09_MM.xlsx,Round 1
E09_MM,1,15-19,3,24,Design,UI model,Expressions,4 - Frequent / important,4,3 - Moderate,3,12,Expert_Survey_E09_MM.xlsx,Round 2
E09_MM,1,15-19,3,25,Design,UI model,IT Data Types,3 - Moderate / recurring,3,3 - Moderate,3,9,Expert_Survey_E09_MM.xlsx,Round 1
E09_MM,1,15-19,3,26,Design,UI model,Functions,4 - Frequent / important,4,3 - Moderate,3,12,Expert_Survey_E09_MM.xlsx,Round 2
E09_MM,1,15-19,3,27,Design,UI model,Model-driven Apps,3 - Moderate / recurring,3,3 - Moderate,3,9,Expert_Survey_E09_MM.xlsx,Round 2
E09_MM,1,15-19,3,28,Design,UI model,Reactive Web App,3 - Moderate / recurring,3,3 - Moderate,3,9,Expert_Survey_E09_MM.xlsx,Round 2
E09_MM,1,15-19,3,29,Design,UI model,Responsive Web Design,3 - Moderate / recurring,3,3 - Moderate,3,9,Expert_Survey_E09_MM.xlsx,Round 2
E09_MM,1,15-19,3,30,Design,UI model,Variables,4 - Frequent / important,4,3 - Moderate,3,12,Expert_Survey_E09_MM.xlsx,Round 1
E09_MM,1,15-19,3,31,Design,Validations,+Business Rules,5 - Essential / continuous,5,2 - Easy,2,10,Expert_Survey_E09_MM.xlsx,Round 1
E09_MM,1,15-19,3,32,Design,Validations,+Lookup/Drop-down,4 - Frequent / important,4,2 - Easy,2,8,Expert_Survey_E09_MM.xlsx,Round 1
E09_MM,1,15-19,3,33,Design,Validations,Expressions,4 - Frequent / important,4,3 - Moderate,3,12,Expert_Survey_E09_MM.xlsx,Round 1
E09_MM,1,15-19,3,34,Design,Validations,Enumerations,3 - Moderate / recurring,3,3 - Moderate,3,9,Expert_Survey_E09_MM.xlsx,Round 1
E09_MM,1,15-19,3,35,Design,Validations,JavaScript,2 - Occasional / peripheral,2,5 - Very difficult,5,10,Expert_Survey_E09_MM.xlsx,Round 2
E09_MM,1,15-19,3,36,Design,Validations,Scripts,3 - Moderate / recurring,3,3 - Moderate,3,9,Expert_Survey_E09_MM.xlsx,Round 2
E09_MM,1,15-19,3,37,Design,Validations,Transactions,3 - Moderate / recurring,3,3 - Moderate,3,9,Expert_Survey_E09_MM.xlsx,Round 2
E09_MM,1,15-19,3,38,Design,Application logic,+Actions,5 - Essential / continuous,5,2 - Easy,2,10,Expert_Survey_E09_MM.xlsx,Round 1
E09_MM,1,15-19,3,39,Design,Application logic,+Graphical actions,5 - Essential / continuous,5,2 - Easy,2,10,Expert_Survey_E09_MM.xlsx,Round 1
E09_MM,1,15-19,3,40,Design,Application logic,+NLP,4 - Frequent / important,4,2 - Easy,2,8,Expert_Survey_E09_MM.xlsx,Round 1
E09_MM,1,15-19,3,41,Design,Application logic,+Custom Language,4 - Frequent / important,4,2 - Easy,2,8,Expert_Survey_E09_MM.xlsx,Round 1
E09_MM,1,15-19,3,42,Design,Application logic,+Predefined Tasks,4 - Frequent / important,4,2 - Easy,2,8,Expert_Survey_E09_MM.xlsx,Round 1
E09_MM,1,15-19,3,43,Design,Application logic,UML,3 - Moderate / recurring,3,3 - Moderate,3,9,Expert_Survey_E09_MM.xlsx,Round 2
E09_MM,1,15-19,3,44,Design,Application logic,Algorithms,3 - Moderate / recurring,3,3 - Moderate,3,9,Expert_Survey_E09_MM.xlsx,Round 1
E09_MM,1,15-19,3,45,Design,Application logic,Expressions,4 - Frequent / important,4,3 - Moderate,3,12,Expert_Survey_E09_MM.xlsx,Round 1
E09_MM,1,15-19,3,46,Design,Application logic,Control Structures,3 - Moderate / recurring,3,3 - Moderate,3,9,Expert_Survey_E09_MM.xlsx,Round 1
E09_MM,1,15-19,3,47,Design,Application logic,IT Data Types,3 - Moderate / recurring,3,3 - Moderate,3,9,Expert_Survey_E09_MM.xlsx,Round 1
E09_MM,1,15-19,3,48,Design,Application logic,Events,3 - Moderate / recurring,3,3 - Moderate,3,9,Expert_Survey_E09_MM.xlsx,Round 1
E09_MM,1,15-19,3,49,Design,Application logic,Formulas,4 - Frequent / important,4,3 - Moderate,3,12,Expert_Survey_E09_MM.xlsx,Round 2
E09_MM,1,15-19,3,50,Design,Application logic,Functions,4 - Frequent / important,4,3 - Moderate,3,12,Expert_Survey_E09_MM.xlsx,Round 2
E09_MM,1,15-19,3,51,Design,Application logic,Java,2 - Occasional / peripheral,2,5 - Very difficult,5,10,Expert_Survey_E09_MM.xlsx,Round 2
E09_MM,1,15-19,3,52,Design,Application logic,JavaScript,2 - Occasional / peripheral,2,5 - Very difficult,5,10,Expert_Survey_E09_MM.xlsx,Round 2
E09_MM,1,15-19,3,53,Design,Application logic,Microservices,2 - Occasional / peripheral,2,5 - Very difficult,5,10,Expert_Survey_E09_MM.xlsx,Round 2
E09_MM,1,15-19,3,54,Design,Application logic,SQL,2 - Occasional / peripheral,2,5 - Very difficult,5,10,Expert_Survey_E09_MM.xlsx,Round 2
E09_MM,1,15-19,3,55,Design,Application logic,Variables,4 - Frequent / important,4,3 - Moderate,3,12,Expert_Survey_E09_MM.xlsx,Round 1
E09_MM,1,15-19,3,56,Development,Workflow design and development,+BPMN Process Model,5 - Essential / continuous,5,2 - Easy,2,10,Expert_Survey_E09_MM.xlsx,Round 1
E09_MM,1,15-19,3,57,Development,Workflow design and development,Expressions,4 - Frequent / important,4,3 - Moderate,3,12,Expert_Survey_E09_MM.xlsx,Round 1
E09_MM,1,15-19,3,58,Development,Workflow design and development,Custom Process Model,3 - Moderate / recurring,3,3 - Moderate,3,9,Expert_Survey_E09_MM.xlsx,Round 1
E09_MM,1,15-19,3,59,Development,Workflow design and development,Events,3 - Moderate / recurring,3,3 - Moderate,3,9,Expert_Survey_E09_MM.xlsx,Round 1
E09_MM,1,15-19,3,60,Development,Workflow design and development,Java API,2 - Occasional / peripheral,2,5 - Very difficult,5,10,Expert_Survey_E09_MM.xlsx,Round 2
E09_MM,1,15-19,3,61,Development,Workflow design and development,JavaScript,2 - Occasional / peripheral,2,5 - Very difficult,5,10,Expert_Survey_E09_MM.xlsx,Round 2
E09_MM,1,15-19,3,62,Development,Workflow design and development,REST API,1 - Rare / avoidable,1,5 - Very difficult,5,5,Expert_Survey_E09_MM.xlsx,Round 1
E09_MM,1,15-19,3,63,Development,Workflow design and development,Triggers,3 - Moderate / recurring,3,3 - Moderate,3,9,Expert_Survey_E09_MM.xlsx,Round 1
E09_MM,1,15-19,3,64,Development,Database design,+Business Data Types,5 - Essential / continuous,5,2 - Easy,2,10,Expert_Survey_E09_MM.xlsx,Round 1
E09_MM,1,15-19,3,65,Development,Database design,+Custom Database Model,5 - Essential / continuous,5,2 - Easy,2,10,Expert_Survey_E09_MM.xlsx,Round 1
E09_MM,1,15-19,3,66,Development,Database design,+References,4 - Frequent / important,4,2 - Easy,2,8,Expert_Survey_E09_MM.xlsx,Round 1
E09_MM,1,15-19,3,67,Development,Database design,+Slices,4 - Frequent / important,4,2 - Easy,2,8,Expert_Survey_E09_MM.xlsx,Round 1
E09_MM,1,15-19,3,68,Development,Database design,Actions,3 - Moderate / recurring,3,3 - Moderate,3,9,Expert_Survey_E09_MM.xlsx,Round 1
E09_MM,1,15-19,3,69,Development,Database design,Expressions,4 - Frequent / important,4,3 - Moderate,3,12,Expert_Survey_E09_MM.xlsx,Round 1
E09_MM,1,15-19,3,70,Development,Database design,Relational Database,3 - Moderate / recurring,3,3 - Moderate,3,9,Expert_Survey_E09_MM.xlsx,Round 1
E09_MM,1,15-19,3,71,Development,Database design,Entity Diagrams,3 - Moderate / recurring,3,3 - Moderate,3,9,Expert_Survey_E09_MM.xlsx,Round 1
E09_MM,1,15-19,3,72,Development,Database design,Functions,4 - Frequent / important,4,3 - Moderate,3,12,Expert_Survey_E09_MM.xlsx,Round 1
E09_MM,1,15-19,3,73,Development,Database design,SQL,1 - Rare / avoidable,1,5 - Very difficult,5,5,Expert_Survey_E09_MM.xlsx,Round 1
E09_MM,1,15-19,3,74,Development,Database design,IT Data Types,3 - Moderate / recurring,3,3 - Moderate,3,9,Expert_Survey_E09_MM.xlsx,Round 1
E09_MM,1,15-19,3,75,Development,Database design,Web API,1 - Rare / avoidable,1,5 - Very difficult,5,5,Expert_Survey_E09_MM.xlsx,Round 1
E09_MM,1,15-19,3,76,Development,Fetching data,.NET,1 - Rare / avoidable,1,5 - Very difficult,5,5,Expert_Survey_E09_MM.xlsx,Round 1
E09_MM,1,15-19,3,77,Development,Fetching data,+Cloud-based Spreadsheets,4 - Frequent / important,4,2 - Easy,2,8,Expert_Survey_E09_MM.xlsx,Round 1
E09_MM,1,15-19,3,78,Development,Fetching data,+GUI Queries,4 - Frequent / important,4,2 - Easy,2,8,Expert_Survey_E09_MM.xlsx,Round 1
E09_MM,1,15-19,3,79,Development,Fetching data,+Human Language,4 - Frequent / important,4,2 - Easy,2,8,Expert_Survey_E09_MM.xlsx,Round 1
E09_MM,1,15-19,3,80,Development,Fetching data,+Integrated Data Sources,5 - Essential / continuous,5,2 - Easy,2,10,Expert_Survey_E09_MM.xlsx,Round 1
E09_MM,1,15-19,3,81,Development,Fetching data,Cloud Services,3 - Moderate / recurring,3,3 - Moderate,3,9,Expert_Survey_E09_MM.xlsx,Round 1
E09_MM,1,15-19,3,82,Development,Fetching data,Custom Query Language,1 - Rare / avoidable,1,5 - Very difficult,5,5,Expert_Survey_E09_MM.xlsx,Round 1
E09_MM,1,15-19,3,83,Development,Fetching data,Data Source Integration,3 - Moderate / recurring,3,3 - Moderate,3,9,Expert_Survey_E09_MM.xlsx,Round 1
E09_MM,1,15-19,3,84,Development,Fetching data,Formulas,4 - Frequent / important,4,3 - Moderate,3,12,Expert_Survey_E09_MM.xlsx,Round 1
E09_MM,1,15-19,3,85,Development,Fetching data,Local Storage,3 - Moderate / recurring,3,3 - Moderate,3,9,Expert_Survey_E09_MM.xlsx,Round 1
E09_MM,1,15-19,3,86,Development,Fetching data,OAuth,1 - Rare / avoidable,1,5 - Very difficult,5,5,Expert_Survey_E09_MM.xlsx,Round 1
E09_MM,1,15-19,3,87,Development,Fetching data,REST API,1 - Rare / avoidable,1,5 - Very difficult,5,5,Expert_Survey_E09_MM.xlsx,Round 1
E09_MM,1,15-19,3,88,Development,Fetching data,SDK,1 - Rare / avoidable,1,5 - Very difficult,5,5,Expert_Survey_E09_MM.xlsx,Round 1
E09_MM,1,15-19,3,89,Development,Fetching data,SQL,1 - Rare / avoidable,1,5 - Very difficult,5,5,Expert_Survey_E09_MM.xlsx,Round 1
E09_MM,1,15-19,3,90,Development,Fetching data,URL,1 - Rare / avoidable,1,4 - Difficult,4,4,Expert_Survey_E09_MM.xlsx,Round 1
E09_MM,1,15-19,3,91,Development,Fetching data,Web API,1 - Rare / avoidable,1,5 - Very difficult,5,5,Expert_Survey_E09_MM.xlsx,Round 1
E09_MM,1,15-19,3,92,Development,GUI design and development,+AI Support,4 - Frequent / important,4,2 - Easy,2,8,Expert_Survey_E09_MM.xlsx,Round 1
E09_MM,1,15-19,3,93,Development,GUI design and development,+Business Data Types,5 - Essential / continuous,5,2 - Easy,2,10,Expert_Survey_E09_MM.xlsx,Round 1
E09_MM,1,15-19,3,94,Development,GUI design and development,+Conditional Formatting,4 - Frequent / important,4,2 - Easy,2,8,Expert_Survey_E09_MM.xlsx,Round 1
E09_MM,1,15-19,3,95,Development,GUI design and development,+GUI Style Editor,4 - Frequent / important,4,1 - Very easy,1,4,Expert_Survey_E09_MM.xlsx,Round 1
E09_MM,1,15-19,3,96,Development,GUI design and development,+Templatized Formulas,4 - Frequent / important,4,2 - Easy,2,8,Expert_Survey_E09_MM.xlsx,Round 1
E09_MM,1,15-19,3,97,Development,GUI design and development,+UI Branding,4 - Frequent / important,4,2 - Easy,2,8,Expert_Survey_E09_MM.xlsx,Round 1
E09_MM,1,15-19,3,98,Development,GUI design and development,+View Types,5 - Essential / continuous,5,2 - Easy,2,10,Expert_Survey_E09_MM.xlsx,Round 1
E09_MM,1,15-19,3,99,Development,GUI design and development,+WYSIWYG,4 - Frequent / important,4,2 - Easy,2,8,Expert_Survey_E09_MM.xlsx,Round 1
E09_MM,1,15-19,3,100,Development,GUI design and development,CSS/SCSS,1 - Rare / avoidable,1,4 - Difficult,4,4,Expert_Survey_E09_MM.xlsx,Round 1
E09_MM,1,15-19,3,101,Development,GUI design and development,Event Propagation,3 - Moderate / recurring,3,3 - Moderate,3,9,Expert_Survey_E09_MM.xlsx,Round 1
E09_MM,1,15-19,3,102,Development,GUI design and development,Responsive Web Design,3 - Moderate / recurring,3,3 - Moderate,3,9,Expert_Survey_E09_MM.xlsx,Round 1
E09_MM,1,15-19,3,103,Development,GUI design and development,HTML,1 - Rare / avoidable,1,4 - Difficult,4,4,Expert_Survey_E09_MM.xlsx,Round 1
E09_MM,1,15-19,3,104,Development,GUI design and development,IT Data Types,3 - Moderate / recurring,3,3 - Moderate,3,9,Expert_Survey_E09_MM.xlsx,Round 1
E09_MM,1,15-19,3,105,Development,GUI design and development,JavaScript,1 - Rare / avoidable,1,5 - Very difficult,5,5,Expert_Survey_E09_MM.xlsx,Round 1
E09_MM,1,15-19,3,106,Development,GUI design and development,Master Detail,3 - Moderate / recurring,3,3 - Moderate,3,9,Expert_Survey_E09_MM.xlsx,Round 1
E09_MM,1,15-19,3,107,Development,GUI design and development,Programming Functions,4 - Frequent / important,4,3 - Moderate,3,12,Expert_Survey_E09_MM.xlsx,Round 2
E09_MM,1,15-19,3,108,Development,GUI design and development,Scripts,3 - Moderate / recurring,3,3 - Moderate,3,9,Expert_Survey_E09_MM.xlsx,Round 1
E09_MM,1,15-19,3,109,Development,GUI design and development,Snippets,3 - Moderate / recurring,3,3 - Moderate,3,9,Expert_Survey_E09_MM.xlsx,Round 1
E09_MM,1,15-19,3,110,Development,GUI design and development,Variables,4 - Frequent / important,4,3 - Moderate,3,12,Expert_Survey_E09_MM.xlsx,Round 1
E09_MM,1,15-19,3,111,Development,GUI design and development,XML,2 - Occasional / peripheral,2,4 - Difficult,4,8,Expert_Survey_E09_MM.xlsx,Round 2
E09_MM,1,15-19,3,112,Development,Data validation development,+Business Rules,5 - Essential / continuous,5,2 - Easy,2,10,Expert_Survey_E09_MM.xlsx,Round 1
E09_MM,1,15-19,3,113,Development,Data validation development,+Column Expressions,4 - Frequent / important,4,2 - Easy,2,8,Expert_Survey_E09_MM.xlsx,Round 1
E09_MM,1,15-19,3,114,Development,Data validation development,Expressions,4 - Frequent / important,4,3 - Moderate,3,12,Expert_Survey_E09_MM.xlsx,Round 1
E09_MM,1,15-19,3,115,Development,Data validation development,Data Fields,3 - Moderate / recurring,3,3 - Moderate,3,9,Expert_Survey_E09_MM.xlsx,Round 2
E09_MM,1,15-19,3,116,Development,Data validation development,Domain Model,3 - Moderate / recurring,3,3 - Moderate,3,9,Expert_Survey_E09_MM.xlsx,Round 2
E09_MM,1,15-19,3,117,Development,Data validation development,Scripts,3 - Moderate / recurring,3,3 - Moderate,3,9,Expert_Survey_E09_MM.xlsx,Round 1
E09_MM,1,15-19,3,118,Development,Actions design and development,+AI Assisted Development,4 - Frequent / important,4,2 - Easy,2,8,Expert_Survey_E09_MM.xlsx,Round 1
E09_MM,1,15-19,3,119,Development,Actions design and development,+Automations,4 - Frequent / important,4,2 - Easy,2,8,Expert_Survey_E09_MM.xlsx,Round 1
E09_MM,1,15-19,3,120,Development,Actions design and development,+Built-in Connectors,4 - Frequent / important,4,2 - Easy,2,8,Expert_Survey_E09_MM.xlsx,Round 1
E09_MM,1,15-19,3,121,Development,Actions design and development,API,1 - Rare / avoidable,1,5 - Very difficult,5,5,Expert_Survey_E09_MM.xlsx,Round 1
E09_MM,1,15-19,3,122,Development,Actions design and development,Expressions,4 - Frequent / important,4,3 - Moderate,3,12,Expert_Survey_E09_MM.xlsx,Round 1
E09_MM,1,15-19,3,123,Development,Actions design and development,Functions,4 - Frequent / important,4,3 - Moderate,3,12,Expert_Survey_E09_MM.xlsx,Round 2
E09_MM,1,15-19,3,124,Development,Actions design and development,Java,2 - Occasional / peripheral,2,5 - Very difficult,5,10,Expert_Survey_E09_MM.xlsx,Round 2
E09_MM,1,15-19,3,125,Development,Actions design and development,JavaScript,2 - Occasional / peripheral,2,5 - Very difficult,5,10,Expert_Survey_E09_MM.xlsx,Round 2
E09_MM,1,15-19,3,126,Development,Actions design and development,Object Model,3 - Moderate / recurring,3,3 - Moderate,3,9,Expert_Survey_E09_MM.xlsx,Round 1
E09_MM,1,15-19,3,127,Development,Actions design and development,Scripts,3 - Moderate / recurring,3,3 - Moderate,3,9,Expert_Survey_E09_MM.xlsx,Round 1
E09_MM,1,15-19,3,128,Development,Actions design and development,SOAP,1 - Rare / avoidable,1,5 - Very difficult,5,5,Expert_Survey_E09_MM.xlsx,Round 1
E09_MM,1,15-19,3,129,Development,Programming,.NET,1 - Rare / avoidable,1,5 - Very difficult,5,5,Expert_Survey_E09_MM.xlsx,Round 1
E09_MM,1,15-19,3,130,Development,Programming,+Visual Programming,4 - Frequent / important,4,2 - Easy,2,8,Expert_Survey_E09_MM.xlsx,Round 1
E09_MM,1,15-19,3,131,Development,Programming,Expressions,4 - Frequent / important,4,3 - Moderate,3,12,Expert_Survey_E09_MM.xlsx,Round 2
E09_MM,1,15-19,3,132,Development,Programming,CLI,1 - Rare / avoidable,1,5 - Very difficult,5,5,Expert_Survey_E09_MM.xlsx,Round 1
E09_MM,1,15-19,3,133,Development,Programming,IT Data Types,3 - Moderate / recurring,3,3 - Moderate,3,9,Expert_Survey_E09_MM.xlsx,Round 1
E09_MM,1,15-19,3,134,Development,Programming,Eclipse,1 - Rare / avoidable,1,5 - Very difficult,5,5,Expert_Survey_E09_MM.xlsx,Round 1
E09_MM,1,15-19,3,135,Development,Programming,Emulators,1 - Rare / avoidable,1,5 - Very difficult,5,5,Expert_Survey_E09_MM.xlsx,Round 1
E09_MM,1,15-19,3,136,Development,Programming,Entity Types,3 - Moderate / recurring,3,3 - Moderate,3,9,Expert_Survey_E09_MM.xlsx,Round 1
E09_MM,1,15-19,3,137,Development,Programming,Enumerations,3 - Moderate / recurring,3,3 - Moderate,3,9,Expert_Survey_E09_MM.xlsx,Round 1
E09_MM,1,15-19,3,138,Development,Programming,Functions,4 - Frequent / important,4,3 - Moderate,3,12,Expert_Survey_E09_MM.xlsx,Round 1
E09_MM,1,15-19,3,139,Development,Programming,HTML,1 - Rare / avoidable,1,4 - Difficult,4,4,Expert_Survey_E09_MM.xlsx,Round 1
E09_MM,1,15-19,3,140,Development,Programming,SDK/IDE,1 - Rare / avoidable,1,5 - Very difficult,5,5,Expert_Survey_E09_MM.xlsx,Round 1
E09_MM,1,15-19,3,141,Development,Programming,Iteration Statements,3 - Moderate / recurring,3,3 - Moderate,3,9,Expert_Survey_E09_MM.xlsx,Round 1
E09_MM,1,15-19,3,142,Development,Programming,Java,1 - Rare / avoidable,1,5 - Very difficult,5,5,Expert_Survey_E09_MM.xlsx,Round 1
E09_MM,1,15-19,3,143,Development,Programming,Java API,1 - Rare / avoidable,1,5 - Very difficult,5,5,Expert_Survey_E09_MM.xlsx,Round 1
E09_MM,1,15-19,3,144,Development,Programming,JavaScript,1 - Rare / avoidable,1,5 - Very difficult,5,5,Expert_Survey_E09_MM.xlsx,Round 1
E09_MM,1,15-19,3,145,Development,Programming,JSON,3 - Moderate / recurring,3,3 - Moderate,3,9,Expert_Survey_E09_MM.xlsx,Round 1
E09_MM,1,15-19,3,146,Development,Programming,Markup Language,3 - Moderate / recurring,3,3 - Moderate,3,9,Expert_Survey_E09_MM.xlsx,Round 1
E09_MM,1,15-19,3,147,Development,Programming,Metadata,3 - Moderate / recurring,3,3 - Moderate,3,9,Expert_Survey_E09_MM.xlsx,Round 1
E09_MM,1,15-19,3,148,Development,Programming,Native Mobile App,3 - Moderate / recurring,3,3 - Moderate,3,9,Expert_Survey_E09_MM.xlsx,Round 1
E09_MM,1,15-19,3,149,Development,Programming,node.js,2 - Occasional / peripheral,2,5 - Very difficult,5,10,Expert_Survey_E09_MM.xlsx,Round 2
E09_MM,1,15-19,3,150,Development,Programming,PWA,1 - Rare / avoidable,1,5 - Very difficult,5,5,Expert_Survey_E09_MM.xlsx,Round 1
E09_MM,1,15-19,3,151,Development,Programming,Query Functions,1 - Rare / avoidable,1,5 - Very difficult,5,5,Expert_Survey_E09_MM.xlsx,Round 1
E09_MM,1,15-19,3,152,Development,Programming,Scripts,3 - Moderate / recurring,3,3 - Moderate,3,9,Expert_Survey_E09_MM.xlsx,Round 1
E09_MM,1,15-19,3,153,Development,Programming,Snippets,3 - Moderate / recurring,3,3 - Moderate,3,9,Expert_Survey_E09_MM.xlsx,Round 1
E09_MM,1,15-19,3,154,Development,Programming,TypeScript,1 - Rare / avoidable,1,5 - Very difficult,5,5,Expert_Survey_E09_MM.xlsx,Round 1
E09_MM,1,15-19,3,155,Development,Programming,Web API,1 - Rare / avoidable,1,5 - Very difficult,5,5,Expert_Survey_E09_MM.xlsx,Round 1
E09_MM,1,15-19,3,156,Development,Programming,XML,1 - Rare / avoidable,1,4 - Difficult,4,4,Expert_Survey_E09_MM.xlsx,Round 1
E09_MM,1,15-19,3,157,Implementation,Runtime server installation,+Cloud Based Environment,4 - Frequent / important,4,2 - Easy,2,8,Expert_Survey_E09_MM.xlsx,Round 2
E09_MM,1,15-19,3,158,Implementation,Runtime server installation,API,1 - Rare / avoidable,1,5 - Very difficult,5,5,Expert_Survey_E09_MM.xlsx,Round 1
E09_MM,1,15-19,3,159,Implementation,Runtime server installation,Compiler Service,1 - Rare / avoidable,1,5 - Very difficult,5,5,Expert_Survey_E09_MM.xlsx,Round 1
E09_MM,1,15-19,3,160,Implementation,Runtime server installation,Database Synchronization,1 - Rare / avoidable,1,5 - Very difficult,5,5,Expert_Survey_E09_MM.xlsx,Round 1
E09_MM,1,15-19,3,161,Implementation,Runtime server installation,Deployment Controller Service,1 - Rare / avoidable,1,5 - Very difficult,5,5,Expert_Survey_E09_MM.xlsx,Round 1
E09_MM,1,15-19,3,162,Implementation,Runtime server installation,Email Server (SMTP),1 - Rare / avoidable,1,5 - Very difficult,5,5,Expert_Survey_E09_MM.xlsx,Round 1
E09_MM,1,15-19,3,163,Implementation,Runtime server installation,File Storage,1 - Rare / avoidable,1,5 - Very difficult,5,5,Expert_Survey_E09_MM.xlsx,Round 1
E09_MM,1,15-19,3,164,Implementation,Runtime server installation,HTTPS Server,2 - Occasional / peripheral,2,5 - Very difficult,5,10,Expert_Survey_E09_MM.xlsx,Round 2
E09_MM,1,15-19,3,165,Implementation,Runtime server installation,Java,2 - Occasional / peripheral,2,5 - Very difficult,5,10,Expert_Survey_E09_MM.xlsx,Round 2
E09_MM,1,15-19,3,166,Implementation,Runtime server installation,Load Balancing,1 - Rare / avoidable,1,5 - Very difficult,5,5,Expert_Survey_E09_MM.xlsx,Round 1
E09_MM,1,15-19,3,167,Implementation,Runtime server installation,Log Service,1 - Rare / avoidable,1,5 - Very difficult,5,5,Expert_Survey_E09_MM.xlsx,Round 1
E09_MM,1,15-19,3,168,Implementation,Runtime server installation,Mobile App,1 - Rare / avoidable,1,5 - Very difficult,5,5,Expert_Survey_E09_MM.xlsx,Round 1
E09_MM,1,15-19,3,169,Implementation,Runtime server installation,OQL,1 - Rare / avoidable,1,5 - Very difficult,5,5,Expert_Survey_E09_MM.xlsx,Round 1
E09_MM,1,15-19,3,170,Implementation,Runtime server installation,Proxy server,1 - Rare / avoidable,1,5 - Very difficult,5,5,Expert_Survey_E09_MM.xlsx,Round 1
E09_MM,1,15-19,3,171,Implementation,Runtime server installation,Relational Database,2 - Occasional / peripheral,2,5 - Very difficult,5,10,Expert_Survey_E09_MM.xlsx,Round 2
E09_MM,1,15-19,3,172,Implementation,Runtime server installation,REST API,1 - Rare / avoidable,1,5 - Very difficult,5,5,Expert_Survey_E09_MM.xlsx,Round 1
E09_MM,1,15-19,3,173,Implementation,Runtime server installation,SAML Authentication,2 - Occasional / peripheral,2,5 - Very difficult,5,10,Expert_Survey_E09_MM.xlsx,Round 2
E09_MM,1,15-19,3,174,Implementation,Runtime server installation,Scheduler Service,1 - Rare / avoidable,1,5 - Very difficult,5,5,Expert_Survey_E09_MM.xlsx,Round 1
E09_MM,1,15-19,3,175,Implementation,Runtime server installation,Shared Libraries,1 - Rare / avoidable,1,5 - Very difficult,5,5,Expert_Survey_E09_MM.xlsx,Round 1
E09_MM,1,15-19,3,176,Implementation,Runtime server installation,SOAP,2 - Occasional / peripheral,2,5 - Very difficult,5,10,Expert_Survey_E09_MM.xlsx,Round 2
E09_MM,1,15-19,3,177,Implementation,Runtime server installation,SSL Certificates,1 - Rare / avoidable,1,5 - Very difficult,5,5,Expert_Survey_E09_MM.xlsx,Round 1
E09_MM,1,15-19,3,178,Implementation,Runtime server installation,Swagger,1 - Rare / avoidable,1,5 - Very difficult,5,5,Expert_Survey_E09_MM.xlsx,Round 1
E09_MM,1,15-19,3,179,Implementation,Runtime server installation,WSDL,1 - Rare / avoidable,1,5 - Very difficult,5,5,Expert_Survey_E09_MM.xlsx,Round 1
E09_MM,1,15-19,3,180,Implementation,Runtime server installation,XML/XPath,2 - Occasional / peripheral,2,4 - Difficult,4,8,Expert_Survey_E09_MM.xlsx,Round 2
E09_MM,1,15-19,3,181,Implementation,Database installation,+Embedded Database,5 - Essential / continuous,5,2 - Easy,2,10,Expert_Survey_E09_MM.xlsx,Round 1
E09_MM,1,15-19,3,182,Implementation,Database installation,File Storage,1 - Rare / avoidable,1,5 - Very difficult,5,5,Expert_Survey_E09_MM.xlsx,Round 1
E09_MM,1,15-19,3,183,Implementation,Database installation,Relational Database,2 - Occasional / peripheral,2,5 - Very difficult,5,10,Expert_Survey_E09_MM.xlsx,Round 2
E09_MM,1,15-19,3,184,Implementation,Database installation,REST API,1 - Rare / avoidable,1,5 - Very difficult,5,5,Expert_Survey_E09_MM.xlsx,Round 1
E09_MM,1,15-19,3,185,Implementation,Client module installation,.NET Framework,2 - Occasional / peripheral,2,5 - Very difficult,5,10,Expert_Survey_E09_MM.xlsx,Round 2
E09_MM,1,15-19,3,186,Implementation,Client module installation,+Mobile App,4 - Frequent / important,4,2 - Easy,2,8,Expert_Survey_E09_MM.xlsx,Round 1
E09_MM,1,15-19,3,187,Implementation,Client module installation,+Web Browser,4 - Frequent / important,4,1 - Very easy,1,4,Expert_Survey_E09_MM.xlsx,Round 1
E09_MM,1,15-19,3,188,Implementation,Client module installation,API,1 - Rare / avoidable,1,5 - Very difficult,5,5,Expert_Survey_E09_MM.xlsx,Round 1
E09_MM,1,15-19,3,189,Implementation,Client module installation,Binaries,1 - Rare / avoidable,1,5 - Very difficult,5,5,Expert_Survey_E09_MM.xlsx,Round 1
E09_MM,1,15-19,3,190,Implementation,Client module installation,HTTPS Server,1 - Rare / avoidable,1,5 - Very difficult,5,5,Expert_Survey_E09_MM.xlsx,Round 1
E09_MM,1,15-19,3,191,Implementation,Client module installation,URL Configuration,1 - Rare / avoidable,1,4 - Difficult,4,4,Expert_Survey_E09_MM.xlsx,Round 1
E09_MM,1,15-19,3,192,Implementation,Client module installation,Web Services,1 - Rare / avoidable,1,5 - Very difficult,5,5,Expert_Survey_E09_MM.xlsx,Round 1
E09_MM,1,15-19,3,193,Implementation,Deployment,+App Gallery,4 - Frequent / important,4,1 - Very easy,1,4,Expert_Survey_E09_MM.xlsx,Round 1
E09_MM,1,15-19,3,194,Implementation,Deployment,+Software as a Service,4 - Frequent / important,4,2 - Easy,2,8,Expert_Survey_E09_MM.xlsx,Round 1
E09_MM,1,15-19,3,195,Implementation,Deployment,Application IDE,1 - Rare / avoidable,1,5 - Very difficult,5,5,Expert_Survey_E09_MM.xlsx,Round 1
E09_MM,1,15-19,3,196,Implementation,Deployment,CI/CD,2 - Occasional / peripheral,2,5 - Very difficult,5,10,Expert_Survey_E09_MM.xlsx,Round 2
E09_MM,1,15-19,3,197,Implementation,Deployment,Cloud Computing,1 - Rare / avoidable,1,5 - Very difficult,5,5,Expert_Survey_E09_MM.xlsx,Round 1
E09_MM,1,15-19,3,198,Implementation,Deployment,Cloud Services,1 - Rare / avoidable,1,5 - Very difficult,5,5,Expert_Survey_E09_MM.xlsx,Round 1
E09_MM,1,15-19,3,199,Implementation,Deployment,Docker,2 - Occasional / peripheral,2,5 - Very difficult,5,10,Expert_Survey_E09_MM.xlsx,Round 2
E09_MM,1,15-19,3,200,Implementation,Deployment,Import/Export,1 - Rare / avoidable,1,5 - Very difficult,5,5,Expert_Survey_E09_MM.xlsx,Round 1
E09_MM,1,15-19,3,201,Implementation,Deployment,Kubernetes,2 - Occasional / peripheral,2,5 - Very difficult,5,10,Expert_Survey_E09_MM.xlsx,Round 2
E09_MM,1,15-19,3,202,Implementation,Deployment,On-Premise,1 - Rare / avoidable,1,5 - Very difficult,5,5,Expert_Survey_E09_MM.xlsx,Round 1
E09_MM,1,15-19,3,203,Implementation,Deployment,On-premises Data Gateway,1 - Rare / avoidable,1,5 - Very difficult,5,5,Expert_Survey_E09_MM.xlsx,Round 1
E09_MM,1,15-19,3,204,Implementation,Deployment,REST API,1 - Rare / avoidable,1,5 - Very difficult,5,5,Expert_Survey_E09_MM.xlsx,Round 1
E09_MM,1,15-19,3,205,Implementation,Deployment,Scripts,2 - Occasional / peripheral,2,5 - Very difficult,5,10,Expert_Survey_E09_MM.xlsx,Round 2
E09_MM,1,15-19,3,206,Implementation,Deployment,SOAP,2 - Occasional / peripheral,2,5 - Very difficult,5,10,Expert_Survey_E09_MM.xlsx,Round 2
E09_MM,1,15-19,3,207,Implementation,Version control,Code Repository Concept,3 - Moderate / recurring,3,3 - Moderate,3,9,Expert_Survey_E09_MM.xlsx,Round 2
E09_MM,1,15-19,3,208,Implementation,Version control,Custom Version Control,3 - Moderate / recurring,3,3 - Moderate,3,9,Expert_Survey_E09_MM.xlsx,Round 2
E09_MM,1,15-19,3,209,Implementation,Version control,Git,2 - Occasional / peripheral,2,5 - Very difficult,5,10,Expert_Survey_E09_MM.xlsx,Round 2
E10_MW,1,10-14,3,1,Design,Workflow model,+BPMN Process Model,5 - Essential / continuous,5,2 - Easy,2,10,Expert_Survey_E10_MW.xlsx,Round 1
E10_MW,1,10-14,3,2,Design,Workflow model,Custom Process Model,4 - Frequent / important,4,3 - Moderate,3,12,Expert_Survey_E10_MW.xlsx,Round 2
E10_MW,1,10-14,3,3,Design,Database model,+Business Data Types,5 - Essential / continuous,5,2 - Easy,2,10,Expert_Survey_E10_MW.xlsx,Round 1
E10_MW,1,10-14,3,4,Design,Database model,+Form-based Data,5 - Essential / continuous,5,2 - Easy,2,10,Expert_Survey_E10_MW.xlsx,Round 1
E10_MW,1,10-14,3,5,Design,Database model,+Item-Detail,5 - Essential / continuous,5,2 - Easy,2,10,Expert_Survey_E10_MW.xlsx,Round 1
E10_MW,1,10-14,3,6,Design,Database model,+Lookup/Drop-down,5 - Essential / continuous,5,2 - Easy,2,10,Expert_Survey_E10_MW.xlsx,Round 1
E10_MW,1,10-14,3,7,Design,Database model,+Predefined Entities,5 - Essential / continuous,5,2 - Easy,2,10,Expert_Survey_E10_MW.xlsx,Round 1
E10_MW,1,10-14,3,8,Design,Database model,Domain Model,4 - Frequent / important,4,3 - Moderate,3,12,Expert_Survey_E10_MW.xlsx,Round 1
E10_MW,1,10-14,3,9,Design,Database model,Conditional Expressions,4 - Frequent / important,4,3 - Moderate,3,12,Expert_Survey_E10_MW.xlsx,Round 1
E10_MW,1,10-14,3,10,Design,Database model,Constraints,4 - Frequent / important,4,3 - Moderate,3,12,Expert_Survey_E10_MW.xlsx,Round 1
E10_MW,1,10-14,3,11,Design,Database model,Data Structure,4 - Frequent / important,4,3 - Moderate,3,12,Expert_Survey_E10_MW.xlsx,Round 1
E10_MW,1,10-14,3,12,Design,Database model,IT Data Types,4 - Frequent / important,4,3 - Moderate,3,12,Expert_Survey_E10_MW.xlsx,Round 1
E10_MW,1,10-14,3,13,Design,Database model,Denormalization,4 - Frequent / important,4,3 - Moderate,3,12,Expert_Survey_E10_MW.xlsx,Round 1
E10_MW,1,10-14,3,14,Design,Database model,Entity Diagrams,4 - Frequent / important,4,3 - Moderate,3,12,Expert_Survey_E10_MW.xlsx,Round 1
E10_MW,1,10-14,3,15,Design,Database model,Enumerations,3 - Moderate / recurring,3,3 - Moderate,3,9,Expert_Survey_E10_MW.xlsx,Round 1
E10_MW,1,10-14,3,16,Design,Database model,Expressions,4 - Frequent / important,4,3 - Moderate,3,12,Expert_Survey_E10_MW.xlsx,Round 1
E10_MW,1,10-14,3,17,Design,Database model,Relational Database,4 - Frequent / important,4,3 - Moderate,3,12,Expert_Survey_E10_MW.xlsx,Round 2
E10_MW,1,10-14,3,18,Design,Database model,XML/XPath,2 - Occasional / peripheral,2,5 - Very difficult,5,10,Expert_Survey_E10_MW.xlsx,Round 2
E10_MW,1,10-14,3,19,Design,UI model,+App templates,5 - Essential / continuous,5,2 - Easy,2,10,Expert_Survey_E10_MW.xlsx,Round 1
E10_MW,1,10-14,3,20,Design,UI model,+Business Data Types,5 - Essential / continuous,5,2 - Easy,2,10,Expert_Survey_E10_MW.xlsx,Round 1
E10_MW,1,10-14,3,21,Design,UI model,+Screen Templates,5 - Essential / continuous,5,2 - Easy,2,10,Expert_Survey_E10_MW.xlsx,Round 1
E10_MW,1,10-14,3,22,Design,UI model,+UI Branding,5 - Essential / continuous,5,2 - Easy,2,10,Expert_Survey_E10_MW.xlsx,Round 1
E10_MW,1,10-14,3,23,Design,UI model,+View Types,5 - Essential / continuous,5,2 - Easy,2,10,Expert_Survey_E10_MW.xlsx,Round 1
E10_MW,1,10-14,3,24,Design,UI model,Expressions,4 - Frequent / important,4,3 - Moderate,3,12,Expert_Survey_E10_MW.xlsx,Round 2
E10_MW,1,10-14,3,25,Design,UI model,IT Data Types,4 - Frequent / important,4,3 - Moderate,3,12,Expert_Survey_E10_MW.xlsx,Round 1
E10_MW,1,10-14,3,26,Design,UI model,Functions,3 - Moderate / recurring,3,3 - Moderate,3,9,Expert_Survey_E10_MW.xlsx,Round 2
E10_MW,1,10-14,3,27,Design,UI model,Model-driven Apps,4 - Frequent / important,4,3 - Moderate,3,12,Expert_Survey_E10_MW.xlsx,Round 2
E10_MW,1,10-14,3,28,Design,UI model,Reactive Web App,3 - Moderate / recurring,3,3 - Moderate,3,9,Expert_Survey_E10_MW.xlsx,Round 2
E10_MW,1,10-14,3,29,Design,UI model,Responsive Web Design,5 - Essential / continuous,5,2 - Easy,2,10,Expert_Survey_E10_MW.xlsx,Round 2
E10_MW,1,10-14,3,30,Design,UI model,Variables,3 - Moderate / recurring,3,3 - Moderate,3,9,Expert_Survey_E10_MW.xlsx,Round 1
E10_MW,1,10-14,3,31,Design,Validations,+Business Rules,5 - Essential / continuous,5,2 - Easy,2,10,Expert_Survey_E10_MW.xlsx,Round 1
E10_MW,1,10-14,3,32,Design,Validations,+Lookup/Drop-down,5 - Essential / continuous,5,2 - Easy,2,10,Expert_Survey_E10_MW.xlsx,Round 1
E10_MW,1,10-14,3,33,Design,Validations,Expressions,4 - Frequent / important,4,3 - Moderate,3,12,Expert_Survey_E10_MW.xlsx,Round 1
E10_MW,1,10-14,3,34,Design,Validations,Enumerations,3 - Moderate / recurring,3,3 - Moderate,3,9,Expert_Survey_E10_MW.xlsx,Round 1
E10_MW,1,10-14,3,35,Design,Validations,JavaScript,2 - Occasional / peripheral,2,5 - Very difficult,5,10,Expert_Survey_E10_MW.xlsx,Round 2
E10_MW,1,10-14,3,36,Design,Validations,Scripts,2 - Occasional / peripheral,2,5 - Very difficult,5,10,Expert_Survey_E10_MW.xlsx,Round 2
E10_MW,1,10-14,3,37,Design,Validations,Transactions,3 - Moderate / recurring,3,3 - Moderate,3,9,Expert_Survey_E10_MW.xlsx,Round 2
E10_MW,1,10-14,3,38,Design,Application logic,+Actions,5 - Essential / continuous,5,2 - Easy,2,10,Expert_Survey_E10_MW.xlsx,Round 1
E10_MW,1,10-14,3,39,Design,Application logic,+Graphical actions,5 - Essential / continuous,5,2 - Easy,2,10,Expert_Survey_E10_MW.xlsx,Round 1
E10_MW,1,10-14,3,40,Design,Application logic,+NLP,5 - Essential / continuous,5,2 - Easy,2,10,Expert_Survey_E10_MW.xlsx,Round 1
E10_MW,1,10-14,3,41,Design,Application logic,+Custom Language,5 - Essential / continuous,5,2 - Easy,2,10,Expert_Survey_E10_MW.xlsx,Round 1
E10_MW,1,10-14,3,42,Design,Application logic,+Predefined Tasks,5 - Essential / continuous,5,2 - Easy,2,10,Expert_Survey_E10_MW.xlsx,Round 1
E10_MW,1,10-14,3,43,Design,Application logic,UML,3 - Moderate / recurring,3,3 - Moderate,3,9,Expert_Survey_E10_MW.xlsx,Round 2
E10_MW,1,10-14,3,44,Design,Application logic,Algorithms,3 - Moderate / recurring,3,3 - Moderate,3,9,Expert_Survey_E10_MW.xlsx,Round 1
E10_MW,1,10-14,3,45,Design,Application logic,Expressions,4 - Frequent / important,4,3 - Moderate,3,12,Expert_Survey_E10_MW.xlsx,Round 1
E10_MW,1,10-14,3,46,Design,Application logic,Control Structures,4 - Frequent / important,4,3 - Moderate,3,12,Expert_Survey_E10_MW.xlsx,Round 1
E10_MW,1,10-14,3,47,Design,Application logic,IT Data Types,4 - Frequent / important,4,3 - Moderate,3,12,Expert_Survey_E10_MW.xlsx,Round 1
E10_MW,1,10-14,3,48,Design,Application logic,Events,3 - Moderate / recurring,3,3 - Moderate,3,9,Expert_Survey_E10_MW.xlsx,Round 1
E10_MW,1,10-14,3,49,Design,Application logic,Formulas,5 - Essential / continuous,5,2 - Easy,2,10,Expert_Survey_E10_MW.xlsx,Round 2
E10_MW,1,10-14,3,50,Design,Application logic,Functions,3 - Moderate / recurring,3,3 - Moderate,3,9,Expert_Survey_E10_MW.xlsx,Round 2
E10_MW,1,10-14,3,51,Design,Application logic,Java,2 - Occasional / peripheral,2,5 - Very difficult,5,10,Expert_Survey_E10_MW.xlsx,Round 2
E10_MW,1,10-14,3,52,Design,Application logic,JavaScript,2 - Occasional / peripheral,2,5 - Very difficult,5,10,Expert_Survey_E10_MW.xlsx,Round 2
E10_MW,1,10-14,3,53,Design,Application logic,Microservices,3 - Moderate / recurring,3,3 - Moderate,3,9,Expert_Survey_E10_MW.xlsx,Round 2
E10_MW,1,10-14,3,54,Design,Application logic,SQL,2 - Occasional / peripheral,2,5 - Very difficult,5,10,Expert_Survey_E10_MW.xlsx,Round 2
E10_MW,1,10-14,3,55,Design,Application logic,Variables,3 - Moderate / recurring,3,3 - Moderate,3,9,Expert_Survey_E10_MW.xlsx,Round 1
E10_MW,1,10-14,3,56,Development,Workflow design and development,+BPMN Process Model,5 - Essential / continuous,5,2 - Easy,2,10,Expert_Survey_E10_MW.xlsx,Round 1
E10_MW,1,10-14,3,57,Development,Workflow design and development,Expressions,4 - Frequent / important,4,3 - Moderate,3,12,Expert_Survey_E10_MW.xlsx,Round 1
E10_MW,1,10-14,3,58,Development,Workflow design and development,Custom Process Model,4 - Frequent / important,4,3 - Moderate,3,12,Expert_Survey_E10_MW.xlsx,Round 1
E10_MW,1,10-14,3,59,Development,Workflow design and development,Events,3 - Moderate / recurring,3,3 - Moderate,3,9,Expert_Survey_E10_MW.xlsx,Round 1
E10_MW,1,10-14,3,60,Development,Workflow design and development,Java API,2 - Occasional / peripheral,2,5 - Very difficult,5,10,Expert_Survey_E10_MW.xlsx,Round 2
E10_MW,1,10-14,3,61,Development,Workflow design and development,JavaScript,2 - Occasional / peripheral,2,5 - Very difficult,5,10,Expert_Survey_E10_MW.xlsx,Round 2
E10_MW,1,10-14,3,62,Development,Workflow design and development,REST API,2 - Occasional / peripheral,2,5 - Very difficult,5,10,Expert_Survey_E10_MW.xlsx,Round 1
E10_MW,1,10-14,3,63,Development,Workflow design and development,Triggers,3 - Moderate / recurring,3,3 - Moderate,3,9,Expert_Survey_E10_MW.xlsx,Round 1
E10_MW,1,10-14,3,64,Development,Database design,+Business Data Types,5 - Essential / continuous,5,2 - Easy,2,10,Expert_Survey_E10_MW.xlsx,Round 1
E10_MW,1,10-14,3,65,Development,Database design,+Custom Database Model,5 - Essential / continuous,5,2 - Easy,2,10,Expert_Survey_E10_MW.xlsx,Round 1
E10_MW,1,10-14,3,66,Development,Database design,+References,5 - Essential / continuous,5,2 - Easy,2,10,Expert_Survey_E10_MW.xlsx,Round 1
E10_MW,1,10-14,3,67,Development,Database design,+Slices,5 - Essential / continuous,5,2 - Easy,2,10,Expert_Survey_E10_MW.xlsx,Round 1
E10_MW,1,10-14,3,68,Development,Database design,Actions,3 - Moderate / recurring,3,3 - Moderate,3,9,Expert_Survey_E10_MW.xlsx,Round 1
E10_MW,1,10-14,3,69,Development,Database design,Expressions,4 - Frequent / important,4,3 - Moderate,3,12,Expert_Survey_E10_MW.xlsx,Round 1
E10_MW,1,10-14,3,70,Development,Database design,Relational Database,4 - Frequent / important,4,3 - Moderate,3,12,Expert_Survey_E10_MW.xlsx,Round 1
E10_MW,1,10-14,3,71,Development,Database design,Entity Diagrams,4 - Frequent / important,4,3 - Moderate,3,12,Expert_Survey_E10_MW.xlsx,Round 1
E10_MW,1,10-14,3,72,Development,Database design,Functions,3 - Moderate / recurring,3,3 - Moderate,3,9,Expert_Survey_E10_MW.xlsx,Round 1
E10_MW,1,10-14,3,73,Development,Database design,SQL,2 - Occasional / peripheral,2,5 - Very difficult,5,10,Expert_Survey_E10_MW.xlsx,Round 1
E10_MW,1,10-14,3,74,Development,Database design,IT Data Types,4 - Frequent / important,4,3 - Moderate,3,12,Expert_Survey_E10_MW.xlsx,Round 1
E10_MW,1,10-14,3,75,Development,Database design,Web API,2 - Occasional / peripheral,2,5 - Very difficult,5,10,Expert_Survey_E10_MW.xlsx,Round 1
E10_MW,1,10-14,3,76,Development,Fetching data,.NET,2 - Occasional / peripheral,2,5 - Very difficult,5,10,Expert_Survey_E10_MW.xlsx,Round 1
E10_MW,1,10-14,3,77,Development,Fetching data,+Cloud-based Spreadsheets,5 - Essential / continuous,5,2 - Easy,2,10,Expert_Survey_E10_MW.xlsx,Round 1
E10_MW,1,10-14,3,78,Development,Fetching data,+GUI Queries,5 - Essential / continuous,5,2 - Easy,2,10,Expert_Survey_E10_MW.xlsx,Round 1
E10_MW,1,10-14,3,79,Development,Fetching data,+Human Language,5 - Essential / continuous,5,2 - Easy,2,10,Expert_Survey_E10_MW.xlsx,Round 1
E10_MW,1,10-14,3,80,Development,Fetching data,+Integrated Data Sources,5 - Essential / continuous,5,2 - Easy,2,10,Expert_Survey_E10_MW.xlsx,Round 1
E10_MW,1,10-14,3,81,Development,Fetching data,Cloud Services,3 - Moderate / recurring,3,3 - Moderate,3,9,Expert_Survey_E10_MW.xlsx,Round 1
E10_MW,1,10-14,3,82,Development,Fetching data,Custom Query Language,4 - Frequent / important,4,3 - Moderate,3,12,Expert_Survey_E10_MW.xlsx,Round 1
E10_MW,1,10-14,3,83,Development,Fetching data,Data Source Integration,3 - Moderate / recurring,3,3 - Moderate,3,9,Expert_Survey_E10_MW.xlsx,Round 1
E10_MW,1,10-14,3,84,Development,Fetching data,Formulas,5 - Essential / continuous,5,2 - Easy,2,10,Expert_Survey_E10_MW.xlsx,Round 1
E10_MW,1,10-14,3,85,Development,Fetching data,Local Storage,3 - Moderate / recurring,3,3 - Moderate,3,9,Expert_Survey_E10_MW.xlsx,Round 1
E10_MW,1,10-14,3,86,Development,Fetching data,OAuth,3 - Moderate / recurring,3,3 - Moderate,3,9,Expert_Survey_E10_MW.xlsx,Round 1
E10_MW,1,10-14,3,87,Development,Fetching data,REST API,2 - Occasional / peripheral,2,5 - Very difficult,5,10,Expert_Survey_E10_MW.xlsx,Round 1
E10_MW,1,10-14,3,88,Development,Fetching data,SDK,3 - Moderate / recurring,3,3 - Moderate,3,9,Expert_Survey_E10_MW.xlsx,Round 1
E10_MW,1,10-14,3,89,Development,Fetching data,SQL,2 - Occasional / peripheral,2,5 - Very difficult,5,10,Expert_Survey_E10_MW.xlsx,Round 1
E10_MW,1,10-14,3,90,Development,Fetching data,URL,3 - Moderate / recurring,3,3 - Moderate,3,9,Expert_Survey_E10_MW.xlsx,Round 1
E10_MW,1,10-14,3,91,Development,Fetching data,Web API,2 - Occasional / peripheral,2,5 - Very difficult,5,10,Expert_Survey_E10_MW.xlsx,Round 1
E10_MW,1,10-14,3,92,Development,GUI design and development,+AI Support,5 - Essential / continuous,5,2 - Easy,2,10,Expert_Survey_E10_MW.xlsx,Round 1
E10_MW,1,10-14,3,93,Development,GUI design and development,+Business Data Types,5 - Essential / continuous,5,2 - Easy,2,10,Expert_Survey_E10_MW.xlsx,Round 1
E10_MW,1,10-14,3,94,Development,GUI design and development,+Conditional Formatting,5 - Essential / continuous,5,2 - Easy,2,10,Expert_Survey_E10_MW.xlsx,Round 1
E10_MW,1,10-14,3,95,Development,GUI design and development,+GUI Style Editor,5 - Essential / continuous,5,2 - Easy,2,10,Expert_Survey_E10_MW.xlsx,Round 1
E10_MW,1,10-14,3,96,Development,GUI design and development,+Templatized Formulas,5 - Essential / continuous,5,2 - Easy,2,10,Expert_Survey_E10_MW.xlsx,Round 1
E10_MW,1,10-14,3,97,Development,GUI design and development,+UI Branding,5 - Essential / continuous,5,2 - Easy,2,10,Expert_Survey_E10_MW.xlsx,Round 1
E10_MW,1,10-14,3,98,Development,GUI design and development,+View Types,5 - Essential / continuous,5,2 - Easy,2,10,Expert_Survey_E10_MW.xlsx,Round 1
E10_MW,1,10-14,3,99,Development,GUI design and development,+WYSIWYG,5 - Essential / continuous,5,2 - Easy,2,10,Expert_Survey_E10_MW.xlsx,Round 1
E10_MW,1,10-14,3,100,Development,GUI design and development,CSS/SCSS,2 - Occasional / peripheral,2,5 - Very difficult,5,10,Expert_Survey_E10_MW.xlsx,Round 1
E10_MW,1,10-14,3,101,Development,GUI design and development,Event Propagation,3 - Moderate / recurring,3,3 - Moderate,3,9,Expert_Survey_E10_MW.xlsx,Round 1
E10_MW,1,10-14,3,102,Development,GUI design and development,Responsive Web Design,5 - Essential / continuous,5,2 - Easy,2,10,Expert_Survey_E10_MW.xlsx,Round 1
E10_MW,1,10-14,3,103,Development,GUI design and development,HTML,2 - Occasional / peripheral,2,5 - Very difficult,5,10,Expert_Survey_E10_MW.xlsx,Round 1
E10_MW,1,10-14,3,104,Development,GUI design and development,IT Data Types,4 - Frequent / important,4,3 - Moderate,3,12,Expert_Survey_E10_MW.xlsx,Round 1
E10_MW,1,10-14,3,105,Development,GUI design and development,JavaScript,2 - Occasional / peripheral,2,5 - Very difficult,5,10,Expert_Survey_E10_MW.xlsx,Round 1
E10_MW,1,10-14,3,106,Development,GUI design and development,Master Detail,3 - Moderate / recurring,3,3 - Moderate,3,9,Expert_Survey_E10_MW.xlsx,Round 1
E10_MW,1,10-14,3,107,Development,GUI design and development,Programming Functions,3 - Moderate / recurring,3,3 - Moderate,3,9,Expert_Survey_E10_MW.xlsx,Round 2
E10_MW,1,10-14,3,108,Development,GUI design and development,Scripts,2 - Occasional / peripheral,2,5 - Very difficult,5,10,Expert_Survey_E10_MW.xlsx,Round 1
E10_MW,1,10-14,3,109,Development,GUI design and development,Snippets,3 - Moderate / recurring,3,3 - Moderate,3,9,Expert_Survey_E10_MW.xlsx,Round 1
E10_MW,1,10-14,3,110,Development,GUI design and development,Variables,3 - Moderate / recurring,3,3 - Moderate,3,9,Expert_Survey_E10_MW.xlsx,Round 1
E10_MW,1,10-14,3,111,Development,GUI design and development,XML,2 - Occasional / peripheral,2,5 - Very difficult,5,10,Expert_Survey_E10_MW.xlsx,Round 2
E10_MW,1,10-14,3,112,Development,Data validation development,+Business Rules,5 - Essential / continuous,5,2 - Easy,2,10,Expert_Survey_E10_MW.xlsx,Round 1
E10_MW,1,10-14,3,113,Development,Data validation development,+Column Expressions,5 - Essential / continuous,5,2 - Easy,2,10,Expert_Survey_E10_MW.xlsx,Round 1
E10_MW,1,10-14,3,114,Development,Data validation development,Expressions,4 - Frequent / important,4,3 - Moderate,3,12,Expert_Survey_E10_MW.xlsx,Round 1
E10_MW,1,10-14,3,115,Development,Data validation development,Data Fields,3 - Moderate / recurring,3,3 - Moderate,3,9,Expert_Survey_E10_MW.xlsx,Round 2
E10_MW,1,10-14,3,116,Development,Data validation development,Domain Model,4 - Frequent / important,4,3 - Moderate,3,12,Expert_Survey_E10_MW.xlsx,Round 2
E10_MW,1,10-14,3,117,Development,Data validation development,Scripts,2 - Occasional / peripheral,2,5 - Very difficult,5,10,Expert_Survey_E10_MW.xlsx,Round 1
E10_MW,1,10-14,3,118,Development,Actions design and development,+AI Assisted Development,5 - Essential / continuous,5,2 - Easy,2,10,Expert_Survey_E10_MW.xlsx,Round 1
E10_MW,1,10-14,3,119,Development,Actions design and development,+Automations,5 - Essential / continuous,5,2 - Easy,2,10,Expert_Survey_E10_MW.xlsx,Round 1
E10_MW,1,10-14,3,120,Development,Actions design and development,+Built-in Connectors,5 - Essential / continuous,5,2 - Easy,2,10,Expert_Survey_E10_MW.xlsx,Round 1
E10_MW,1,10-14,3,121,Development,Actions design and development,API,2 - Occasional / peripheral,2,5 - Very difficult,5,10,Expert_Survey_E10_MW.xlsx,Round 1
E10_MW,1,10-14,3,122,Development,Actions design and development,Expressions,4 - Frequent / important,4,3 - Moderate,3,12,Expert_Survey_E10_MW.xlsx,Round 1
E10_MW,1,10-14,3,123,Development,Actions design and development,Functions,3 - Moderate / recurring,3,3 - Moderate,3,9,Expert_Survey_E10_MW.xlsx,Round 2
E10_MW,1,10-14,3,124,Development,Actions design and development,Java,2 - Occasional / peripheral,2,5 - Very difficult,5,10,Expert_Survey_E10_MW.xlsx,Round 2
E10_MW,1,10-14,3,125,Development,Actions design and development,JavaScript,2 - Occasional / peripheral,2,5 - Very difficult,5,10,Expert_Survey_E10_MW.xlsx,Round 2
E10_MW,1,10-14,3,126,Development,Actions design and development,Object Model,4 - Frequent / important,4,3 - Moderate,3,12,Expert_Survey_E10_MW.xlsx,Round 1
E10_MW,1,10-14,3,127,Development,Actions design and development,Scripts,2 - Occasional / peripheral,2,5 - Very difficult,5,10,Expert_Survey_E10_MW.xlsx,Round 1
E10_MW,1,10-14,3,128,Development,Actions design and development,SOAP,2 - Occasional / peripheral,2,5 - Very difficult,5,10,Expert_Survey_E10_MW.xlsx,Round 1
E10_MW,1,10-14,3,129,Development,Programming,.NET,2 - Occasional / peripheral,2,5 - Very difficult,5,10,Expert_Survey_E10_MW.xlsx,Round 1
E10_MW,1,10-14,3,130,Development,Programming,+Visual Programming,5 - Essential / continuous,5,2 - Easy,2,10,Expert_Survey_E10_MW.xlsx,Round 1
E10_MW,1,10-14,3,131,Development,Programming,Expressions,4 - Frequent / important,4,3 - Moderate,3,12,Expert_Survey_E10_MW.xlsx,Round 2
E10_MW,1,10-14,3,132,Development,Programming,CLI,3 - Moderate / recurring,3,3 - Moderate,3,9,Expert_Survey_E10_MW.xlsx,Round 1
E10_MW,1,10-14,3,133,Development,Programming,IT Data Types,4 - Frequent / important,4,3 - Moderate,3,12,Expert_Survey_E10_MW.xlsx,Round 1
E10_MW,1,10-14,3,134,Development,Programming,Eclipse,3 - Moderate / recurring,3,3 - Moderate,3,9,Expert_Survey_E10_MW.xlsx,Round 1
E10_MW,1,10-14,3,135,Development,Programming,Emulators,3 - Moderate / recurring,3,3 - Moderate,3,9,Expert_Survey_E10_MW.xlsx,Round 1
E10_MW,1,10-14,3,136,Development,Programming,Entity Types,4 - Frequent / important,4,3 - Moderate,3,12,Expert_Survey_E10_MW.xlsx,Round 1
E10_MW,1,10-14,3,137,Development,Programming,Enumerations,3 - Moderate / recurring,3,3 - Moderate,3,9,Expert_Survey_E10_MW.xlsx,Round 1
E10_MW,1,10-14,3,138,Development,Programming,Functions,3 - Moderate / recurring,3,3 - Moderate,3,9,Expert_Survey_E10_MW.xlsx,Round 1
E10_MW,1,10-14,3,139,Development,Programming,HTML,2 - Occasional / peripheral,2,5 - Very difficult,5,10,Expert_Survey_E10_MW.xlsx,Round 1
E10_MW,1,10-14,3,140,Development,Programming,SDK/IDE,3 - Moderate / recurring,3,3 - Moderate,3,9,Expert_Survey_E10_MW.xlsx,Round 1
E10_MW,1,10-14,3,141,Development,Programming,Iteration Statements,3 - Moderate / recurring,3,3 - Moderate,3,9,Expert_Survey_E10_MW.xlsx,Round 1
E10_MW,1,10-14,3,142,Development,Programming,Java,2 - Occasional / peripheral,2,5 - Very difficult,5,10,Expert_Survey_E10_MW.xlsx,Round 1
E10_MW,1,10-14,3,143,Development,Programming,Java API,2 - Occasional / peripheral,2,5 - Very difficult,5,10,Expert_Survey_E10_MW.xlsx,Round 1
E10_MW,1,10-14,3,144,Development,Programming,JavaScript,2 - Occasional / peripheral,2,5 - Very difficult,5,10,Expert_Survey_E10_MW.xlsx,Round 1
E10_MW,1,10-14,3,145,Development,Programming,JSON,2 - Occasional / peripheral,2,5 - Very difficult,5,10,Expert_Survey_E10_MW.xlsx,Round 1
E10_MW,1,10-14,3,146,Development,Programming,Markup Language,3 - Moderate / recurring,3,3 - Moderate,3,9,Expert_Survey_E10_MW.xlsx,Round 1
E10_MW,1,10-14,3,147,Development,Programming,Metadata,3 - Moderate / recurring,3,3 - Moderate,3,9,Expert_Survey_E10_MW.xlsx,Round 1
E10_MW,1,10-14,3,148,Development,Programming,Native Mobile App,3 - Moderate / recurring,3,3 - Moderate,3,9,Expert_Survey_E10_MW.xlsx,Round 1
E10_MW,1,10-14,3,149,Development,Programming,node.js,3 - Moderate / recurring,3,3 - Moderate,3,9,Expert_Survey_E10_MW.xlsx,Round 2
E10_MW,1,10-14,3,150,Development,Programming,PWA,3 - Moderate / recurring,3,3 - Moderate,3,9,Expert_Survey_E10_MW.xlsx,Round 1
E10_MW,1,10-14,3,151,Development,Programming,Query Functions,4 - Frequent / important,4,3 - Moderate,3,12,Expert_Survey_E10_MW.xlsx,Round 1
E10_MW,1,10-14,3,152,Development,Programming,Scripts,2 - Occasional / peripheral,2,5 - Very difficult,5,10,Expert_Survey_E10_MW.xlsx,Round 1
E10_MW,1,10-14,3,153,Development,Programming,Snippets,3 - Moderate / recurring,3,3 - Moderate,3,9,Expert_Survey_E10_MW.xlsx,Round 1
E10_MW,1,10-14,3,154,Development,Programming,TypeScript,2 - Occasional / peripheral,2,5 - Very difficult,5,10,Expert_Survey_E10_MW.xlsx,Round 1
E10_MW,1,10-14,3,155,Development,Programming,Web API,2 - Occasional / peripheral,2,5 - Very difficult,5,10,Expert_Survey_E10_MW.xlsx,Round 1
E10_MW,1,10-14,3,156,Development,Programming,XML,2 - Occasional / peripheral,2,5 - Very difficult,5,10,Expert_Survey_E10_MW.xlsx,Round 1
E10_MW,1,10-14,3,157,Implementation,Runtime server installation,+Cloud Based Environment,5 - Essential / continuous,5,2 - Easy,2,10,Expert_Survey_E10_MW.xlsx,Round 2
E10_MW,1,10-14,3,158,Implementation,Runtime server installation,API,2 - Occasional / peripheral,2,5 - Very difficult,5,10,Expert_Survey_E10_MW.xlsx,Round 1
E10_MW,1,10-14,3,159,Implementation,Runtime server installation,Compiler Service,3 - Moderate / recurring,3,3 - Moderate,3,9,Expert_Survey_E10_MW.xlsx,Round 1
E10_MW,1,10-14,3,160,Implementation,Runtime server installation,Database Synchronization,4 - Frequent / important,4,3 - Moderate,3,12,Expert_Survey_E10_MW.xlsx,Round 1
E10_MW,1,10-14,3,161,Implementation,Runtime server installation,Deployment Controller Service,3 - Moderate / recurring,3,3 - Moderate,3,9,Expert_Survey_E10_MW.xlsx,Round 1
E10_MW,1,10-14,3,162,Implementation,Runtime server installation,Email Server (SMTP),3 - Moderate / recurring,3,3 - Moderate,3,9,Expert_Survey_E10_MW.xlsx,Round 1
E10_MW,1,10-14,3,163,Implementation,Runtime server installation,File Storage,3 - Moderate / recurring,3,3 - Moderate,3,9,Expert_Survey_E10_MW.xlsx,Round 1
E10_MW,1,10-14,3,164,Implementation,Runtime server installation,HTTPS Server,3 - Moderate / recurring,3,3 - Moderate,3,9,Expert_Survey_E10_MW.xlsx,Round 2
E10_MW,1,10-14,3,165,Implementation,Runtime server installation,Java,2 - Occasional / peripheral,2,5 - Very difficult,5,10,Expert_Survey_E10_MW.xlsx,Round 2
E10_MW,1,10-14,3,166,Implementation,Runtime server installation,Load Balancing,3 - Moderate / recurring,3,3 - Moderate,3,9,Expert_Survey_E10_MW.xlsx,Round 1
E10_MW,1,10-14,3,167,Implementation,Runtime server installation,Log Service,3 - Moderate / recurring,3,3 - Moderate,3,9,Expert_Survey_E10_MW.xlsx,Round 1
E10_MW,1,10-14,3,168,Implementation,Runtime server installation,Mobile App,3 - Moderate / recurring,3,3 - Moderate,3,9,Expert_Survey_E10_MW.xlsx,Round 1
E10_MW,1,10-14,3,169,Implementation,Runtime server installation,OQL,3 - Moderate / recurring,3,3 - Moderate,3,9,Expert_Survey_E10_MW.xlsx,Round 1
E10_MW,1,10-14,3,170,Implementation,Runtime server installation,Proxy server,3 - Moderate / recurring,3,3 - Moderate,3,9,Expert_Survey_E10_MW.xlsx,Round 1
E10_MW,1,10-14,3,171,Implementation,Runtime server installation,Relational Database,4 - Frequent / important,4,3 - Moderate,3,12,Expert_Survey_E10_MW.xlsx,Round 2
E10_MW,1,10-14,3,172,Implementation,Runtime server installation,REST API,2 - Occasional / peripheral,2,5 - Very difficult,5,10,Expert_Survey_E10_MW.xlsx,Round 1
E10_MW,1,10-14,3,173,Implementation,Runtime server installation,SAML Authentication,3 - Moderate / recurring,3,3 - Moderate,3,9,Expert_Survey_E10_MW.xlsx,Round 2
E10_MW,1,10-14,3,174,Implementation,Runtime server installation,Scheduler Service,3 - Moderate / recurring,3,3 - Moderate,3,9,Expert_Survey_E10_MW.xlsx,Round 1
E10_MW,1,10-14,3,175,Implementation,Runtime server installation,Shared Libraries,3 - Moderate / recurring,3,3 - Moderate,3,9,Expert_Survey_E10_MW.xlsx,Round 1
E10_MW,1,10-14,3,176,Implementation,Runtime server installation,SOAP,2 - Occasional / peripheral,2,5 - Very difficult,5,10,Expert_Survey_E10_MW.xlsx,Round 2
E10_MW,1,10-14,3,177,Implementation,Runtime server installation,SSL Certificates,3 - Moderate / recurring,3,3 - Moderate,3,9,Expert_Survey_E10_MW.xlsx,Round 1
E10_MW,1,10-14,3,178,Implementation,Runtime server installation,Swagger,3 - Moderate / recurring,3,3 - Moderate,3,9,Expert_Survey_E10_MW.xlsx,Round 1
E10_MW,1,10-14,3,179,Implementation,Runtime server installation,WSDL,3 - Moderate / recurring,3,3 - Moderate,3,9,Expert_Survey_E10_MW.xlsx,Round 1
E10_MW,1,10-14,3,180,Implementation,Runtime server installation,XML/XPath,2 - Occasional / peripheral,2,5 - Very difficult,5,10,Expert_Survey_E10_MW.xlsx,Round 2
E10_MW,1,10-14,3,181,Implementation,Database installation,+Embedded Database,5 - Essential / continuous,5,2 - Easy,2,10,Expert_Survey_E10_MW.xlsx,Round 1
E10_MW,1,10-14,3,182,Implementation,Database installation,File Storage,3 - Moderate / recurring,3,3 - Moderate,3,9,Expert_Survey_E10_MW.xlsx,Round 1
E10_MW,1,10-14,3,183,Implementation,Database installation,Relational Database,4 - Frequent / important,4,3 - Moderate,3,12,Expert_Survey_E10_MW.xlsx,Round 2
E10_MW,1,10-14,3,184,Implementation,Database installation,REST API,2 - Occasional / peripheral,2,5 - Very difficult,5,10,Expert_Survey_E10_MW.xlsx,Round 1
E10_MW,1,10-14,3,185,Implementation,Client module installation,.NET Framework,2 - Occasional / peripheral,2,5 - Very difficult,5,10,Expert_Survey_E10_MW.xlsx,Round 2
E10_MW,1,10-14,3,186,Implementation,Client module installation,+Mobile App,5 - Essential / continuous,5,2 - Easy,2,10,Expert_Survey_E10_MW.xlsx,Round 1
E10_MW,1,10-14,3,187,Implementation,Client module installation,+Web Browser,5 - Essential / continuous,5,2 - Easy,2,10,Expert_Survey_E10_MW.xlsx,Round 1
E10_MW,1,10-14,3,188,Implementation,Client module installation,API,2 - Occasional / peripheral,2,5 - Very difficult,5,10,Expert_Survey_E10_MW.xlsx,Round 1
E10_MW,1,10-14,3,189,Implementation,Client module installation,Binaries,3 - Moderate / recurring,3,3 - Moderate,3,9,Expert_Survey_E10_MW.xlsx,Round 1
E10_MW,1,10-14,3,190,Implementation,Client module installation,HTTPS Server,3 - Moderate / recurring,3,3 - Moderate,3,9,Expert_Survey_E10_MW.xlsx,Round 1
E10_MW,1,10-14,3,191,Implementation,Client module installation,URL Configuration,3 - Moderate / recurring,3,3 - Moderate,3,9,Expert_Survey_E10_MW.xlsx,Round 1
E10_MW,1,10-14,3,192,Implementation,Client module installation,Web Services,2 - Occasional / peripheral,2,5 - Very difficult,5,10,Expert_Survey_E10_MW.xlsx,Round 1
E10_MW,1,10-14,3,193,Implementation,Deployment,+App Gallery,5 - Essential / continuous,5,2 - Easy,2,10,Expert_Survey_E10_MW.xlsx,Round 1
E10_MW,1,10-14,3,194,Implementation,Deployment,+Software as a Service,5 - Essential / continuous,5,2 - Easy,2,10,Expert_Survey_E10_MW.xlsx,Round 1
E10_MW,1,10-14,3,195,Implementation,Deployment,Application IDE,3 - Moderate / recurring,3,3 - Moderate,3,9,Expert_Survey_E10_MW.xlsx,Round 1
E10_MW,1,10-14,3,196,Implementation,Deployment,CI/CD,2 - Occasional / peripheral,2,5 - Very difficult,5,10,Expert_Survey_E10_MW.xlsx,Round 2
E10_MW,1,10-14,3,197,Implementation,Deployment,Cloud Computing,3 - Moderate / recurring,3,3 - Moderate,3,9,Expert_Survey_E10_MW.xlsx,Round 1
E10_MW,1,10-14,3,198,Implementation,Deployment,Cloud Services,3 - Moderate / recurring,3,3 - Moderate,3,9,Expert_Survey_E10_MW.xlsx,Round 1
E10_MW,1,10-14,3,199,Implementation,Deployment,Docker,2 - Occasional / peripheral,2,5 - Very difficult,5,10,Expert_Survey_E10_MW.xlsx,Round 2
E10_MW,1,10-14,3,200,Implementation,Deployment,Import/Export,3 - Moderate / recurring,3,3 - Moderate,3,9,Expert_Survey_E10_MW.xlsx,Round 1
E10_MW,1,10-14,3,201,Implementation,Deployment,Kubernetes,2 - Occasional / peripheral,2,5 - Very difficult,5,10,Expert_Survey_E10_MW.xlsx,Round 2
E10_MW,1,10-14,3,202,Implementation,Deployment,On-Premise,3 - Moderate / recurring,3,3 - Moderate,3,9,Expert_Survey_E10_MW.xlsx,Round 1
E10_MW,1,10-14,3,203,Implementation,Deployment,On-premises Data Gateway,3 - Moderate / recurring,3,3 - Moderate,3,9,Expert_Survey_E10_MW.xlsx,Round 1
E10_MW,1,10-14,3,204,Implementation,Deployment,REST API,2 - Occasional / peripheral,2,5 - Very difficult,5,10,Expert_Survey_E10_MW.xlsx,Round 1
E10_MW,1,10-14,3,205,Implementation,Deployment,Scripts,2 - Occasional / peripheral,2,5 - Very difficult,5,10,Expert_Survey_E10_MW.xlsx,Round 2
E10_MW,1,10-14,3,206,Implementation,Deployment,SOAP,2 - Occasional / peripheral,2,5 - Very difficult,5,10,Expert_Survey_E10_MW.xlsx,Round 2
E10_MW,1,10-14,3,207,Implementation,Version control,Code Repository Concept,2 - Occasional / peripheral,2,5 - Very difficult,5,10,Expert_Survey_E10_MW.xlsx,Round 2
E10_MW,1,10-14,3,208,Implementation,Version control,Custom Version Control,3 - Moderate / recurring,3,3 - Moderate,3,9,Expert_Survey_E10_MW.xlsx,Round 2
E10_MW,1,10-14,3,209,Implementation,Version control,Git,2 - Occasional / peripheral,2,5 - Very difficult,5,10,Expert_Survey_E10_MW.xlsx,Round 2
E11_SS,1,20+,3,1,Design,Workflow model,+BPMN Process Model,5 - Essential / continuous,5,3 - Moderate,3,15,Expert_Survey_E11_SS.xlsx,Round 1
E11_SS,1,20+,3,2,Design,Workflow model,Custom Process Model,5 - Essential / continuous,5,4 - Difficult,4,20,Expert_Survey_E11_SS.xlsx,Round 2
E11_SS,1,20+,3,3,Design,Database model,+Business Data Types,5 - Essential / continuous,5,1 - Very easy,1,5,Expert_Survey_E11_SS.xlsx,Round 1
E11_SS,1,20+,3,4,Design,Database model,+Form-based Data,2 - Occasional / peripheral,2,1 - Very easy,1,2,Expert_Survey_E11_SS.xlsx,Round 1
E11_SS,1,20+,3,5,Design,Database model,+Item-Detail,2 - Occasional / peripheral,2,3 - Moderate,3,6,Expert_Survey_E11_SS.xlsx,Round 1
E11_SS,1,20+,3,6,Design,Database model,+Lookup/Drop-down,2 - Occasional / peripheral,2,2 - Easy,2,4,Expert_Survey_E11_SS.xlsx,Round 1
E11_SS,1,20+,3,7,Design,Database model,+Predefined Entities,1 - Rare / avoidable,1,1 - Very easy,1,1,Expert_Survey_E11_SS.xlsx,Round 1
E11_SS,1,20+,3,8,Design,Database model,Domain Model,5 - Essential / continuous,5,4 - Difficult,4,20,Expert_Survey_E11_SS.xlsx,Round 1
E11_SS,1,20+,3,9,Design,Database model,Conditional Expressions,5 - Essential / continuous,5,1 - Very easy,1,5,Expert_Survey_E11_SS.xlsx,Round 1
E11_SS,1,20+,3,10,Design,Database model,Constraints,4 - Frequent / important,4,3 - Moderate,3,12,Expert_Survey_E11_SS.xlsx,Round 1
E11_SS,1,20+,3,11,Design,Database model,Data Structure,5 - Essential / continuous,5,5 - Very difficult,5,25,Expert_Survey_E11_SS.xlsx,Round 1
E11_SS,1,20+,3,12,Design,Database model,IT Data Types,2 - Occasional / peripheral,2,3 - Moderate,3,6,Expert_Survey_E11_SS.xlsx,Round 1
E11_SS,1,20+,3,13,Design,Database model,Denormalization,2 - Occasional / peripheral,2,5 - Very difficult,5,10,Expert_Survey_E11_SS.xlsx,Round 1
E11_SS,1,20+,3,14,Design,Database model,Entity Diagrams,4 - Frequent / important,4,2 - Easy,2,8,Expert_Survey_E11_SS.xlsx,Round 1
E11_SS,1,20+,3,15,Design,Database model,Enumerations,4 - Frequent / important,4,5 - Very difficult,5,20,Expert_Survey_E11_SS.xlsx,Round 1
E11_SS,1,20+,3,16,Design,Database model,Expressions,3 - Moderate / recurring,3,4 - Difficult,4,12,Expert_Survey_E11_SS.xlsx,Round 1
E11_SS,1,20+,3,17,Design,Database model,Relational Database,1 - Rare / avoidable,1,1 - Very easy,1,1,Expert_Survey_E11_SS.xlsx,Round 2
E11_SS,1,20+,3,18,Design,Database model,XML/XPath,4 - Frequent / important,4,5 - Very difficult,5,20,Expert_Survey_E11_SS.xlsx,Round 2
E11_SS,1,20+,3,19,Design,UI model,+App templates,4 - Frequent / important,4,1 - Very easy,1,4,Expert_Survey_E11_SS.xlsx,Round 1
E11_SS,1,20+,3,20,Design,UI model,+Business Data Types,4 - Frequent / important,4,3 - Moderate,3,12,Expert_Survey_E11_SS.xlsx,Round 1
E11_SS,1,20+,3,21,Design,UI model,+Screen Templates,2 - Occasional / peripheral,2,2 - Easy,2,4,Expert_Survey_E11_SS.xlsx,Round 1
E11_SS,1,20+,3,22,Design,UI model,+UI Branding,1 - Rare / avoidable,1,3 - Moderate,3,3,Expert_Survey_E11_SS.xlsx,Round 1
E11_SS,1,20+,3,23,Design,UI model,+View Types,4 - Frequent / important,4,2 - Easy,2,8,Expert_Survey_E11_SS.xlsx,Round 1
E11_SS,1,20+,3,24,Design,UI model,Expressions,5 - Essential / continuous,5,4 - Difficult,4,20,Expert_Survey_E11_SS.xlsx,Round 2
E11_SS,1,20+,3,25,Design,UI model,IT Data Types,5 - Essential / continuous,5,3 - Moderate,3,15,Expert_Survey_E11_SS.xlsx,Round 1
E11_SS,1,20+,3,26,Design,UI model,Functions,4 - Frequent / important,4,5 - Very difficult,5,20,Expert_Survey_E11_SS.xlsx,Round 2
E11_SS,1,20+,3,27,Design,UI model,Model-driven Apps,5 - Essential / continuous,5,5 - Very difficult,5,25,Expert_Survey_E11_SS.xlsx,Round 2
E11_SS,1,20+,3,28,Design,UI model,Reactive Web App,5 - Essential / continuous,5,5 - Very difficult,5,25,Expert_Survey_E11_SS.xlsx,Round 2
E11_SS,1,20+,3,29,Design,UI model,Responsive Web Design,5 - Essential / continuous,5,5 - Very difficult,5,25,Expert_Survey_E11_SS.xlsx,Round 2
E11_SS,1,20+,3,30,Design,UI model,Variables,5 - Essential / continuous,5,3 - Moderate,3,15,Expert_Survey_E11_SS.xlsx,Round 1
E11_SS,1,20+,3,31,Design,Validations,+Business Rules,4 - Frequent / important,4,3 - Moderate,3,12,Expert_Survey_E11_SS.xlsx,Round 1
E11_SS,1,20+,3,32,Design,Validations,+Lookup/Drop-down,5 - Essential / continuous,5,3 - Moderate,3,15,Expert_Survey_E11_SS.xlsx,Round 1
E11_SS,1,20+,3,33,Design,Validations,Expressions,5 - Essential / continuous,5,4 - Difficult,4,20,Expert_Survey_E11_SS.xlsx,Round 1
E11_SS,1,20+,3,34,Design,Validations,Enumerations,3 - Moderate / recurring,3,3 - Moderate,3,9,Expert_Survey_E11_SS.xlsx,Round 1
E11_SS,1,20+,3,35,Design,Validations,JavaScript,4 - Frequent / important,4,5 - Very difficult,5,20,Expert_Survey_E11_SS.xlsx,Round 2
E11_SS,1,20+,3,36,Design,Validations,Scripts,4 - Frequent / important,4,5 - Very difficult,5,20,Expert_Survey_E11_SS.xlsx,Round 2
E11_SS,1,20+,3,37,Design,Validations,Transactions,5 - Essential / continuous,5,5 - Very difficult,5,25,Expert_Survey_E11_SS.xlsx,Round 2
E11_SS,1,20+,3,38,Design,Application logic,+Actions,3 - Moderate / recurring,3,3 - Moderate,3,9,Expert_Survey_E11_SS.xlsx,Round 1
E11_SS,1,20+,3,39,Design,Application logic,+Graphical actions,4 - Frequent / important,4,3 - Moderate,3,12,Expert_Survey_E11_SS.xlsx,Round 1
E11_SS,1,20+,3,40,Design,Application logic,+NLP,3 - Moderate / recurring,3,2 - Easy,2,6,Expert_Survey_E11_SS.xlsx,Round 1
E11_SS,1,20+,3,41,Design,Application logic,+Custom Language,4 - Frequent / important,4,3 - Moderate,3,12,Expert_Survey_E11_SS.xlsx,Round 1
E11_SS,1,20+,3,42,Design,Application logic,+Predefined Tasks,5 - Essential / continuous,5,3 - Moderate,3,15,Expert_Survey_E11_SS.xlsx,Round 1
E11_SS,1,20+,3,43,Design,Application logic,UML,4 - Frequent / important,4,5 - Very difficult,5,20,Expert_Survey_E11_SS.xlsx,Round 2
E11_SS,1,20+,3,44,Design,Application logic,Algorithms,3 - Moderate / recurring,3,3 - Moderate,3,9,Expert_Survey_E11_SS.xlsx,Round 1
E11_SS,1,20+,3,45,Design,Application logic,Expressions,5 - Essential / continuous,5,3 - Moderate,3,15,Expert_Survey_E11_SS.xlsx,Round 1
E11_SS,1,20+,3,46,Design,Application logic,Control Structures,4 - Frequent / important,4,3 - Moderate,3,12,Expert_Survey_E11_SS.xlsx,Round 1
E11_SS,1,20+,3,47,Design,Application logic,IT Data Types,5 - Essential / continuous,5,2 - Easy,2,10,Expert_Survey_E11_SS.xlsx,Round 1
E11_SS,1,20+,3,48,Design,Application logic,Events,4 - Frequent / important,4,3 - Moderate,3,12,Expert_Survey_E11_SS.xlsx,Round 1
E11_SS,1,20+,3,49,Design,Application logic,Formulas,4 - Frequent / important,4,5 - Very difficult,5,20,Expert_Survey_E11_SS.xlsx,Round 2
E11_SS,1,20+,3,50,Design,Application logic,Functions,4 - Frequent / important,4,5 - Very difficult,5,20,Expert_Survey_E11_SS.xlsx,Round 2
E11_SS,1,20+,3,51,Design,Application logic,Java,3 - Moderate / recurring,3,5 - Very difficult,5,15,Expert_Survey_E11_SS.xlsx,Round 2
E11_SS,1,20+,3,52,Design,Application logic,JavaScript,4 - Frequent / important,4,5 - Very difficult,5,20,Expert_Survey_E11_SS.xlsx,Round 2
E11_SS,1,20+,3,53,Design,Application logic,Microservices,3 - Moderate / recurring,3,5 - Very difficult,5,15,Expert_Survey_E11_SS.xlsx,Round 2
E11_SS,1,20+,3,54,Design,Application logic,SQL,4 - Frequent / important,4,5 - Very difficult,5,20,Expert_Survey_E11_SS.xlsx,Round 2
E11_SS,1,20+,3,55,Design,Application logic,Variables,5 - Essential / continuous,5,4 - Difficult,4,20,Expert_Survey_E11_SS.xlsx,Round 1
E11_SS,1,20+,3,56,Development,Workflow design and development,+BPMN Process Model,2 - Occasional / peripheral,2,3 - Moderate,3,6,Expert_Survey_E11_SS.xlsx,Round 1
E11_SS,1,20+,3,57,Development,Workflow design and development,Expressions,5 - Essential / continuous,5,5 - Very difficult,5,25,Expert_Survey_E11_SS.xlsx,Round 1
E11_SS,1,20+,3,58,Development,Workflow design and development,Custom Process Model,3 - Moderate / recurring,3,5 - Very difficult,5,15,Expert_Survey_E11_SS.xlsx,Round 1
E11_SS,1,20+,3,59,Development,Workflow design and development,Events,4 - Frequent / important,4,2 - Easy,2,8,Expert_Survey_E11_SS.xlsx,Round 1
E11_SS,1,20+,3,60,Development,Workflow design and development,Java API,5 - Essential / continuous,5,4 - Difficult,4,20,Expert_Survey_E11_SS.xlsx,Round 2
E11_SS,1,20+,3,61,Development,Workflow design and development,JavaScript,4 - Frequent / important,4,5 - Very difficult,5,20,Expert_Survey_E11_SS.xlsx,Round 2
E11_SS,1,20+,3,62,Development,Workflow design and development,REST API,3 - Moderate / recurring,3,4 - Difficult,4,12,Expert_Survey_E11_SS.xlsx,Round 1
E11_SS,1,20+,3,63,Development,Workflow design and development,Triggers,4 - Frequent / important,4,2 - Easy,2,8,Expert_Survey_E11_SS.xlsx,Round 1
E11_SS,1,20+,3,64,Development,Database design,+Business Data Types,4 - Frequent / important,4,3 - Moderate,3,12,Expert_Survey_E11_SS.xlsx,Round 1
E11_SS,1,20+,3,65,Development,Database design,+Custom Database Model,5 - Essential / continuous,5,3 - Moderate,3,15,Expert_Survey_E11_SS.xlsx,Round 1
E11_SS,1,20+,3,66,Development,Database design,+References,4 - Frequent / important,4,1 - Very easy,1,4,Expert_Survey_E11_SS.xlsx,Round 1
E11_SS,1,20+,3,67,Development,Database design,+Slices,4 - Frequent / important,4,1 - Very easy,1,4,Expert_Survey_E11_SS.xlsx,Round 1
E11_SS,1,20+,3,68,Development,Database design,Actions,4 - Frequent / important,4,3 - Moderate,3,12,Expert_Survey_E11_SS.xlsx,Round 1
E11_SS,1,20+,3,69,Development,Database design,Expressions,3 - Moderate / recurring,3,5 - Very difficult,5,15,Expert_Survey_E11_SS.xlsx,Round 1
E11_SS,1,20+,3,70,Development,Database design,Relational Database,4 - Frequent / important,4,5 - Very difficult,5,20,Expert_Survey_E11_SS.xlsx,Round 1
E11_SS,1,20+,3,71,Development,Database design,Entity Diagrams,5 - Essential / continuous,5,4 - Difficult,4,20,Expert_Survey_E11_SS.xlsx,Round 1
E11_SS,1,20+,3,72,Development,Database design,Functions,4 - Frequent / important,4,5 - Very difficult,5,20,Expert_Survey_E11_SS.xlsx,Round 1
E11_SS,1,20+,3,73,Development,Database design,SQL,4 - Frequent / important,4,5 - Very difficult,5,20,Expert_Survey_E11_SS.xlsx,Round 1
E11_SS,1,20+,3,74,Development,Database design,IT Data Types,4 - Frequent / important,4,4 - Difficult,4,16,Expert_Survey_E11_SS.xlsx,Round 1
E11_SS,1,20+,3,75,Development,Database design,Web API,4 - Frequent / important,4,5 - Very difficult,5,20,Expert_Survey_E11_SS.xlsx,Round 1
E11_SS,1,20+,3,76,Development,Fetching data,.NET,3 - Moderate / recurring,3,5 - Very difficult,5,15,Expert_Survey_E11_SS.xlsx,Round 1
E11_SS,1,20+,3,77,Development,Fetching data,+Cloud-based Spreadsheets,4 - Frequent / important,4,4 - Difficult,4,16,Expert_Survey_E11_SS.xlsx,Round 1
E11_SS,1,20+,3,78,Development,Fetching data,+GUI Queries,4 - Frequent / important,4,4 - Difficult,4,16,Expert_Survey_E11_SS.xlsx,Round 1
E11_SS,1,20+,3,79,Development,Fetching data,+Human Language,2 - Occasional / peripheral,2,1 - Very easy,1,2,Expert_Survey_E11_SS.xlsx,Round 1
E11_SS,1,20+,3,80,Development,Fetching data,+Integrated Data Sources,3 - Moderate / recurring,3,2 - Easy,2,6,Expert_Survey_E11_SS.xlsx,Round 1
E11_SS,1,20+,3,81,Development,Fetching data,Cloud Services,3 - Moderate / recurring,3,4 - Difficult,4,12,Expert_Survey_E11_SS.xlsx,Round 1
E11_SS,1,20+,3,82,Development,Fetching data,Custom Query Language,1 - Rare / avoidable,1,5 - Very difficult,5,5,Expert_Survey_E11_SS.xlsx,Round 1
E11_SS,1,20+,3,83,Development,Fetching data,Data Source Integration,2 - Occasional / peripheral,2,5 - Very difficult,5,10,Expert_Survey_E11_SS.xlsx,Round 1
E11_SS,1,20+,3,84,Development,Fetching data,Formulas,2 - Occasional / peripheral,2,3 - Moderate,3,6,Expert_Survey_E11_SS.xlsx,Round 1
E11_SS,1,20+,3,85,Development,Fetching data,Local Storage,2 - Occasional / peripheral,2,3 - Moderate,3,6,Expert_Survey_E11_SS.xlsx,Round 1
E11_SS,1,20+,3,86,Development,Fetching data,OAuth,2 - Occasional / peripheral,2,5 - Very difficult,5,10,Expert_Survey_E11_SS.xlsx,Round 1
E11_SS,1,20+,3,87,Development,Fetching data,REST API,2 - Occasional / peripheral,2,3 - Moderate,3,6,Expert_Survey_E11_SS.xlsx,Round 1
E11_SS,1,20+,3,88,Development,Fetching data,SDK,2 - Occasional / peripheral,2,5 - Very difficult,5,10,Expert_Survey_E11_SS.xlsx,Round 1
E11_SS,1,20+,3,89,Development,Fetching data,SQL,3 - Moderate / recurring,3,5 - Very difficult,5,15,Expert_Survey_E11_SS.xlsx,Round 1
E11_SS,1,20+,3,90,Development,Fetching data,URL,3 - Moderate / recurring,3,2 - Easy,2,6,Expert_Survey_E11_SS.xlsx,Round 1
E11_SS,1,20+,3,91,Development,Fetching data,Web API,2 - Occasional / peripheral,2,3 - Moderate,3,6,Expert_Survey_E11_SS.xlsx,Round 1
E11_SS,1,20+,3,92,Development,GUI design and development,+AI Support,3 - Moderate / recurring,3,2 - Easy,2,6,Expert_Survey_E11_SS.xlsx,Round 1
E11_SS,1,20+,3,93,Development,GUI design and development,+Business Data Types,3 - Moderate / recurring,3,1 - Very easy,1,3,Expert_Survey_E11_SS.xlsx,Round 1
E11_SS,1,20+,3,94,Development,GUI design and development,+Conditional Formatting,5 - Essential / continuous,5,3 - Moderate,3,15,Expert_Survey_E11_SS.xlsx,Round 1
E11_SS,1,20+,3,95,Development,GUI design and development,+GUI Style Editor,5 - Essential / continuous,5,2 - Easy,2,10,Expert_Survey_E11_SS.xlsx,Round 1
E11_SS,1,20+,3,96,Development,GUI design and development,+Templatized Formulas,5 - Essential / continuous,5,2 - Easy,2,10,Expert_Survey_E11_SS.xlsx,Round 1
E11_SS,1,20+,3,97,Development,GUI design and development,+UI Branding,2 - Occasional / peripheral,2,2 - Easy,2,4,Expert_Survey_E11_SS.xlsx,Round 1
E11_SS,1,20+,3,98,Development,GUI design and development,+View Types,5 - Essential / continuous,5,2 - Easy,2,10,Expert_Survey_E11_SS.xlsx,Round 1
E11_SS,1,20+,3,99,Development,GUI design and development,+WYSIWYG,4 - Frequent / important,4,1 - Very easy,1,4,Expert_Survey_E11_SS.xlsx,Round 1
E11_SS,1,20+,3,100,Development,GUI design and development,CSS/SCSS,1 - Rare / avoidable,1,4 - Difficult,4,4,Expert_Survey_E11_SS.xlsx,Round 1
E11_SS,1,20+,3,101,Development,GUI design and development,Event Propagation,3 - Moderate / recurring,3,3 - Moderate,3,9,Expert_Survey_E11_SS.xlsx,Round 1
E11_SS,1,20+,3,102,Development,GUI design and development,Responsive Web Design,4 - Frequent / important,4,4 - Difficult,4,16,Expert_Survey_E11_SS.xlsx,Round 1
E11_SS,1,20+,3,103,Development,GUI design and development,HTML,3 - Moderate / recurring,3,3 - Moderate,3,9,Expert_Survey_E11_SS.xlsx,Round 1
E11_SS,1,20+,3,104,Development,GUI design and development,IT Data Types,5 - Essential / continuous,5,3 - Moderate,3,15,Expert_Survey_E11_SS.xlsx,Round 1
E11_SS,1,20+,3,105,Development,GUI design and development,JavaScript,3 - Moderate / recurring,3,5 - Very difficult,5,15,Expert_Survey_E11_SS.xlsx,Round 1
E11_SS,1,20+,3,106,Development,GUI design and development,Master Detail,5 - Essential / continuous,5,2 - Easy,2,10,Expert_Survey_E11_SS.xlsx,Round 1
E11_SS,1,20+,3,107,Development,GUI design and development,Programming Functions,5 - Essential / continuous,5,5 - Very difficult,5,25,Expert_Survey_E11_SS.xlsx,Round 2
E11_SS,1,20+,3,108,Development,GUI design and development,Scripts,5 - Essential / continuous,5,4 - Difficult,4,20,Expert_Survey_E11_SS.xlsx,Round 1
E11_SS,1,20+,3,109,Development,GUI design and development,Snippets,3 - Moderate / recurring,3,5 - Very difficult,5,15,Expert_Survey_E11_SS.xlsx,Round 1
E11_SS,1,20+,3,110,Development,GUI design and development,Variables,5 - Essential / continuous,5,3 - Moderate,3,15,Expert_Survey_E11_SS.xlsx,Round 1
E11_SS,1,20+,3,111,Development,GUI design and development,XML,4 - Frequent / important,4,3 - Moderate,3,12,Expert_Survey_E11_SS.xlsx,Round 2
E11_SS,1,20+,3,112,Development,Data validation development,+Business Rules,5 - Essential / continuous,5,2 - Easy,2,10,Expert_Survey_E11_SS.xlsx,Round 1
E11_SS,1,20+,3,113,Development,Data validation development,+Column Expressions,4 - Frequent / important,4,3 - Moderate,3,12,Expert_Survey_E11_SS.xlsx,Round 1
E11_SS,1,20+,3,114,Development,Data validation development,Expressions,5 - Essential / continuous,5,3 - Moderate,3,15,Expert_Survey_E11_SS.xlsx,Round 1
E11_SS,1,20+,3,115,Development,Data validation development,Data Fields,4 - Frequent / important,4,4 - Difficult,4,16,Expert_Survey_E11_SS.xlsx,Round 2
E11_SS,1,20+,3,116,Development,Data validation development,Domain Model,4 - Frequent / important,4,4 - Difficult,4,16,Expert_Survey_E11_SS.xlsx,Round 2
E11_SS,1,20+,3,117,Development,Data validation development,Scripts,4 - Frequent / important,4,3 - Moderate,3,12,Expert_Survey_E11_SS.xlsx,Round 1
E11_SS,1,20+,3,118,Development,Actions design and development,+AI Assisted Development,3 - Moderate / recurring,3,2 - Easy,2,6,Expert_Survey_E11_SS.xlsx,Round 1
E11_SS,1,20+,3,119,Development,Actions design and development,+Automations,4 - Frequent / important,4,4 - Difficult,4,16,Expert_Survey_E11_SS.xlsx,Round 1
E11_SS,1,20+,3,120,Development,Actions design and development,+Built-in Connectors,4 - Frequent / important,4,1 - Very easy,1,4,Expert_Survey_E11_SS.xlsx,Round 1
E11_SS,1,20+,3,121,Development,Actions design and development,API,3 - Moderate / recurring,3,5 - Very difficult,5,15,Expert_Survey_E11_SS.xlsx,Round 1
E11_SS,1,20+,3,122,Development,Actions design and development,Expressions,4 - Frequent / important,4,4 - Difficult,4,16,Expert_Survey_E11_SS.xlsx,Round 1
E11_SS,1,20+,3,123,Development,Actions design and development,Functions,5 - Essential / continuous,5,5 - Very difficult,5,25,Expert_Survey_E11_SS.xlsx,Round 2
E11_SS,1,20+,3,124,Development,Actions design and development,Java,3 - Moderate / recurring,3,5 - Very difficult,5,15,Expert_Survey_E11_SS.xlsx,Round 2
E11_SS,1,20+,3,125,Development,Actions design and development,JavaScript,4 - Frequent / important,4,5 - Very difficult,5,20,Expert_Survey_E11_SS.xlsx,Round 2
E11_SS,1,20+,3,126,Development,Actions design and development,Object Model,2 - Occasional / peripheral,2,4 - Difficult,4,8,Expert_Survey_E11_SS.xlsx,Round 1
E11_SS,1,20+,3,127,Development,Actions design and development,Scripts,2 - Occasional / peripheral,2,3 - Moderate,3,6,Expert_Survey_E11_SS.xlsx,Round 1
E11_SS,1,20+,3,128,Development,Actions design and development,SOAP,3 - Moderate / recurring,3,5 - Very difficult,5,15,Expert_Survey_E11_SS.xlsx,Round 1
E11_SS,1,20+,3,129,Development,Programming,.NET,2 - Occasional / peripheral,2,4 - Difficult,4,8,Expert_Survey_E11_SS.xlsx,Round 1
E11_SS,1,20+,3,130,Development,Programming,+Visual Programming,5 - Essential / continuous,5,3 - Moderate,3,15,Expert_Survey_E11_SS.xlsx,Round 1
E11_SS,1,20+,3,131,Development,Programming,Expressions,5 - Essential / continuous,5,5 - Very difficult,5,25,Expert_Survey_E11_SS.xlsx,Round 2
E11_SS,1,20+,3,132,Development,Programming,CLI,2 - Occasional / peripheral,2,5 - Very difficult,5,10,Expert_Survey_E11_SS.xlsx,Round 1
E11_SS,1,20+,3,133,Development,Programming,IT Data Types,5 - Essential / continuous,5,3 - Moderate,3,15,Expert_Survey_E11_SS.xlsx,Round 1
E11_SS,1,20+,3,134,Development,Programming,Eclipse,3 - Moderate / recurring,3,3 - Moderate,3,9,Expert_Survey_E11_SS.xlsx,Round 1
E11_SS,1,20+,3,135,Development,Programming,Emulators,2 - Occasional / peripheral,2,5 - Very difficult,5,10,Expert_Survey_E11_SS.xlsx,Round 1
E11_SS,1,20+,3,136,Development,Programming,Entity Types,5 - Essential / continuous,5,2 - Easy,2,10,Expert_Survey_E11_SS.xlsx,Round 1
E11_SS,1,20+,3,137,Development,Programming,Enumerations,5 - Essential / continuous,5,3 - Moderate,3,15,Expert_Survey_E11_SS.xlsx,Round 1
E11_SS,1,20+,3,138,Development,Programming,Functions,3 - Moderate / recurring,3,5 - Very difficult,5,15,Expert_Survey_E11_SS.xlsx,Round 1
E11_SS,1,20+,3,139,Development,Programming,HTML,2 - Occasional / peripheral,2,4 - Difficult,4,8,Expert_Survey_E11_SS.xlsx,Round 1
E11_SS,1,20+,3,140,Development,Programming,SDK/IDE,1 - Rare / avoidable,1,5 - Very difficult,5,5,Expert_Survey_E11_SS.xlsx,Round 1
E11_SS,1,20+,3,141,Development,Programming,Iteration Statements,5 - Essential / continuous,5,3 - Moderate,3,15,Expert_Survey_E11_SS.xlsx,Round 1
E11_SS,1,20+,3,142,Development,Programming,Java,1 - Rare / avoidable,1,5 - Very difficult,5,5,Expert_Survey_E11_SS.xlsx,Round 1
E11_SS,1,20+,3,143,Development,Programming,Java API,2 - Occasional / peripheral,2,5 - Very difficult,5,10,Expert_Survey_E11_SS.xlsx,Round 1
E11_SS,1,20+,3,144,Development,Programming,JavaScript,1 - Rare / avoidable,1,5 - Very difficult,5,5,Expert_Survey_E11_SS.xlsx,Round 1
E11_SS,1,20+,3,145,Development,Programming,JSON,3 - Moderate / recurring,3,3 - Moderate,3,9,Expert_Survey_E11_SS.xlsx,Round 1
E11_SS,1,20+,3,146,Development,Programming,Markup Language,4 - Frequent / important,4,2 - Easy,2,8,Expert_Survey_E11_SS.xlsx,Round 1
E11_SS,1,20+,3,147,Development,Programming,Metadata,4 - Frequent / important,4,3 - Moderate,3,12,Expert_Survey_E11_SS.xlsx,Round 1
E11_SS,1,20+,3,148,Development,Programming,Native Mobile App,4 - Frequent / important,4,4 - Difficult,4,16,Expert_Survey_E11_SS.xlsx,Round 1
E11_SS,1,20+,3,149,Development,Programming,node.js,4 - Frequent / important,4,5 - Very difficult,5,20,Expert_Survey_E11_SS.xlsx,Round 2
E11_SS,1,20+,3,150,Development,Programming,PWA,1 - Rare / avoidable,1,5 - Very difficult,5,5,Expert_Survey_E11_SS.xlsx,Round 1
E11_SS,1,20+,3,151,Development,Programming,Query Functions,5 - Essential / continuous,5,3 - Moderate,3,15,Expert_Survey_E11_SS.xlsx,Round 1
E11_SS,1,20+,3,152,Development,Programming,Scripts,3 - Moderate / recurring,3,4 - Difficult,4,12,Expert_Survey_E11_SS.xlsx,Round 1
E11_SS,1,20+,3,153,Development,Programming,Snippets,2 - Occasional / peripheral,2,4 - Difficult,4,8,Expert_Survey_E11_SS.xlsx,Round 1
E11_SS,1,20+,3,154,Development,Programming,TypeScript,3 - Moderate / recurring,3,5 - Very difficult,5,15,Expert_Survey_E11_SS.xlsx,Round 1
E11_SS,1,20+,3,155,Development,Programming,Web API,2 - Occasional / peripheral,2,5 - Very difficult,5,10,Expert_Survey_E11_SS.xlsx,Round 1
E11_SS,1,20+,3,156,Development,Programming,XML,4 - Frequent / important,4,2 - Easy,2,8,Expert_Survey_E11_SS.xlsx,Round 1
E11_SS,1,20+,3,157,Implementation,Runtime server installation,+Cloud Based Environment,4 - Frequent / important,4,4 - Difficult,4,16,Expert_Survey_E11_SS.xlsx,Round 2
E11_SS,1,20+,3,158,Implementation,Runtime server installation,API,1 - Rare / avoidable,1,5 - Very difficult,5,5,Expert_Survey_E11_SS.xlsx,Round 1
E11_SS,1,20+,3,159,Implementation,Runtime server installation,Compiler Service,3 - Moderate / recurring,3,5 - Very difficult,5,15,Expert_Survey_E11_SS.xlsx,Round 1
E11_SS,1,20+,3,160,Implementation,Runtime server installation,Database Synchronization,2 - Occasional / peripheral,2,5 - Very difficult,5,10,Expert_Survey_E11_SS.xlsx,Round 1
E11_SS,1,20+,3,161,Implementation,Runtime server installation,Deployment Controller Service,3 - Moderate / recurring,3,4 - Difficult,4,12,Expert_Survey_E11_SS.xlsx,Round 1
E11_SS,1,20+,3,162,Implementation,Runtime server installation,Email Server (SMTP),4 - Frequent / important,4,5 - Very difficult,5,20,Expert_Survey_E11_SS.xlsx,Round 1
E11_SS,1,20+,3,163,Implementation,Runtime server installation,File Storage,5 - Essential / continuous,5,3 - Moderate,3,15,Expert_Survey_E11_SS.xlsx,Round 1
E11_SS,1,20+,3,164,Implementation,Runtime server installation,HTTPS Server,3 - Moderate / recurring,3,5 - Very difficult,5,15,Expert_Survey_E11_SS.xlsx,Round 2
E11_SS,1,20+,3,165,Implementation,Runtime server installation,Java,4 - Frequent / important,4,5 - Very difficult,5,20,Expert_Survey_E11_SS.xlsx,Round 2
E11_SS,1,20+,3,166,Implementation,Runtime server installation,Load Balancing,3 - Moderate / recurring,3,3 - Moderate,3,9,Expert_Survey_E11_SS.xlsx,Round 1
E11_SS,1,20+,3,167,Implementation,Runtime server installation,Log Service,2 - Occasional / peripheral,2,3 - Moderate,3,6,Expert_Survey_E11_SS.xlsx,Round 1
E11_SS,1,20+,3,168,Implementation,Runtime server installation,Mobile App,5 - Essential / continuous,5,2 - Easy,2,10,Expert_Survey_E11_SS.xlsx,Round 1
E11_SS,1,20+,3,169,Implementation,Runtime server installation,OQL,4 - Frequent / important,4,4 - Difficult,4,16,Expert_Survey_E11_SS.xlsx,Round 1
E11_SS,1,20+,3,170,Implementation,Runtime server installation,Proxy server,4 - Frequent / important,4,3 - Moderate,3,12,Expert_Survey_E11_SS.xlsx,Round 1
E11_SS,1,20+,3,171,Implementation,Runtime server installation,Relational Database,4 - Frequent / important,4,5 - Very difficult,5,20,Expert_Survey_E11_SS.xlsx,Round 2
E11_SS,1,20+,3,172,Implementation,Runtime server installation,REST API,4 - Frequent / important,4,5 - Very difficult,5,20,Expert_Survey_E11_SS.xlsx,Round 1
E11_SS,1,20+,3,173,Implementation,Runtime server installation,SAML Authentication,4 - Frequent / important,4,5 - Very difficult,5,20,Expert_Survey_E11_SS.xlsx,Round 2
E11_SS,1,20+,3,174,Implementation,Runtime server installation,Scheduler Service,3 - Moderate / recurring,3,3 - Moderate,3,9,Expert_Survey_E11_SS.xlsx,Round 1
E11_SS,1,20+,3,175,Implementation,Runtime server installation,Shared Libraries,3 - Moderate / recurring,3,4 - Difficult,4,12,Expert_Survey_E11_SS.xlsx,Round 1
E11_SS,1,20+,3,176,Implementation,Runtime server installation,SOAP,5 - Essential / continuous,5,5 - Very difficult,5,25,Expert_Survey_E11_SS.xlsx,Round 2
E11_SS,1,20+,3,177,Implementation,Runtime server installation,SSL Certificates,3 - Moderate / recurring,3,4 - Difficult,4,12,Expert_Survey_E11_SS.xlsx,Round 1
E11_SS,1,20+,3,178,Implementation,Runtime server installation,Swagger,3 - Moderate / recurring,3,4 - Difficult,4,12,Expert_Survey_E11_SS.xlsx,Round 1
E11_SS,1,20+,3,179,Implementation,Runtime server installation,WSDL,3 - Moderate / recurring,3,5 - Very difficult,5,15,Expert_Survey_E11_SS.xlsx,Round 1
E11_SS,1,20+,3,180,Implementation,Runtime server installation,XML/XPath,4 - Frequent / important,4,5 - Very difficult,5,20,Expert_Survey_E11_SS.xlsx,Round 2
E11_SS,1,20+,3,181,Implementation,Database installation,+Embedded Database,3 - Moderate / recurring,3,2 - Easy,2,6,Expert_Survey_E11_SS.xlsx,Round 1
E11_SS,1,20+,3,182,Implementation,Database installation,File Storage,5 - Essential / continuous,5,3 - Moderate,3,15,Expert_Survey_E11_SS.xlsx,Round 1
E11_SS,1,20+,3,183,Implementation,Database installation,Relational Database,5 - Essential / continuous,5,5 - Very difficult,5,25,Expert_Survey_E11_SS.xlsx,Round 2
E11_SS,1,20+,3,184,Implementation,Database installation,REST API,3 - Moderate / recurring,3,5 - Very difficult,5,15,Expert_Survey_E11_SS.xlsx,Round 1
E11_SS,1,20+,3,185,Implementation,Client module installation,.NET Framework,4 - Frequent / important,4,5 - Very difficult,5,20,Expert_Survey_E11_SS.xlsx,Round 2
E11_SS,1,20+,3,186,Implementation,Client module installation,+Mobile App,4 - Frequent / important,4,5 - Very difficult,5,20,Expert_Survey_E11_SS.xlsx,Round 1
E11_SS,1,20+,3,187,Implementation,Client module installation,+Web Browser,4 - Frequent / important,4,1 - Very easy,1,4,Expert_Survey_E11_SS.xlsx,Round 1
E11_SS,1,20+,3,188,Implementation,Client module installation,API,3 - Moderate / recurring,3,4 - Difficult,4,12,Expert_Survey_E11_SS.xlsx,Round 1
E11_SS,1,20+,3,189,Implementation,Client module installation,Binaries,4 - Frequent / important,4,3 - Moderate,3,12,Expert_Survey_E11_SS.xlsx,Round 1
E11_SS,1,20+,3,190,Implementation,Client module installation,HTTPS Server,4 - Frequent / important,4,5 - Very difficult,5,20,Expert_Survey_E11_SS.xlsx,Round 1
E11_SS,1,20+,3,191,Implementation,Client module installation,URL Configuration,3 - Moderate / recurring,3,2 - Easy,2,6,Expert_Survey_E11_SS.xlsx,Round 1
E11_SS,1,20+,3,192,Implementation,Client module installation,Web Services,2 - Occasional / peripheral,2,3 - Moderate,3,6,Expert_Survey_E11_SS.xlsx,Round 1
E11_SS,1,20+,3,193,Implementation,Deployment,+App Gallery,4 - Frequent / important,4,1 - Very easy,1,4,Expert_Survey_E11_SS.xlsx,Round 1
E11_SS,1,20+,3,194,Implementation,Deployment,+Software as a Service,4 - Frequent / important,4,1 - Very easy,1,4,Expert_Survey_E11_SS.xlsx,Round 1
E11_SS,1,20+,3,195,Implementation,Deployment,Application IDE,4 - Frequent / important,4,3 - Moderate,3,12,Expert_Survey_E11_SS.xlsx,Round 1
E11_SS,1,20+,3,196,Implementation,Deployment,CI/CD,5 - Essential / continuous,5,5 - Very difficult,5,25,Expert_Survey_E11_SS.xlsx,Round 2
E11_SS,1,20+,3,197,Implementation,Deployment,Cloud Computing,3 - Moderate / recurring,3,5 - Very difficult,5,15,Expert_Survey_E11_SS.xlsx,Round 1
E11_SS,1,20+,3,198,Implementation,Deployment,Cloud Services,4 - Frequent / important,4,5 - Very difficult,5,20,Expert_Survey_E11_SS.xlsx,Round 1
E11_SS,1,20+,3,199,Implementation,Deployment,Docker,4 - Frequent / important,4,5 - Very difficult,5,20,Expert_Survey_E11_SS.xlsx,Round 2
E11_SS,1,20+,3,200,Implementation,Deployment,Import/Export,5 - Essential / continuous,5,3 - Moderate,3,15,Expert_Survey_E11_SS.xlsx,Round 1
E11_SS,1,20+,3,201,Implementation,Deployment,Kubernetes,4 - Frequent / important,4,4 - Difficult,4,16,Expert_Survey_E11_SS.xlsx,Round 2
E11_SS,1,20+,3,202,Implementation,Deployment,On-Premise,5 - Essential / continuous,5,3 - Moderate,3,15,Expert_Survey_E11_SS.xlsx,Round 1
E11_SS,1,20+,3,203,Implementation,Deployment,On-premises Data Gateway,4 - Frequent / important,4,5 - Very difficult,5,20,Expert_Survey_E11_SS.xlsx,Round 1
E11_SS,1,20+,3,204,Implementation,Deployment,REST API,3 - Moderate / recurring,3,3 - Moderate,3,9,Expert_Survey_E11_SS.xlsx,Round 1
E11_SS,1,20+,3,205,Implementation,Deployment,Scripts,5 - Essential / continuous,5,4 - Difficult,4,20,Expert_Survey_E11_SS.xlsx,Round 2
E11_SS,1,20+,3,206,Implementation,Deployment,SOAP,3 - Moderate / recurring,3,5 - Very difficult,5,15,Expert_Survey_E11_SS.xlsx,Round 2
E11_SS,1,20+,3,207,Implementation,Version control,Code Repository Concept,5 - Essential / continuous,5,4 - Difficult,4,20,Expert_Survey_E11_SS.xlsx,Round 2
E11_SS,1,20+,3,208,Implementation,Version control,Custom Version Control,5 - Essential / continuous,5,3 - Moderate,3,15,Expert_Survey_E11_SS.xlsx,Round 2
E11_SS,1,20+,3,209,Implementation,Version control,Git,5 - Essential / continuous,5,4 - Difficult,4,20,Expert_Survey_E11_SS.xlsx,Round 2
E12_MK,1,20+,3,1,Design,Workflow model,+BPMN Process Model,4 - Frequent / important,4,3 - Moderate,3,12,Expert_Survey_E12_MK.xlsx,Round 1
E12_MK,1,20+,3,2,Design,Workflow model,Custom Process Model,4 - Frequent / important,4,3 - Moderate,3,12,Expert_Survey_E12_MK.xlsx,Round 2
E12_MK,1,20+,3,3,Design,Database model,+Business Data Types,5 - Essential / continuous,5,1 - Very easy,1,5,Expert_Survey_E12_MK.xlsx,Round 1
E12_MK,1,20+,3,4,Design,Database model,+Form-based Data,5 - Essential / continuous,5,1 - Very easy,1,5,Expert_Survey_E12_MK.xlsx,Round 1
E12_MK,1,20+,3,5,Design,Database model,+Item-Detail,4 - Frequent / important,4,1 - Very easy,1,4,Expert_Survey_E12_MK.xlsx,Round 1
E12_MK,1,20+,3,6,Design,Database model,+Lookup/Drop-down,5 - Essential / continuous,5,1 - Very easy,1,5,Expert_Survey_E12_MK.xlsx,Round 1
E12_MK,1,20+,3,7,Design,Database model,+Predefined Entities,5 - Essential / continuous,5,1 - Very easy,1,5,Expert_Survey_E12_MK.xlsx,Round 1
E12_MK,1,20+,3,8,Design,Database model,Domain Model,4 - Frequent / important,4,3 - Moderate,3,12,Expert_Survey_E12_MK.xlsx,Round 1
E12_MK,1,20+,3,9,Design,Database model,Conditional Expressions,3 - Moderate / recurring,3,3 - Moderate,3,9,Expert_Survey_E12_MK.xlsx,Round 1
E12_MK,1,20+,3,10,Design,Database model,Constraints,3 - Moderate / recurring,3,3 - Moderate,3,9,Expert_Survey_E12_MK.xlsx,Round 1
E12_MK,1,20+,3,11,Design,Database model,Data Structure,4 - Frequent / important,4,3 - Moderate,3,12,Expert_Survey_E12_MK.xlsx,Round 1
E12_MK,1,20+,3,12,Design,Database model,IT Data Types,3 - Moderate / recurring,3,3 - Moderate,3,9,Expert_Survey_E12_MK.xlsx,Round 1
E12_MK,1,20+,3,13,Design,Database model,Denormalization,2 - Occasional / peripheral,2,5 - Very difficult,5,10,Expert_Survey_E12_MK.xlsx,Round 1
E12_MK,1,20+,3,14,Design,Database model,Entity Diagrams,4 - Frequent / important,4,3 - Moderate,3,12,Expert_Survey_E12_MK.xlsx,Round 1
E12_MK,1,20+,3,15,Design,Database model,Enumerations,3 - Moderate / recurring,3,3 - Moderate,3,9,Expert_Survey_E12_MK.xlsx,Round 1
E12_MK,1,20+,3,16,Design,Database model,Expressions,3 - Moderate / recurring,3,3 - Moderate,3,9,Expert_Survey_E12_MK.xlsx,Round 1
E12_MK,1,20+,3,17,Design,Database model,Relational Database,4 - Frequent / important,4,3 - Moderate,3,12,Expert_Survey_E12_MK.xlsx,Round 2
E12_MK,1,20+,3,18,Design,Database model,XML/XPath,3 - Moderate / recurring,3,4 - Difficult,4,12,Expert_Survey_E12_MK.xlsx,Round 2
E12_MK,1,20+,3,19,Design,UI model,+App templates,5 - Essential / continuous,5,1 - Very easy,1,5,Expert_Survey_E12_MK.xlsx,Round 1
E12_MK,1,20+,3,20,Design,UI model,+Business Data Types,5 - Essential / continuous,5,1 - Very easy,1,5,Expert_Survey_E12_MK.xlsx,Round 1
E12_MK,1,20+,3,21,Design,UI model,+Screen Templates,5 - Essential / continuous,5,1 - Very easy,1,5,Expert_Survey_E12_MK.xlsx,Round 1
E12_MK,1,20+,3,22,Design,UI model,+UI Branding,4 - Frequent / important,4,1 - Very easy,1,4,Expert_Survey_E12_MK.xlsx,Round 1
E12_MK,1,20+,3,23,Design,UI model,+View Types,4 - Frequent / important,4,1 - Very easy,1,4,Expert_Survey_E12_MK.xlsx,Round 1
E12_MK,1,20+,3,24,Design,UI model,Expressions,3 - Moderate / recurring,3,3 - Moderate,3,9,Expert_Survey_E12_MK.xlsx,Round 2
E12_MK,1,20+,3,25,Design,UI model,IT Data Types,3 - Moderate / recurring,3,3 - Moderate,3,9,Expert_Survey_E12_MK.xlsx,Round 1
E12_MK,1,20+,3,26,Design,UI model,Functions,3 - Moderate / recurring,3,3 - Moderate,3,9,Expert_Survey_E12_MK.xlsx,Round 2
E12_MK,1,20+,3,27,Design,UI model,Model-driven Apps,3 - Moderate / recurring,3,3 - Moderate,3,9,Expert_Survey_E12_MK.xlsx,Round 2
E12_MK,1,20+,3,28,Design,UI model,Reactive Web App,3 - Moderate / recurring,3,3 - Moderate,3,9,Expert_Survey_E12_MK.xlsx,Round 2
E12_MK,1,20+,3,29,Design,UI model,Responsive Web Design,3 - Moderate / recurring,3,3 - Moderate,3,9,Expert_Survey_E12_MK.xlsx,Round 2
E12_MK,1,20+,3,30,Design,UI model,Variables,3 - Moderate / recurring,3,3 - Moderate,3,9,Expert_Survey_E12_MK.xlsx,Round 1
E12_MK,1,20+,3,31,Design,Validations,+Business Rules,4 - Frequent / important,4,1 - Very easy,1,4,Expert_Survey_E12_MK.xlsx,Round 1
E12_MK,1,20+,3,32,Design,Validations,+Lookup/Drop-down,5 - Essential / continuous,5,1 - Very easy,1,5,Expert_Survey_E12_MK.xlsx,Round 1
E12_MK,1,20+,3,33,Design,Validations,Expressions,3 - Moderate / recurring,3,3 - Moderate,3,9,Expert_Survey_E12_MK.xlsx,Round 1
E12_MK,1,20+,3,34,Design,Validations,Enumerations,3 - Moderate / recurring,3,3 - Moderate,3,9,Expert_Survey_E12_MK.xlsx,Round 1
E12_MK,1,20+,3,35,Design,Validations,JavaScript,3 - Moderate / recurring,3,4 - Difficult,4,12,Expert_Survey_E12_MK.xlsx,Round 2
E12_MK,1,20+,3,36,Design,Validations,Scripts,3 - Moderate / recurring,3,4 - Difficult,4,12,Expert_Survey_E12_MK.xlsx,Round 2
E12_MK,1,20+,3,37,Design,Validations,Transactions,3 - Moderate / recurring,3,3 - Moderate,3,9,Expert_Survey_E12_MK.xlsx,Round 2
E12_MK,1,20+,3,38,Design,Application logic,+Actions,4 - Frequent / important,4,1 - Very easy,1,4,Expert_Survey_E12_MK.xlsx,Round 1
E12_MK,1,20+,3,39,Design,Application logic,+Graphical actions,4 - Frequent / important,4,1 - Very easy,1,4,Expert_Survey_E12_MK.xlsx,Round 1
E12_MK,1,20+,3,40,Design,Application logic,+NLP,4 - Frequent / important,4,1 - Very easy,1,4,Expert_Survey_E12_MK.xlsx,Round 1
E12_MK,1,20+,3,41,Design,Application logic,+Custom Language,4 - Frequent / important,4,1 - Very easy,1,4,Expert_Survey_E12_MK.xlsx,Round 1
E12_MK,1,20+,3,42,Design,Application logic,+Predefined Tasks,5 - Essential / continuous,5,1 - Very easy,1,5,Expert_Survey_E12_MK.xlsx,Round 1
E12_MK,1,20+,3,43,Design,Application logic,UML,3 - Moderate / recurring,3,3 - Moderate,3,9,Expert_Survey_E12_MK.xlsx,Round 2
E12_MK,1,20+,3,44,Design,Application logic,Algorithms,2 - Occasional / peripheral,2,5 - Very difficult,5,10,Expert_Survey_E12_MK.xlsx,Round 1
E12_MK,1,20+,3,45,Design,Application logic,Expressions,3 - Moderate / recurring,3,3 - Moderate,3,9,Expert_Survey_E12_MK.xlsx,Round 1
E12_MK,1,20+,3,46,Design,Application logic,Control Structures,3 - Moderate / recurring,3,3 - Moderate,3,9,Expert_Survey_E12_MK.xlsx,Round 1
E12_MK,1,20+,3,47,Design,Application logic,IT Data Types,3 - Moderate / recurring,3,3 - Moderate,3,9,Expert_Survey_E12_MK.xlsx,Round 1
E12_MK,1,20+,3,48,Design,Application logic,Events,3 - Moderate / recurring,3,3 - Moderate,3,9,Expert_Survey_E12_MK.xlsx,Round 1
E12_MK,1,20+,3,49,Design,Application logic,Formulas,3 - Moderate / recurring,3,3 - Moderate,3,9,Expert_Survey_E12_MK.xlsx,Round 2
E12_MK,1,20+,3,50,Design,Application logic,Functions,3 - Moderate / recurring,3,3 - Moderate,3,9,Expert_Survey_E12_MK.xlsx,Round 2
E12_MK,1,20+,3,51,Design,Application logic,Java,3 - Moderate / recurring,3,4 - Difficult,4,12,Expert_Survey_E12_MK.xlsx,Round 2
E12_MK,1,20+,3,52,Design,Application logic,JavaScript,3 - Moderate / recurring,3,4 - Difficult,4,12,Expert_Survey_E12_MK.xlsx,Round 2
E12_MK,1,20+,3,53,Design,Application logic,Microservices,3 - Moderate / recurring,3,3 - Moderate,3,9,Expert_Survey_E12_MK.xlsx,Round 2
E12_MK,1,20+,3,54,Design,Application logic,SQL,3 - Moderate / recurring,3,4 - Difficult,4,12,Expert_Survey_E12_MK.xlsx,Round 2
E12_MK,1,20+,3,55,Design,Application logic,Variables,3 - Moderate / recurring,3,3 - Moderate,3,9,Expert_Survey_E12_MK.xlsx,Round 1
E12_MK,1,20+,3,56,Development,Workflow design and development,+BPMN Process Model,4 - Frequent / important,4,3 - Moderate,3,12,Expert_Survey_E12_MK.xlsx,Round 1
E12_MK,1,20+,3,57,Development,Workflow design and development,Expressions,3 - Moderate / recurring,3,3 - Moderate,3,9,Expert_Survey_E12_MK.xlsx,Round 1
E12_MK,1,20+,3,58,Development,Workflow design and development,Custom Process Model,4 - Frequent / important,4,3 - Moderate,3,12,Expert_Survey_E12_MK.xlsx,Round 1
E12_MK,1,20+,3,59,Development,Workflow design and development,Events,3 - Moderate / recurring,3,3 - Moderate,3,9,Expert_Survey_E12_MK.xlsx,Round 1
E12_MK,1,20+,3,60,Development,Workflow design and development,Java API,3 - Moderate / recurring,3,4 - Difficult,4,12,Expert_Survey_E12_MK.xlsx,Round 2
E12_MK,1,20+,3,61,Development,Workflow design and development,JavaScript,3 - Moderate / recurring,3,4 - Difficult,4,12,Expert_Survey_E12_MK.xlsx,Round 2
E12_MK,1,20+,3,62,Development,Workflow design and development,REST API,3 - Moderate / recurring,3,4 - Difficult,4,12,Expert_Survey_E12_MK.xlsx,Round 1
E12_MK,1,20+,3,63,Development,Workflow design and development,Triggers,3 - Moderate / recurring,3,3 - Moderate,3,9,Expert_Survey_E12_MK.xlsx,Round 1
E12_MK,1,20+,3,64,Development,Database design,+Business Data Types,5 - Essential / continuous,5,1 - Very easy,1,5,Expert_Survey_E12_MK.xlsx,Round 1
E12_MK,1,20+,3,65,Development,Database design,+Custom Database Model,4 - Frequent / important,4,1 - Very easy,1,4,Expert_Survey_E12_MK.xlsx,Round 1
E12_MK,1,20+,3,66,Development,Database design,+References,4 - Frequent / important,4,1 - Very easy,1,4,Expert_Survey_E12_MK.xlsx,Round 1
E12_MK,1,20+,3,67,Development,Database design,+Slices,4 - Frequent / important,4,1 - Very easy,1,4,Expert_Survey_E12_MK.xlsx,Round 1
E12_MK,1,20+,3,68,Development,Database design,Actions,3 - Moderate / recurring,3,3 - Moderate,3,9,Expert_Survey_E12_MK.xlsx,Round 1
E12_MK,1,20+,3,69,Development,Database design,Expressions,3 - Moderate / recurring,3,3 - Moderate,3,9,Expert_Survey_E12_MK.xlsx,Round 1
E12_MK,1,20+,3,70,Development,Database design,Relational Database,4 - Frequent / important,4,3 - Moderate,3,12,Expert_Survey_E12_MK.xlsx,Round 1
E12_MK,1,20+,3,71,Development,Database design,Entity Diagrams,4 - Frequent / important,4,3 - Moderate,3,12,Expert_Survey_E12_MK.xlsx,Round 1
E12_MK,1,20+,3,72,Development,Database design,Functions,3 - Moderate / recurring,3,3 - Moderate,3,9,Expert_Survey_E12_MK.xlsx,Round 1
E12_MK,1,20+,3,73,Development,Database design,SQL,3 - Moderate / recurring,3,4 - Difficult,4,12,Expert_Survey_E12_MK.xlsx,Round 1
E12_MK,1,20+,3,74,Development,Database design,IT Data Types,3 - Moderate / recurring,3,3 - Moderate,3,9,Expert_Survey_E12_MK.xlsx,Round 1
E12_MK,1,20+,3,75,Development,Database design,Web API,3 - Moderate / recurring,3,4 - Difficult,4,12,Expert_Survey_E12_MK.xlsx,Round 1
E12_MK,1,20+,3,76,Development,Fetching data,.NET,3 - Moderate / recurring,3,3 - Moderate,3,9,Expert_Survey_E12_MK.xlsx,Round 1
E12_MK,1,20+,3,77,Development,Fetching data,+Cloud-based Spreadsheets,4 - Frequent / important,4,1 - Very easy,1,4,Expert_Survey_E12_MK.xlsx,Round 1
E12_MK,1,20+,3,78,Development,Fetching data,+GUI Queries,4 - Frequent / important,4,1 - Very easy,1,4,Expert_Survey_E12_MK.xlsx,Round 1
E12_MK,1,20+,3,79,Development,Fetching data,+Human Language,4 - Frequent / important,4,1 - Very easy,1,4,Expert_Survey_E12_MK.xlsx,Round 1
E12_MK,1,20+,3,80,Development,Fetching data,+Integrated Data Sources,4 - Frequent / important,4,1 - Very easy,1,4,Expert_Survey_E12_MK.xlsx,Round 1
E12_MK,1,20+,3,81,Development,Fetching data,Cloud Services,3 - Moderate / recurring,3,3 - Moderate,3,9,Expert_Survey_E12_MK.xlsx,Round 1
E12_MK,1,20+,3,82,Development,Fetching data,Custom Query Language,3 - Moderate / recurring,3,3 - Moderate,3,9,Expert_Survey_E12_MK.xlsx,Round 1
E12_MK,1,20+,3,83,Development,Fetching data,Data Source Integration,3 - Moderate / recurring,3,3 - Moderate,3,9,Expert_Survey_E12_MK.xlsx,Round 1
E12_MK,1,20+,3,84,Development,Fetching data,Formulas,3 - Moderate / recurring,3,3 - Moderate,3,9,Expert_Survey_E12_MK.xlsx,Round 1
E12_MK,1,20+,3,85,Development,Fetching data,Local Storage,3 - Moderate / recurring,3,3 - Moderate,3,9,Expert_Survey_E12_MK.xlsx,Round 1
E12_MK,1,20+,3,86,Development,Fetching data,OAuth,3 - Moderate / recurring,3,3 - Moderate,3,9,Expert_Survey_E12_MK.xlsx,Round 1
E12_MK,1,20+,3,87,Development,Fetching data,REST API,3 - Moderate / recurring,3,4 - Difficult,4,12,Expert_Survey_E12_MK.xlsx,Round 1
E12_MK,1,20+,3,88,Development,Fetching data,SDK,3 - Moderate / recurring,3,3 - Moderate,3,9,Expert_Survey_E12_MK.xlsx,Round 1
E12_MK,1,20+,3,89,Development,Fetching data,SQL,3 - Moderate / recurring,3,4 - Difficult,4,12,Expert_Survey_E12_MK.xlsx,Round 1
E12_MK,1,20+,3,90,Development,Fetching data,URL,3 - Moderate / recurring,3,3 - Moderate,3,9,Expert_Survey_E12_MK.xlsx,Round 1
E12_MK,1,20+,3,91,Development,Fetching data,Web API,3 - Moderate / recurring,3,4 - Difficult,4,12,Expert_Survey_E12_MK.xlsx,Round 1
E12_MK,1,20+,3,92,Development,GUI design and development,+AI Support,4 - Frequent / important,4,1 - Very easy,1,4,Expert_Survey_E12_MK.xlsx,Round 1
E12_MK,1,20+,3,93,Development,GUI design and development,+Business Data Types,5 - Essential / continuous,5,1 - Very easy,1,5,Expert_Survey_E12_MK.xlsx,Round 1
E12_MK,1,20+,3,94,Development,GUI design and development,+Conditional Formatting,4 - Frequent / important,4,1 - Very easy,1,4,Expert_Survey_E12_MK.xlsx,Round 1
E12_MK,1,20+,3,95,Development,GUI design and development,+GUI Style Editor,4 - Frequent / important,4,1 - Very easy,1,4,Expert_Survey_E12_MK.xlsx,Round 1
E12_MK,1,20+,3,96,Development,GUI design and development,+Templatized Formulas,4 - Frequent / important,4,1 - Very easy,1,4,Expert_Survey_E12_MK.xlsx,Round 1
E12_MK,1,20+,3,97,Development,GUI design and development,+UI Branding,4 - Frequent / important,4,1 - Very easy,1,4,Expert_Survey_E12_MK.xlsx,Round 1
E12_MK,1,20+,3,98,Development,GUI design and development,+View Types,4 - Frequent / important,4,1 - Very easy,1,4,Expert_Survey_E12_MK.xlsx,Round 1
E12_MK,1,20+,3,99,Development,GUI design and development,+WYSIWYG,4 - Frequent / important,4,1 - Very easy,1,4,Expert_Survey_E12_MK.xlsx,Round 1
E12_MK,1,20+,3,100,Development,GUI design and development,CSS/SCSS,3 - Moderate / recurring,3,3 - Moderate,3,9,Expert_Survey_E12_MK.xlsx,Round 1
E12_MK,1,20+,3,101,Development,GUI design and development,Event Propagation,3 - Moderate / recurring,3,3 - Moderate,3,9,Expert_Survey_E12_MK.xlsx,Round 1
E12_MK,1,20+,3,102,Development,GUI design and development,Responsive Web Design,3 - Moderate / recurring,3,3 - Moderate,3,9,Expert_Survey_E12_MK.xlsx,Round 1
E12_MK,1,20+,3,103,Development,GUI design and development,HTML,3 - Moderate / recurring,3,3 - Moderate,3,9,Expert_Survey_E12_MK.xlsx,Round 1
E12_MK,1,20+,3,104,Development,GUI design and development,IT Data Types,3 - Moderate / recurring,3,3 - Moderate,3,9,Expert_Survey_E12_MK.xlsx,Round 1
E12_MK,1,20+,3,105,Development,GUI design and development,JavaScript,3 - Moderate / recurring,3,4 - Difficult,4,12,Expert_Survey_E12_MK.xlsx,Round 1
E12_MK,1,20+,3,106,Development,GUI design and development,Master Detail,3 - Moderate / recurring,3,3 - Moderate,3,9,Expert_Survey_E12_MK.xlsx,Round 1
E12_MK,1,20+,3,107,Development,GUI design and development,Programming Functions,3 - Moderate / recurring,3,3 - Moderate,3,9,Expert_Survey_E12_MK.xlsx,Round 2
E12_MK,1,20+,3,108,Development,GUI design and development,Scripts,3 - Moderate / recurring,3,4 - Difficult,4,12,Expert_Survey_E12_MK.xlsx,Round 1
E12_MK,1,20+,3,109,Development,GUI design and development,Snippets,3 - Moderate / recurring,3,3 - Moderate,3,9,Expert_Survey_E12_MK.xlsx,Round 1
E12_MK,1,20+,3,110,Development,GUI design and development,Variables,3 - Moderate / recurring,3,3 - Moderate,3,9,Expert_Survey_E12_MK.xlsx,Round 1
E12_MK,1,20+,3,111,Development,GUI design and development,XML,3 - Moderate / recurring,3,4 - Difficult,4,12,Expert_Survey_E12_MK.xlsx,Round 2
E12_MK,1,20+,3,112,Development,Data validation development,+Business Rules,4 - Frequent / important,4,1 - Very easy,1,4,Expert_Survey_E12_MK.xlsx,Round 1
E12_MK,1,20+,3,113,Development,Data validation development,+Column Expressions,4 - Frequent / important,4,1 - Very easy,1,4,Expert_Survey_E12_MK.xlsx,Round 1
E12_MK,1,20+,3,114,Development,Data validation development,Expressions,3 - Moderate / recurring,3,3 - Moderate,3,9,Expert_Survey_E12_MK.xlsx,Round 1
E12_MK,1,20+,3,115,Development,Data validation development,Data Fields,3 - Moderate / recurring,3,3 - Moderate,3,9,Expert_Survey_E12_MK.xlsx,Round 2
E12_MK,1,20+,3,116,Development,Data validation development,Domain Model,4 - Frequent / important,4,3 - Moderate,3,12,Expert_Survey_E12_MK.xlsx,Round 2
E12_MK,1,20+,3,117,Development,Data validation development,Scripts,3 - Moderate / recurring,3,4 - Difficult,4,12,Expert_Survey_E12_MK.xlsx,Round 1
E12_MK,1,20+,3,118,Development,Actions design and development,+AI Assisted Development,4 - Frequent / important,4,1 - Very easy,1,4,Expert_Survey_E12_MK.xlsx,Round 1
E12_MK,1,20+,3,119,Development,Actions design and development,+Automations,4 - Frequent / important,4,1 - Very easy,1,4,Expert_Survey_E12_MK.xlsx,Round 1
E12_MK,1,20+,3,120,Development,Actions design and development,+Built-in Connectors,4 - Frequent / important,4,1 - Very easy,1,4,Expert_Survey_E12_MK.xlsx,Round 1
E12_MK,1,20+,3,121,Development,Actions design and development,API,3 - Moderate / recurring,3,4 - Difficult,4,12,Expert_Survey_E12_MK.xlsx,Round 1
E12_MK,1,20+,3,122,Development,Actions design and development,Expressions,3 - Moderate / recurring,3,3 - Moderate,3,9,Expert_Survey_E12_MK.xlsx,Round 1
E12_MK,1,20+,3,123,Development,Actions design and development,Functions,3 - Moderate / recurring,3,3 - Moderate,3,9,Expert_Survey_E12_MK.xlsx,Round 2
E12_MK,1,20+,3,124,Development,Actions design and development,Java,3 - Moderate / recurring,3,4 - Difficult,4,12,Expert_Survey_E12_MK.xlsx,Round 2
E12_MK,1,20+,3,125,Development,Actions design and development,JavaScript,3 - Moderate / recurring,3,4 - Difficult,4,12,Expert_Survey_E12_MK.xlsx,Round 2
E12_MK,1,20+,3,126,Development,Actions design and development,Object Model,3 - Moderate / recurring,3,3 - Moderate,3,9,Expert_Survey_E12_MK.xlsx,Round 1
E12_MK,1,20+,3,127,Development,Actions design and development,Scripts,3 - Moderate / recurring,3,4 - Difficult,4,12,Expert_Survey_E12_MK.xlsx,Round 1
E12_MK,1,20+,3,128,Development,Actions design and development,SOAP,3 - Moderate / recurring,3,4 - Difficult,4,12,Expert_Survey_E12_MK.xlsx,Round 1
E12_MK,1,20+,3,129,Development,Programming,.NET,3 - Moderate / recurring,3,3 - Moderate,3,9,Expert_Survey_E12_MK.xlsx,Round 1
E12_MK,1,20+,3,130,Development,Programming,+Visual Programming,4 - Frequent / important,4,1 - Very easy,1,4,Expert_Survey_E12_MK.xlsx,Round 1
E12_MK,1,20+,3,131,Development,Programming,Expressions,3 - Moderate / recurring,3,3 - Moderate,3,9,Expert_Survey_E12_MK.xlsx,Round 2
E12_MK,1,20+,3,132,Development,Programming,CLI,3 - Moderate / recurring,3,3 - Moderate,3,9,Expert_Survey_E12_MK.xlsx,Round 1
E12_MK,1,20+,3,133,Development,Programming,IT Data Types,3 - Moderate / recurring,3,3 - Moderate,3,9,Expert_Survey_E12_MK.xlsx,Round 1
E12_MK,1,20+,3,134,Development,Programming,Eclipse,3 - Moderate / recurring,3,3 - Moderate,3,9,Expert_Survey_E12_MK.xlsx,Round 1
E12_MK,1,20+,3,135,Development,Programming,Emulators,3 - Moderate / recurring,3,3 - Moderate,3,9,Expert_Survey_E12_MK.xlsx,Round 1
E12_MK,1,20+,3,136,Development,Programming,Entity Types,4 - Frequent / important,4,3 - Moderate,3,12,Expert_Survey_E12_MK.xlsx,Round 1
E12_MK,1,20+,3,137,Development,Programming,Enumerations,3 - Moderate / recurring,3,3 - Moderate,3,9,Expert_Survey_E12_MK.xlsx,Round 1
E12_MK,1,20+,3,138,Development,Programming,Functions,3 - Moderate / recurring,3,3 - Moderate,3,9,Expert_Survey_E12_MK.xlsx,Round 1
E12_MK,1,20+,3,139,Development,Programming,HTML,3 - Moderate / recurring,3,3 - Moderate,3,9,Expert_Survey_E12_MK.xlsx,Round 1
E12_MK,1,20+,3,140,Development,Programming,SDK/IDE,3 - Moderate / recurring,3,3 - Moderate,3,9,Expert_Survey_E12_MK.xlsx,Round 1
E12_MK,1,20+,3,141,Development,Programming,Iteration Statements,3 - Moderate / recurring,3,3 - Moderate,3,9,Expert_Survey_E12_MK.xlsx,Round 1
E12_MK,1,20+,3,142,Development,Programming,Java,3 - Moderate / recurring,3,4 - Difficult,4,12,Expert_Survey_E12_MK.xlsx,Round 1
E12_MK,1,20+,3,143,Development,Programming,Java API,3 - Moderate / recurring,3,4 - Difficult,4,12,Expert_Survey_E12_MK.xlsx,Round 1
E12_MK,1,20+,3,144,Development,Programming,JavaScript,3 - Moderate / recurring,3,4 - Difficult,4,12,Expert_Survey_E12_MK.xlsx,Round 1
E12_MK,1,20+,3,145,Development,Programming,JSON,3 - Moderate / recurring,3,3 - Moderate,3,9,Expert_Survey_E12_MK.xlsx,Round 1
E12_MK,1,20+,3,146,Development,Programming,Markup Language,3 - Moderate / recurring,3,3 - Moderate,3,9,Expert_Survey_E12_MK.xlsx,Round 1
E12_MK,1,20+,3,147,Development,Programming,Metadata,3 - Moderate / recurring,3,3 - Moderate,3,9,Expert_Survey_E12_MK.xlsx,Round 1
E12_MK,1,20+,3,148,Development,Programming,Native Mobile App,3 - Moderate / recurring,3,3 - Moderate,3,9,Expert_Survey_E12_MK.xlsx,Round 1
E12_MK,1,20+,3,149,Development,Programming,node.js,3 - Moderate / recurring,3,3 - Moderate,3,9,Expert_Survey_E12_MK.xlsx,Round 2
E12_MK,1,20+,3,150,Development,Programming,PWA,3 - Moderate / recurring,3,3 - Moderate,3,9,Expert_Survey_E12_MK.xlsx,Round 1
E12_MK,1,20+,3,151,Development,Programming,Query Functions,3 - Moderate / recurring,3,3 - Moderate,3,9,Expert_Survey_E12_MK.xlsx,Round 1
E12_MK,1,20+,3,152,Development,Programming,Scripts,3 - Moderate / recurring,3,4 - Difficult,4,12,Expert_Survey_E12_MK.xlsx,Round 1
E12_MK,1,20+,3,153,Development,Programming,Snippets,3 - Moderate / recurring,3,3 - Moderate,3,9,Expert_Survey_E12_MK.xlsx,Round 1
E12_MK,1,20+,3,154,Development,Programming,TypeScript,3 - Moderate / recurring,3,4 - Difficult,4,12,Expert_Survey_E12_MK.xlsx,Round 1
E12_MK,1,20+,3,155,Development,Programming,Web API,3 - Moderate / recurring,3,4 - Difficult,4,12,Expert_Survey_E12_MK.xlsx,Round 1
E12_MK,1,20+,3,156,Development,Programming,XML,3 - Moderate / recurring,3,4 - Difficult,4,12,Expert_Survey_E12_MK.xlsx,Round 1
E12_MK,1,20+,3,157,Implementation,Runtime server installation,+Cloud Based Environment,4 - Frequent / important,4,1 - Very easy,1,4,Expert_Survey_E12_MK.xlsx,Round 2
E12_MK,1,20+,3,158,Implementation,Runtime server installation,API,3 - Moderate / recurring,3,4 - Difficult,4,12,Expert_Survey_E12_MK.xlsx,Round 1
E12_MK,1,20+,3,159,Implementation,Runtime server installation,Compiler Service,3 - Moderate / recurring,3,3 - Moderate,3,9,Expert_Survey_E12_MK.xlsx,Round 1
E12_MK,1,20+,3,160,Implementation,Runtime server installation,Database Synchronization,3 - Moderate / recurring,3,3 - Moderate,3,9,Expert_Survey_E12_MK.xlsx,Round 1
E12_MK,1,20+,3,161,Implementation,Runtime server installation,Deployment Controller Service,3 - Moderate / recurring,3,3 - Moderate,3,9,Expert_Survey_E12_MK.xlsx,Round 1
E12_MK,1,20+,3,162,Implementation,Runtime server installation,Email Server (SMTP),3 - Moderate / recurring,3,3 - Moderate,3,9,Expert_Survey_E12_MK.xlsx,Round 1
E12_MK,1,20+,3,163,Implementation,Runtime server installation,File Storage,3 - Moderate / recurring,3,3 - Moderate,3,9,Expert_Survey_E12_MK.xlsx,Round 1
E12_MK,1,20+,3,164,Implementation,Runtime server installation,HTTPS Server,3 - Moderate / recurring,3,3 - Moderate,3,9,Expert_Survey_E12_MK.xlsx,Round 2
E12_MK,1,20+,3,165,Implementation,Runtime server installation,Java,3 - Moderate / recurring,3,4 - Difficult,4,12,Expert_Survey_E12_MK.xlsx,Round 2
E12_MK,1,20+,3,166,Implementation,Runtime server installation,Load Balancing,3 - Moderate / recurring,3,3 - Moderate,3,9,Expert_Survey_E12_MK.xlsx,Round 1
E12_MK,1,20+,3,167,Implementation,Runtime server installation,Log Service,3 - Moderate / recurring,3,3 - Moderate,3,9,Expert_Survey_E12_MK.xlsx,Round 1
E12_MK,1,20+,3,168,Implementation,Runtime server installation,Mobile App,3 - Moderate / recurring,3,3 - Moderate,3,9,Expert_Survey_E12_MK.xlsx,Round 1
E12_MK,1,20+,3,169,Implementation,Runtime server installation,OQL,3 - Moderate / recurring,3,3 - Moderate,3,9,Expert_Survey_E12_MK.xlsx,Round 1
E12_MK,1,20+,3,170,Implementation,Runtime server installation,Proxy server,3 - Moderate / recurring,3,3 - Moderate,3,9,Expert_Survey_E12_MK.xlsx,Round 1
E12_MK,1,20+,3,171,Implementation,Runtime server installation,Relational Database,4 - Frequent / important,4,3 - Moderate,3,12,Expert_Survey_E12_MK.xlsx,Round 2
E12_MK,1,20+,3,172,Implementation,Runtime server installation,REST API,3 - Moderate / recurring,3,4 - Difficult,4,12,Expert_Survey_E12_MK.xlsx,Round 1
E12_MK,1,20+,3,173,Implementation,Runtime server installation,SAML Authentication,3 - Moderate / recurring,3,4 - Difficult,4,12,Expert_Survey_E12_MK.xlsx,Round 2
E12_MK,1,20+,3,174,Implementation,Runtime server installation,Scheduler Service,3 - Moderate / recurring,3,3 - Moderate,3,9,Expert_Survey_E12_MK.xlsx,Round 1
E12_MK,1,20+,3,175,Implementation,Runtime server installation,Shared Libraries,3 - Moderate / recurring,3,3 - Moderate,3,9,Expert_Survey_E12_MK.xlsx,Round 1
E12_MK,1,20+,3,176,Implementation,Runtime server installation,SOAP,3 - Moderate / recurring,3,4 - Difficult,4,12,Expert_Survey_E12_MK.xlsx,Round 2
E12_MK,1,20+,3,177,Implementation,Runtime server installation,SSL Certificates,3 - Moderate / recurring,3,3 - Moderate,3,9,Expert_Survey_E12_MK.xlsx,Round 1
E12_MK,1,20+,3,178,Implementation,Runtime server installation,Swagger,3 - Moderate / recurring,3,3 - Moderate,3,9,Expert_Survey_E12_MK.xlsx,Round 1
E12_MK,1,20+,3,179,Implementation,Runtime server installation,WSDL,3 - Moderate / recurring,3,3 - Moderate,3,9,Expert_Survey_E12_MK.xlsx,Round 1
E12_MK,1,20+,3,180,Implementation,Runtime server installation,XML/XPath,3 - Moderate / recurring,3,4 - Difficult,4,12,Expert_Survey_E12_MK.xlsx,Round 2
E12_MK,1,20+,3,181,Implementation,Database installation,+Embedded Database,4 - Frequent / important,4,1 - Very easy,1,4,Expert_Survey_E12_MK.xlsx,Round 1
E12_MK,1,20+,3,182,Implementation,Database installation,File Storage,3 - Moderate / recurring,3,3 - Moderate,3,9,Expert_Survey_E12_MK.xlsx,Round 1
E12_MK,1,20+,3,183,Implementation,Database installation,Relational Database,4 - Frequent / important,4,3 - Moderate,3,12,Expert_Survey_E12_MK.xlsx,Round 2
E12_MK,1,20+,3,184,Implementation,Database installation,REST API,3 - Moderate / recurring,3,4 - Difficult,4,12,Expert_Survey_E12_MK.xlsx,Round 1
E12_MK,1,20+,3,185,Implementation,Client module installation,.NET Framework,3 - Moderate / recurring,3,3 - Moderate,3,9,Expert_Survey_E12_MK.xlsx,Round 2
E12_MK,1,20+,3,186,Implementation,Client module installation,+Mobile App,4 - Frequent / important,4,1 - Very easy,1,4,Expert_Survey_E12_MK.xlsx,Round 1
E12_MK,1,20+,3,187,Implementation,Client module installation,+Web Browser,4 - Frequent / important,4,1 - Very easy,1,4,Expert_Survey_E12_MK.xlsx,Round 1
E12_MK,1,20+,3,188,Implementation,Client module installation,API,3 - Moderate / recurring,3,4 - Difficult,4,12,Expert_Survey_E12_MK.xlsx,Round 1
E12_MK,1,20+,3,189,Implementation,Client module installation,Binaries,3 - Moderate / recurring,3,3 - Moderate,3,9,Expert_Survey_E12_MK.xlsx,Round 1
E12_MK,1,20+,3,190,Implementation,Client module installation,HTTPS Server,3 - Moderate / recurring,3,3 - Moderate,3,9,Expert_Survey_E12_MK.xlsx,Round 1
E12_MK,1,20+,3,191,Implementation,Client module installation,URL Configuration,3 - Moderate / recurring,3,3 - Moderate,3,9,Expert_Survey_E12_MK.xlsx,Round 1
E12_MK,1,20+,3,192,Implementation,Client module installation,Web Services,3 - Moderate / recurring,3,3 - Moderate,3,9,Expert_Survey_E12_MK.xlsx,Round 1
E12_MK,1,20+,3,193,Implementation,Deployment,+App Gallery,4 - Frequent / important,4,1 - Very easy,1,4,Expert_Survey_E12_MK.xlsx,Round 1
E12_MK,1,20+,3,194,Implementation,Deployment,+Software as a Service,4 - Frequent / important,4,1 - Very easy,1,4,Expert_Survey_E12_MK.xlsx,Round 1
E12_MK,1,20+,3,195,Implementation,Deployment,Application IDE,3 - Moderate / recurring,3,3 - Moderate,3,9,Expert_Survey_E12_MK.xlsx,Round 1
E12_MK,1,20+,3,196,Implementation,Deployment,CI/CD,3 - Moderate / recurring,3,3 - Moderate,3,9,Expert_Survey_E12_MK.xlsx,Round 2
E12_MK,1,20+,3,197,Implementation,Deployment,Cloud Computing,3 - Moderate / recurring,3,3 - Moderate,3,9,Expert_Survey_E12_MK.xlsx,Round 1
E12_MK,1,20+,3,198,Implementation,Deployment,Cloud Services,3 - Moderate / recurring,3,3 - Moderate,3,9,Expert_Survey_E12_MK.xlsx,Round 1
E12_MK,1,20+,3,199,Implementation,Deployment,Docker,3 - Moderate / recurring,3,3 - Moderate,3,9,Expert_Survey_E12_MK.xlsx,Round 2
E12_MK,1,20+,3,200,Implementation,Deployment,Import/Export,3 - Moderate / recurring,3,3 - Moderate,3,9,Expert_Survey_E12_MK.xlsx,Round 1
E12_MK,1,20+,3,201,Implementation,Deployment,Kubernetes,3 - Moderate / recurring,3,3 - Moderate,3,9,Expert_Survey_E12_MK.xlsx,Round 2
E12_MK,1,20+,3,202,Implementation,Deployment,On-Premise,3 - Moderate / recurring,3,3 - Moderate,3,9,Expert_Survey_E12_MK.xlsx,Round 1
E12_MK,1,20+,3,203,Implementation,Deployment,On-premises Data Gateway,3 - Moderate / recurring,3,3 - Moderate,3,9,Expert_Survey_E12_MK.xlsx,Round 1
E12_MK,1,20+,3,204,Implementation,Deployment,REST API,3 - Moderate / recurring,3,4 - Difficult,4,12,Expert_Survey_E12_MK.xlsx,Round 1
E12_MK,1,20+,3,205,Implementation,Deployment,Scripts,3 - Moderate / recurring,3,4 - Difficult,4,12,Expert_Survey_E12_MK.xlsx,Round 2
E12_MK,1,20+,3,206,Implementation,Deployment,SOAP,3 - Moderate / recurring,3,4 - Difficult,4,12,Expert_Survey_E12_MK.xlsx,Round 2
E12_MK,1,20+,3,207,Implementation,Version control,Code Repository Concept,3 - Moderate / recurring,3,3 - Moderate,3,9,Expert_Survey_E12_MK.xlsx,Round 2
E12_MK,1,20+,3,208,Implementation,Version control,Custom Version Control,2 - Occasional / peripheral,2,5 - Very difficult,5,10,Expert_Survey_E12_MK.xlsx,Round 2
E12_MK,1,20+,3,209,Implementation,Version control,Git,3 - Moderate / recurring,3,4 - Difficult,4,12,Expert_Survey_E12_MK.xlsx,Round 2
E13_MMA,1,20+,4,1,Design,Workflow model,+BPMN Process Model,4 - Frequent / important,4,2 - Easy,2,8,Expert_Survey_E13_MMA.xlsx,Round 1
E13_MMA,1,20+,4,2,Design,Workflow model,Custom Process Model,4 - Frequent / important,4,3 - Moderate,3,12,Expert_Survey_E13_MMA.xlsx,Round 2
E13_MMA,1,20+,4,3,Design,Database model,+Business Data Types,4 - Frequent / important,4,1 - Very easy,1,4,Expert_Survey_E13_MMA.xlsx,Round 1
E13_MMA,1,20+,4,4,Design,Database model,+Form-based Data,4 - Frequent / important,4,1 - Very easy,1,4,Expert_Survey_E13_MMA.xlsx,Round 1
E13_MMA,1,20+,4,5,Design,Database model,+Item-Detail,4 - Frequent / important,4,1 - Very easy,1,4,Expert_Survey_E13_MMA.xlsx,Round 1
E13_MMA,1,20+,4,6,Design,Database model,+Lookup/Drop-down,4 - Frequent / important,4,1 - Very easy,1,4,Expert_Survey_E13_MMA.xlsx,Round 1
E13_MMA,1,20+,4,7,Design,Database model,+Predefined Entities,4 - Frequent / important,4,1 - Very easy,1,4,Expert_Survey_E13_MMA.xlsx,Round 1
E13_MMA,1,20+,4,8,Design,Database model,Domain Model,4 - Frequent / important,4,3 - Moderate,3,12,Expert_Survey_E13_MMA.xlsx,Round 1
E13_MMA,1,20+,4,9,Design,Database model,Conditional Expressions,4 - Frequent / important,4,3 - Moderate,3,12,Expert_Survey_E13_MMA.xlsx,Round 1
E13_MMA,1,20+,4,10,Design,Database model,Constraints,4 - Frequent / important,4,3 - Moderate,3,12,Expert_Survey_E13_MMA.xlsx,Round 1
E13_MMA,1,20+,4,11,Design,Database model,Data Structure,4 - Frequent / important,4,3 - Moderate,3,12,Expert_Survey_E13_MMA.xlsx,Round 1
E13_MMA,1,20+,4,12,Design,Database model,IT Data Types,4 - Frequent / important,4,2 - Easy,2,8,Expert_Survey_E13_MMA.xlsx,Round 1
E13_MMA,1,20+,4,13,Design,Database model,Denormalization,2 - Occasional / peripheral,2,4 - Difficult,4,8,Expert_Survey_E13_MMA.xlsx,Round 1
E13_MMA,1,20+,4,14,Design,Database model,Entity Diagrams,3 - Moderate / recurring,3,3 - Moderate,3,9,Expert_Survey_E13_MMA.xlsx,Round 1
E13_MMA,1,20+,4,15,Design,Database model,Enumerations,4 - Frequent / important,4,2 - Easy,2,8,Expert_Survey_E13_MMA.xlsx,Round 1
E13_MMA,1,20+,4,16,Design,Database model,Expressions,4 - Frequent / important,4,3 - Moderate,3,12,Expert_Survey_E13_MMA.xlsx,Round 1
E13_MMA,1,20+,4,17,Design,Database model,Relational Database,3 - Moderate / recurring,3,4 - Difficult,4,12,Expert_Survey_E13_MMA.xlsx,Round 2
E13_MMA,1,20+,4,18,Design,Database model,XML/XPath,2 - Occasional / peripheral,2,4 - Difficult,4,8,Expert_Survey_E13_MMA.xlsx,Round 2
E13_MMA,1,20+,4,19,Design,UI model,+App templates,4 - Frequent / important,4,1 - Very easy,1,4,Expert_Survey_E13_MMA.xlsx,Round 1
E13_MMA,1,20+,4,20,Design,UI model,+Business Data Types,4 - Frequent / important,4,1 - Very easy,1,4,Expert_Survey_E13_MMA.xlsx,Round 1
E13_MMA,1,20+,4,21,Design,UI model,+Screen Templates,4 - Frequent / important,4,1 - Very easy,1,4,Expert_Survey_E13_MMA.xlsx,Round 1
E13_MMA,1,20+,4,22,Design,UI model,+UI Branding,3 - Moderate / recurring,3,2 - Easy,2,6,Expert_Survey_E13_MMA.xlsx,Round 1
E13_MMA,1,20+,4,23,Design,UI model,+View Types,4 - Frequent / important,4,2 - Easy,2,8,Expert_Survey_E13_MMA.xlsx,Round 1
E13_MMA,1,20+,4,24,Design,UI model,Expressions,4 - Frequent / important,4,3 - Moderate,3,12,Expert_Survey_E13_MMA.xlsx,Round 2
E13_MMA,1,20+,4,25,Design,UI model,IT Data Types,3 - Moderate / recurring,3,2 - Easy,2,6,Expert_Survey_E13_MMA.xlsx,Round 1
E13_MMA,1,20+,4,26,Design,UI model,Functions,4 - Frequent / important,4,3 - Moderate,3,12,Expert_Survey_E13_MMA.xlsx,Round 2
E13_MMA,1,20+,4,27,Design,UI model,Model-driven Apps,4 - Frequent / important,4,2 - Easy,2,8,Expert_Survey_E13_MMA.xlsx,Round 2
E13_MMA,1,20+,4,28,Design,UI model,Reactive Web App,3 - Moderate / recurring,3,3 - Moderate,3,9,Expert_Survey_E13_MMA.xlsx,Round 2
E13_MMA,1,20+,4,29,Design,UI model,Responsive Web Design,3 - Moderate / recurring,3,3 - Moderate,3,9,Expert_Survey_E13_MMA.xlsx,Round 2
E13_MMA,1,20+,4,30,Design,UI model,Variables,4 - Frequent / important,4,3 - Moderate,3,12,Expert_Survey_E13_MMA.xlsx,Round 1
E13_MMA,1,20+,4,31,Design,Validations,+Business Rules,5 - Essential / continuous,5,2 - Easy,2,10,Expert_Survey_E13_MMA.xlsx,Round 1
E13_MMA,1,20+,4,32,Design,Validations,+Lookup/Drop-down,4 - Frequent / important,4,1 - Very easy,1,4,Expert_Survey_E13_MMA.xlsx,Round 1
E13_MMA,1,20+,4,33,Design,Validations,Expressions,4 - Frequent / important,4,3 - Moderate,3,12,Expert_Survey_E13_MMA.xlsx,Round 1
E13_MMA,1,20+,4,34,Design,Validations,Enumerations,3 - Moderate / recurring,3,2 - Easy,2,6,Expert_Survey_E13_MMA.xlsx,Round 1
E13_MMA,1,20+,4,35,Design,Validations,JavaScript,2 - Occasional / peripheral,2,4 - Difficult,4,8,Expert_Survey_E13_MMA.xlsx,Round 2
E13_MMA,1,20+,4,36,Design,Validations,Scripts,3 - Moderate / recurring,3,3 - Moderate,3,9,Expert_Survey_E13_MMA.xlsx,Round 2
E13_MMA,1,20+,4,37,Design,Validations,Transactions,3 - Moderate / recurring,3,2 - Easy,2,6,Expert_Survey_E13_MMA.xlsx,Round 2
E13_MMA,1,20+,4,38,Design,Application logic,+Actions,3 - Moderate / recurring,3,4 - Difficult,4,12,Expert_Survey_E13_MMA.xlsx,Round 1
E13_MMA,1,20+,4,39,Design,Application logic,+Graphical actions,4 - Frequent / important,4,1 - Very easy,1,4,Expert_Survey_E13_MMA.xlsx,Round 1
E13_MMA,1,20+,4,40,Design,Application logic,+NLP,5 - Essential / continuous,5,2 - Easy,2,10,Expert_Survey_E13_MMA.xlsx,Round 1
E13_MMA,1,20+,4,41,Design,Application logic,+Custom Language,4 - Frequent / important,4,1 - Very easy,1,4,Expert_Survey_E13_MMA.xlsx,Round 1
E13_MMA,1,20+,4,42,Design,Application logic,+Predefined Tasks,5 - Essential / continuous,5,1 - Very easy,1,5,Expert_Survey_E13_MMA.xlsx,Round 1
E13_MMA,1,20+,4,43,Design,Application logic,UML,4 - Frequent / important,4,3 - Moderate,3,12,Expert_Survey_E13_MMA.xlsx,Round 2
E13_MMA,1,20+,4,44,Design,Application logic,Algorithms,4 - Frequent / important,4,1 - Very easy,1,4,Expert_Survey_E13_MMA.xlsx,Round 1
E13_MMA,1,20+,4,45,Design,Application logic,Expressions,4 - Frequent / important,4,1 - Very easy,1,4,Expert_Survey_E13_MMA.xlsx,Round 1
E13_MMA,1,20+,4,46,Design,Application logic,Control Structures,4 - Frequent / important,4,2 - Easy,2,8,Expert_Survey_E13_MMA.xlsx,Round 1
E13_MMA,1,20+,4,47,Design,Application logic,IT Data Types,4 - Frequent / important,4,3 - Moderate,3,12,Expert_Survey_E13_MMA.xlsx,Round 1
E13_MMA,1,20+,4,48,Design,Application logic,Events,5 - Essential / continuous,5,2 - Easy,2,10,Expert_Survey_E13_MMA.xlsx,Round 1
E13_MMA,1,20+,4,49,Design,Application logic,Formulas,5 - Essential / continuous,5,2 - Easy,2,10,Expert_Survey_E13_MMA.xlsx,Round 2
E13_MMA,1,20+,4,50,Design,Application logic,Functions,3 - Moderate / recurring,3,2 - Easy,2,6,Expert_Survey_E13_MMA.xlsx,Round 2
E13_MMA,1,20+,4,51,Design,Application logic,Java,2 - Occasional / peripheral,2,5 - Very difficult,5,10,Expert_Survey_E13_MMA.xlsx,Round 2
E13_MMA,1,20+,4,52,Design,Application logic,JavaScript,3 - Moderate / recurring,3,4 - Difficult,4,12,Expert_Survey_E13_MMA.xlsx,Round 2
E13_MMA,1,20+,4,53,Design,Application logic,Microservices,2 - Occasional / peripheral,2,5 - Very difficult,5,10,Expert_Survey_E13_MMA.xlsx,Round 2
E13_MMA,1,20+,4,54,Design,Application logic,SQL,3 - Moderate / recurring,3,4 - Difficult,4,12,Expert_Survey_E13_MMA.xlsx,Round 2
E13_MMA,1,20+,4,55,Design,Application logic,Variables,4 - Frequent / important,4,3 - Moderate,3,12,Expert_Survey_E13_MMA.xlsx,Round 1
E13_MMA,1,20+,4,56,Development,Workflow design and development,+BPMN Process Model,4 - Frequent / important,4,2 - Easy,2,8,Expert_Survey_E13_MMA.xlsx,Round 1
E13_MMA,1,20+,4,57,Development,Workflow design and development,Expressions,5 - Essential / continuous,5,3 - Moderate,3,15,Expert_Survey_E13_MMA.xlsx,Round 1
E13_MMA,1,20+,4,58,Development,Workflow design and development,Custom Process Model,4 - Frequent / important,4,3 - Moderate,3,12,Expert_Survey_E13_MMA.xlsx,Round 1
E13_MMA,1,20+,4,59,Development,Workflow design and development,Events,4 - Frequent / important,4,3 - Moderate,3,12,Expert_Survey_E13_MMA.xlsx,Round 1
E13_MMA,1,20+,4,60,Development,Workflow design and development,Java API,2 - Occasional / peripheral,2,5 - Very difficult,5,10,Expert_Survey_E13_MMA.xlsx,Round 2
E13_MMA,1,20+,4,61,Development,Workflow design and development,JavaScript,3 - Moderate / recurring,3,4 - Difficult,4,12,Expert_Survey_E13_MMA.xlsx,Round 2
E13_MMA,1,20+,4,62,Development,Workflow design and development,REST API,4 - Frequent / important,4,4 - Difficult,4,16,Expert_Survey_E13_MMA.xlsx,Round 1
E13_MMA,1,20+,4,63,Development,Workflow design and development,Triggers,5 - Essential / continuous,5,2 - Easy,2,10,Expert_Survey_E13_MMA.xlsx,Round 1
E13_MMA,1,20+,4,64,Development,Database design,+Business Data Types,4 - Frequent / important,4,1 - Very easy,1,4,Expert_Survey_E13_MMA.xlsx,Round 1
E13_MMA,1,20+,4,65,Development,Database design,+Custom Database Model,3 - Moderate / recurring,3,4 - Difficult,4,12,Expert_Survey_E13_MMA.xlsx,Round 1
E13_MMA,1,20+,4,66,Development,Database design,+References,4 - Frequent / important,4,3 - Moderate,3,12,Expert_Survey_E13_MMA.xlsx,Round 1
E13_MMA,1,20+,4,67,Development,Database design,+Slices,3 - Moderate / recurring,3,2 - Easy,2,6,Expert_Survey_E13_MMA.xlsx,Round 1
E13_MMA,1,20+,4,68,Development,Database design,Actions,5 - Essential / continuous,5,2 - Easy,2,10,Expert_Survey_E13_MMA.xlsx,Round 1
E13_MMA,1,20+,4,69,Development,Database design,Expressions,5 - Essential / continuous,5,3 - Moderate,3,15,Expert_Survey_E13_MMA.xlsx,Round 1
E13_MMA,1,20+,4,70,Development,Database design,Relational Database,3 - Moderate / recurring,3,4 - Difficult,4,12,Expert_Survey_E13_MMA.xlsx,Round 1
E13_MMA,1,20+,4,71,Development,Database design,Entity Diagrams,3 - Moderate / recurring,3,3 - Moderate,3,9,Expert_Survey_E13_MMA.xlsx,Round 1
E13_MMA,1,20+,4,72,Development,Database design,Functions,4 - Frequent / important,4,3 - Moderate,3,12,Expert_Survey_E13_MMA.xlsx,Round 1
E13_MMA,1,20+,4,73,Development,Database design,SQL,3 - Moderate / recurring,3,4 - Difficult,4,12,Expert_Survey_E13_MMA.xlsx,Round 1
E13_MMA,1,20+,4,74,Development,Database design,IT Data Types,4 - Frequent / important,4,2 - Easy,2,8,Expert_Survey_E13_MMA.xlsx,Round 1
E13_MMA,1,20+,4,75,Development,Database design,Web API,4 - Frequent / important,4,4 - Difficult,4,16,Expert_Survey_E13_MMA.xlsx,Round 1
E13_MMA,1,20+,4,76,Development,Fetching data,.NET,1 - Rare / avoidable,1,5 - Very difficult,5,5,Expert_Survey_E13_MMA.xlsx,Round 1
E13_MMA,1,20+,4,77,Development,Fetching data,+Cloud-based Spreadsheets,3 - Moderate / recurring,3,1 - Very easy,1,3,Expert_Survey_E13_MMA.xlsx,Round 1
E13_MMA,1,20+,4,78,Development,Fetching data,+GUI Queries,4 - Frequent / important,4,2 - Easy,2,8,Expert_Survey_E13_MMA.xlsx,Round 1
E13_MMA,1,20+,4,79,Development,Fetching data,+Human Language,4 - Frequent / important,4,1 - Very easy,1,4,Expert_Survey_E13_MMA.xlsx,Round 1
E13_MMA,1,20+,4,80,Development,Fetching data,+Integrated Data Sources,5 - Essential / continuous,5,2 - Easy,2,10,Expert_Survey_E13_MMA.xlsx,Round 1
E13_MMA,1,20+,4,81,Development,Fetching data,Cloud Services,3 - Moderate / recurring,3,3 - Moderate,3,9,Expert_Survey_E13_MMA.xlsx,Round 1
E13_MMA,1,20+,4,82,Development,Fetching data,Custom Query Language,2 - Occasional / peripheral,2,4 - Difficult,4,8,Expert_Survey_E13_MMA.xlsx,Round 1
E13_MMA,1,20+,4,83,Development,Fetching data,Data Source Integration,5 - Essential / continuous,5,4 - Difficult,4,20,Expert_Survey_E13_MMA.xlsx,Round 1
E13_MMA,1,20+,4,84,Development,Fetching data,Formulas,4 - Frequent / important,4,2 - Easy,2,8,Expert_Survey_E13_MMA.xlsx,Round 1
E13_MMA,1,20+,4,85,Development,Fetching data,Local Storage,2 - Occasional / peripheral,2,3 - Moderate,3,6,Expert_Survey_E13_MMA.xlsx,Round 1
E13_MMA,1,20+,4,86,Development,Fetching data,OAuth,2 - Occasional / peripheral,2,5 - Very difficult,5,10,Expert_Survey_E13_MMA.xlsx,Round 1
E13_MMA,1,20+,4,87,Development,Fetching data,REST API,4 - Frequent / important,4,4 - Difficult,4,16,Expert_Survey_E13_MMA.xlsx,Round 1
E13_MMA,1,20+,4,88,Development,Fetching data,SDK,2 - Occasional / peripheral,2,5 - Very difficult,5,10,Expert_Survey_E13_MMA.xlsx,Round 1
E13_MMA,1,20+,4,89,Development,Fetching data,SQL,3 - Moderate / recurring,3,4 - Difficult,4,12,Expert_Survey_E13_MMA.xlsx,Round 1
E13_MMA,1,20+,4,90,Development,Fetching data,URL,3 - Moderate / recurring,3,1 - Very easy,1,3,Expert_Survey_E13_MMA.xlsx,Round 1
E13_MMA,1,20+,4,91,Development,Fetching data,Web API,4 - Frequent / important,4,4 - Difficult,4,16,Expert_Survey_E13_MMA.xlsx,Round 1
E13_MMA,1,20+,4,92,Development,GUI design and development,+AI Support,3 - Moderate / recurring,3,1 - Very easy,1,3,Expert_Survey_E13_MMA.xlsx,Round 1
E13_MMA,1,20+,4,93,Development,GUI design and development,+Business Data Types,4 - Frequent / important,4,1 - Very easy,1,4,Expert_Survey_E13_MMA.xlsx,Round 1
E13_MMA,1,20+,4,94,Development,GUI design and development,+Conditional Formatting,3 - Moderate / recurring,3,2 - Easy,2,6,Expert_Survey_E13_MMA.xlsx,Round 1
E13_MMA,1,20+,4,95,Development,GUI design and development,+GUI Style Editor,4 - Frequent / important,4,1 - Very easy,1,4,Expert_Survey_E13_MMA.xlsx,Round 1
E13_MMA,1,20+,4,96,Development,GUI design and development,+Templatized Formulas,4 - Frequent / important,4,2 - Easy,2,8,Expert_Survey_E13_MMA.xlsx,Round 1
E13_MMA,1,20+,4,97,Development,GUI design and development,+UI Branding,3 - Moderate / recurring,3,2 - Easy,2,6,Expert_Survey_E13_MMA.xlsx,Round 1
E13_MMA,1,20+,4,98,Development,GUI design and development,+View Types,4 - Frequent / important,4,2 - Easy,2,8,Expert_Survey_E13_MMA.xlsx,Round 1
E13_MMA,1,20+,4,99,Development,GUI design and development,+WYSIWYG,4 - Frequent / important,4,1 - Very easy,1,4,Expert_Survey_E13_MMA.xlsx,Round 1
E13_MMA,1,20+,4,100,Development,GUI design and development,CSS/SCSS,2 - Occasional / peripheral,2,4 - Difficult,4,8,Expert_Survey_E13_MMA.xlsx,Round 1
E13_MMA,1,20+,4,101,Development,GUI design and development,Event Propagation,3 - Moderate / recurring,3,3 - Moderate,3,9,Expert_Survey_E13_MMA.xlsx,Round 1
E13_MMA,1,20+,4,102,Development,GUI design and development,Responsive Web Design,4 - Frequent / important,4,1 - Very easy,1,4,Expert_Survey_E13_MMA.xlsx,Round 1
E13_MMA,1,20+,4,103,Development,GUI design and development,HTML,5 - Essential / continuous,5,2 - Easy,2,10,Expert_Survey_E13_MMA.xlsx,Round 1
E13_MMA,1,20+,4,104,Development,GUI design and development,IT Data Types,5 - Essential / continuous,5,1 - Very easy,1,5,Expert_Survey_E13_MMA.xlsx,Round 1
E13_MMA,1,20+,4,105,Development,GUI design and development,JavaScript,3 - Moderate / recurring,3,3 - Moderate,3,9,Expert_Survey_E13_MMA.xlsx,Round 1
E13_MMA,1,20+,4,106,Development,GUI design and development,Master Detail,4 - Frequent / important,4,1 - Very easy,1,4,Expert_Survey_E13_MMA.xlsx,Round 1
E13_MMA,1,20+,4,107,Development,GUI design and development,Programming Functions,3 - Moderate / recurring,3,2 - Easy,2,6,Expert_Survey_E13_MMA.xlsx,Round 2
E13_MMA,1,20+,4,108,Development,GUI design and development,Scripts,4 - Frequent / important,4,3 - Moderate,3,12,Expert_Survey_E13_MMA.xlsx,Round 1
E13_MMA,1,20+,4,109,Development,GUI design and development,Snippets,4 - Frequent / important,4,2 - Easy,2,8,Expert_Survey_E13_MMA.xlsx,Round 1
E13_MMA,1,20+,4,110,Development,GUI design and development,Variables,5 - Essential / continuous,5,2 - Easy,2,10,Expert_Survey_E13_MMA.xlsx,Round 1
E13_MMA,1,20+,4,111,Development,GUI design and development,XML,3 - Moderate / recurring,3,1 - Very easy,1,3,Expert_Survey_E13_MMA.xlsx,Round 2
E13_MMA,1,20+,4,112,Development,Data validation development,+Business Rules,3 - Moderate / recurring,3,4 - Difficult,4,12,Expert_Survey_E13_MMA.xlsx,Round 1
E13_MMA,1,20+,4,113,Development,Data validation development,+Column Expressions,5 - Essential / continuous,5,2 - Easy,2,10,Expert_Survey_E13_MMA.xlsx,Round 1
E13_MMA,1,20+,4,114,Development,Data validation development,Expressions,4 - Frequent / important,4,3 - Moderate,3,12,Expert_Survey_E13_MMA.xlsx,Round 1
E13_MMA,1,20+,4,115,Development,Data validation development,Data Fields,4 - Frequent / important,4,4 - Difficult,4,16,Expert_Survey_E13_MMA.xlsx,Round 2
E13_MMA,1,20+,4,116,Development,Data validation development,Domain Model,5 - Essential / continuous,5,3 - Moderate,3,15,Expert_Survey_E13_MMA.xlsx,Round 2
E13_MMA,1,20+,4,117,Development,Data validation development,Scripts,4 - Frequent / important,4,3 - Moderate,3,12,Expert_Survey_E13_MMA.xlsx,Round 1
E13_MMA,1,20+,4,118,Development,Actions design and development,+AI Assisted Development,4 - Frequent / important,4,3 - Moderate,3,12,Expert_Survey_E13_MMA.xlsx,Round 1
E13_MMA,1,20+,4,119,Development,Actions design and development,+Automations,5 - Essential / continuous,5,2 - Easy,2,10,Expert_Survey_E13_MMA.xlsx,Round 1
E13_MMA,1,20+,4,120,Development,Actions design and development,+Built-in Connectors,4 - Frequent / important,4,3 - Moderate,3,12,Expert_Survey_E13_MMA.xlsx,Round 1
E13_MMA,1,20+,4,121,Development,Actions design and development,API,5 - Essential / continuous,5,2 - Easy,2,10,Expert_Survey_E13_MMA.xlsx,Round 1
E13_MMA,1,20+,4,122,Development,Actions design and development,Expressions,5 - Essential / continuous,5,2 - Easy,2,10,Expert_Survey_E13_MMA.xlsx,Round 1
E13_MMA,1,20+,4,123,Development,Actions design and development,Functions,3 - Moderate / recurring,3,2 - Easy,2,6,Expert_Survey_E13_MMA.xlsx,Round 2
E13_MMA,1,20+,4,124,Development,Actions design and development,Java,4 - Frequent / important,4,4 - Difficult,4,16,Expert_Survey_E13_MMA.xlsx,Round 2
E13_MMA,1,20+,4,125,Development,Actions design and development,JavaScript,2 - Occasional / peripheral,2,5 - Very difficult,5,10,Expert_Survey_E13_MMA.xlsx,Round 2
E13_MMA,1,20+,4,126,Development,Actions design and development,Object Model,4 - Frequent / important,4,3 - Moderate,3,12,Expert_Survey_E13_MMA.xlsx,Round 1
E13_MMA,1,20+,4,127,Development,Actions design and development,Scripts,4 - Frequent / important,4,3 - Moderate,3,12,Expert_Survey_E13_MMA.xlsx,Round 1
E13_MMA,1,20+,4,128,Development,Actions design and development,SOAP,3 - Moderate / recurring,3,4 - Difficult,4,12,Expert_Survey_E13_MMA.xlsx,Round 1
E13_MMA,1,20+,4,129,Development,Programming,.NET,4 - Frequent / important,4,3 - Moderate,3,12,Expert_Survey_E13_MMA.xlsx,Round 1
E13_MMA,1,20+,4,130,Development,Programming,+Visual Programming,3 - Moderate / recurring,3,4 - Difficult,4,12,Expert_Survey_E13_MMA.xlsx,Round 1
E13_MMA,1,20+,4,131,Development,Programming,Expressions,5 - Essential / continuous,5,3 - Moderate,3,15,Expert_Survey_E13_MMA.xlsx,Round 2
E13_MMA,1,20+,4,132,Development,Programming,CLI,4 - Frequent / important,4,4 - Difficult,4,16,Expert_Survey_E13_MMA.xlsx,Round 1
E13_MMA,1,20+,4,133,Development,Programming,IT Data Types,4 - Frequent / important,4,4 - Difficult,4,16,Expert_Survey_E13_MMA.xlsx,Round 1
E13_MMA,1,20+,4,134,Development,Programming,Eclipse,3 - Moderate / recurring,3,4 - Difficult,4,12,Expert_Survey_E13_MMA.xlsx,Round 1
E13_MMA,1,20+,4,135,Development,Programming,Emulators,2 - Occasional / peripheral,2,5 - Very difficult,5,10,Expert_Survey_E13_MMA.xlsx,Round 1
E13_MMA,1,20+,4,136,Development,Programming,Entity Types,5 - Essential / continuous,5,3 - Moderate,3,15,Expert_Survey_E13_MMA.xlsx,Round 1
E13_MMA,1,20+,4,137,Development,Programming,Enumerations,2 - Occasional / peripheral,2,5 - Very difficult,5,10,Expert_Survey_E13_MMA.xlsx,Round 1
E13_MMA,1,20+,4,138,Development,Programming,Functions,5 - Essential / continuous,5,2 - Easy,2,10,Expert_Survey_E13_MMA.xlsx,Round 1
E13_MMA,1,20+,4,139,Development,Programming,HTML,3 - Moderate / recurring,3,3 - Moderate,3,9,Expert_Survey_E13_MMA.xlsx,Round 1
E13_MMA,1,20+,4,140,Development,Programming,SDK/IDE,3 - Moderate / recurring,3,4 - Difficult,4,12,Expert_Survey_E13_MMA.xlsx,Round 1
E13_MMA,1,20+,4,141,Development,Programming,Iteration Statements,4 - Frequent / important,4,2 - Easy,2,8,Expert_Survey_E13_MMA.xlsx,Round 1
E13_MMA,1,20+,4,142,Development,Programming,Java,3 - Moderate / recurring,3,3 - Moderate,3,9,Expert_Survey_E13_MMA.xlsx,Round 1
E13_MMA,1,20+,4,143,Development,Programming,Java API,4 - Frequent / important,4,2 - Easy,2,8,Expert_Survey_E13_MMA.xlsx,Round 1
E13_MMA,1,20+,4,144,Development,Programming,JavaScript,3 - Moderate / recurring,3,2 - Easy,2,6,Expert_Survey_E13_MMA.xlsx,Round 1
E13_MMA,1,20+,4,145,Development,Programming,JSON,4 - Frequent / important,4,3 - Moderate,3,12,Expert_Survey_E13_MMA.xlsx,Round 1
E13_MMA,1,20+,4,146,Development,Programming,Markup Language,4 - Frequent / important,4,2 - Easy,2,8,Expert_Survey_E13_MMA.xlsx,Round 1
E13_MMA,1,20+,4,147,Development,Programming,Metadata,3 - Moderate / recurring,3,2 - Easy,2,6,Expert_Survey_E13_MMA.xlsx,Round 1
E13_MMA,1,20+,4,148,Development,Programming,Native Mobile App,4 - Frequent / important,4,2 - Easy,2,8,Expert_Survey_E13_MMA.xlsx,Round 1
E13_MMA,1,20+,4,149,Development,Programming,node.js,3 - Moderate / recurring,3,3 - Moderate,3,9,Expert_Survey_E13_MMA.xlsx,Round 2
E13_MMA,1,20+,4,150,Development,Programming,PWA,3 - Moderate / recurring,3,3 - Moderate,3,9,Expert_Survey_E13_MMA.xlsx,Round 1
E13_MMA,1,20+,4,151,Development,Programming,Query Functions,3 - Moderate / recurring,3,4 - Difficult,4,12,Expert_Survey_E13_MMA.xlsx,Round 1
E13_MMA,1,20+,4,152,Development,Programming,Scripts,3 - Moderate / recurring,3,3 - Moderate,3,9,Expert_Survey_E13_MMA.xlsx,Round 1
E13_MMA,1,20+,4,153,Development,Programming,Snippets,5 - Essential / continuous,5,4 - Difficult,4,20,Expert_Survey_E13_MMA.xlsx,Round 1
E13_MMA,1,20+,4,154,Development,Programming,TypeScript,3 - Moderate / recurring,3,4 - Difficult,4,12,Expert_Survey_E13_MMA.xlsx,Round 1
E13_MMA,1,20+,4,155,Development,Programming,Web API,5 - Essential / continuous,5,2 - Easy,2,10,Expert_Survey_E13_MMA.xlsx,Round 1
E13_MMA,1,20+,4,156,Development,Programming,XML,2 - Occasional / peripheral,2,5 - Very difficult,5,10,Expert_Survey_E13_MMA.xlsx,Round 1
E13_MMA,1,20+,4,157,Implementation,Runtime server installation,+Cloud Based Environment,4 - Frequent / important,4,4 - Difficult,4,16,Expert_Survey_E13_MMA.xlsx,Round 2
E13_MMA,1,20+,4,158,Implementation,Runtime server installation,API,2 - Occasional / peripheral,2,5 - Very difficult,5,10,Expert_Survey_E13_MMA.xlsx,Round 1
E13_MMA,1,20+,4,159,Implementation,Runtime server installation,Compiler Service,4 - Frequent / important,4,4 - Difficult,4,16,Expert_Survey_E13_MMA.xlsx,Round 1
E13_MMA,1,20+,4,160,Implementation,Runtime server installation,Database Synchronization,5 - Essential / continuous,5,2 - Easy,2,10,Expert_Survey_E13_MMA.xlsx,Round 1
E13_MMA,1,20+,4,161,Implementation,Runtime server installation,Deployment Controller Service,5 - Essential / continuous,5,2 - Easy,2,10,Expert_Survey_E13_MMA.xlsx,Round 1
E13_MMA,1,20+,4,162,Implementation,Runtime server installation,Email Server (SMTP),4 - Frequent / important,4,3 - Moderate,3,12,Expert_Survey_E13_MMA.xlsx,Round 1
E13_MMA,1,20+,4,163,Implementation,Runtime server installation,File Storage,5 - Essential / continuous,5,2 - Easy,2,10,Expert_Survey_E13_MMA.xlsx,Round 1
E13_MMA,1,20+,4,164,Implementation,Runtime server installation,HTTPS Server,5 - Essential / continuous,5,3 - Moderate,3,15,Expert_Survey_E13_MMA.xlsx,Round 2
E13_MMA,1,20+,4,165,Implementation,Runtime server installation,Java,4 - Frequent / important,4,3 - Moderate,3,12,Expert_Survey_E13_MMA.xlsx,Round 2
E13_MMA,1,20+,4,166,Implementation,Runtime server installation,Load Balancing,4 - Frequent / important,4,1 - Very easy,1,4,Expert_Survey_E13_MMA.xlsx,Round 1
E13_MMA,1,20+,4,167,Implementation,Runtime server installation,Log Service,4 - Frequent / important,4,3 - Moderate,3,12,Expert_Survey_E13_MMA.xlsx,Round 1
E13_MMA,1,20+,4,168,Implementation,Runtime server installation,Mobile App,5 - Essential / continuous,5,2 - Easy,2,10,Expert_Survey_E13_MMA.xlsx,Round 1
E13_MMA,1,20+,4,169,Implementation,Runtime server installation,OQL,4 - Frequent / important,4,3 - Moderate,3,12,Expert_Survey_E13_MMA.xlsx,Round 1
E13_MMA,1,20+,4,170,Implementation,Runtime server installation,Proxy server,5 - Essential / continuous,5,2 - Easy,2,10,Expert_Survey_E13_MMA.xlsx,Round 1
E13_MMA,1,20+,4,171,Implementation,Runtime server installation,Relational Database,5 - Essential / continuous,5,2 - Easy,2,10,Expert_Survey_E13_MMA.xlsx,Round 2
E13_MMA,1,20+,4,172,Implementation,Runtime server installation,REST API,5 - Essential / continuous,5,3 - Moderate,3,15,Expert_Survey_E13_MMA.xlsx,Round 1
E13_MMA,1,20+,4,173,Implementation,Runtime server installation,SAML Authentication,3 - Moderate / recurring,3,3 - Moderate,3,9,Expert_Survey_E13_MMA.xlsx,Round 2
E13_MMA,1,20+,4,174,Implementation,Runtime server installation,Scheduler Service,4 - Frequent / important,4,4 - Difficult,4,16,Expert_Survey_E13_MMA.xlsx,Round 1
E13_MMA,1,20+,4,175,Implementation,Runtime server installation,Shared Libraries,4 - Frequent / important,4,4 - Difficult,4,16,Expert_Survey_E13_MMA.xlsx,Round 1
E13_MMA,1,20+,4,176,Implementation,Runtime server installation,SOAP,3 - Moderate / recurring,3,4 - Difficult,4,12,Expert_Survey_E13_MMA.xlsx,Round 2
E13_MMA,1,20+,4,177,Implementation,Runtime server installation,SSL Certificates,3 - Moderate / recurring,3,4 - Difficult,4,12,Expert_Survey_E13_MMA.xlsx,Round 1
E13_MMA,1,20+,4,178,Implementation,Runtime server installation,Swagger,3 - Moderate / recurring,3,4 - Difficult,4,12,Expert_Survey_E13_MMA.xlsx,Round 1
E13_MMA,1,20+,4,179,Implementation,Runtime server installation,WSDL,5 - Essential / continuous,5,3 - Moderate,3,15,Expert_Survey_E13_MMA.xlsx,Round 1
E13_MMA,1,20+,4,180,Implementation,Runtime server installation,XML/XPath,5 - Essential / continuous,5,2 - Easy,2,10,Expert_Survey_E13_MMA.xlsx,Round 2
E13_MMA,1,20+,4,181,Implementation,Database installation,+Embedded Database,4 - Frequent / important,4,2 - Easy,2,8,Expert_Survey_E13_MMA.xlsx,Round 1
E13_MMA,1,20+,4,182,Implementation,Database installation,File Storage,3 - Moderate / recurring,3,3 - Moderate,3,9,Expert_Survey_E13_MMA.xlsx,Round 1
E13_MMA,1,20+,4,183,Implementation,Database installation,Relational Database,4 - Frequent / important,4,2 - Easy,2,8,Expert_Survey_E13_MMA.xlsx,Round 2
E13_MMA,1,20+,4,184,Implementation,Database installation,REST API,3 - Moderate / recurring,3,3 - Moderate,3,9,Expert_Survey_E13_MMA.xlsx,Round 1
E13_MMA,1,20+,4,185,Implementation,Client module installation,.NET Framework,3 - Moderate / recurring,3,2 - Easy,2,6,Expert_Survey_E13_MMA.xlsx,Round 2
E13_MMA,1,20+,4,186,Implementation,Client module installation,+Mobile App,4 - Frequent / important,4,3 - Moderate,3,12,Expert_Survey_E13_MMA.xlsx,Round 1
E13_MMA,1,20+,4,187,Implementation,Client module installation,+Web Browser,3 - Moderate / recurring,3,3 - Moderate,3,9,Expert_Survey_E13_MMA.xlsx,Round 1
E13_MMA,1,20+,4,188,Implementation,Client module installation,API,4 - Frequent / important,4,2 - Easy,2,8,Expert_Survey_E13_MMA.xlsx,Round 1
E13_MMA,1,20+,4,189,Implementation,Client module installation,Binaries,3 - Moderate / recurring,3,2 - Easy,2,6,Expert_Survey_E13_MMA.xlsx,Round 1
E13_MMA,1,20+,4,190,Implementation,Client module installation,HTTPS Server,4 - Frequent / important,4,2 - Easy,2,8,Expert_Survey_E13_MMA.xlsx,Round 1
E13_MMA,1,20+,4,191,Implementation,Client module installation,URL Configuration,3 - Moderate / recurring,3,2 - Easy,2,6,Expert_Survey_E13_MMA.xlsx,Round 1
E13_MMA,1,20+,4,192,Implementation,Client module installation,Web Services,4 - Frequent / important,4,4 - Difficult,4,16,Expert_Survey_E13_MMA.xlsx,Round 1
E13_MMA,1,20+,4,193,Implementation,Deployment,+App Gallery,3 - Moderate / recurring,3,4 - Difficult,4,12,Expert_Survey_E13_MMA.xlsx,Round 1
E13_MMA,1,20+,4,194,Implementation,Deployment,+Software as a Service,3 - Moderate / recurring,3,4 - Difficult,4,12,Expert_Survey_E13_MMA.xlsx,Round 1
E13_MMA,1,20+,4,195,Implementation,Deployment,Application IDE,2 - Occasional / peripheral,2,5 - Very difficult,5,10,Expert_Survey_E13_MMA.xlsx,Round 1
E13_MMA,1,20+,4,196,Implementation,Deployment,CI/CD,4 - Frequent / important,4,4 - Difficult,4,16,Expert_Survey_E13_MMA.xlsx,Round 2
E13_MMA,1,20+,4,197,Implementation,Deployment,Cloud Computing,4 - Frequent / important,4,3 - Moderate,3,12,Expert_Survey_E13_MMA.xlsx,Round 1
E13_MMA,1,20+,4,198,Implementation,Deployment,Cloud Services,4 - Frequent / important,4,3 - Moderate,3,12,Expert_Survey_E13_MMA.xlsx,Round 1
E13_MMA,1,20+,4,199,Implementation,Deployment,Docker,3 - Moderate / recurring,3,4 - Difficult,4,12,Expert_Survey_E13_MMA.xlsx,Round 2
E13_MMA,1,20+,4,200,Implementation,Deployment,Import/Export,4 - Frequent / important,4,3 - Moderate,3,12,Expert_Survey_E13_MMA.xlsx,Round 1
E13_MMA,1,20+,4,201,Implementation,Deployment,Kubernetes,4 - Frequent / important,4,3 - Moderate,3,12,Expert_Survey_E13_MMA.xlsx,Round 2
E13_MMA,1,20+,4,202,Implementation,Deployment,On-Premise,4 - Frequent / important,4,2 - Easy,2,8,Expert_Survey_E13_MMA.xlsx,Round 1
E13_MMA,1,20+,4,203,Implementation,Deployment,On-premises Data Gateway,5 - Essential / continuous,5,2 - Easy,2,10,Expert_Survey_E13_MMA.xlsx,Round 1
E13_MMA,1,20+,4,204,Implementation,Deployment,REST API,4 - Frequent / important,4,3 - Moderate,3,12,Expert_Survey_E13_MMA.xlsx,Round 1
E13_MMA,1,20+,4,205,Implementation,Deployment,Scripts,3 - Moderate / recurring,3,3 - Moderate,3,9,Expert_Survey_E13_MMA.xlsx,Round 2
E13_MMA,1,20+,4,206,Implementation,Deployment,SOAP,5 - Essential / continuous,5,2 - Easy,2,10,Expert_Survey_E13_MMA.xlsx,Round 2
E13_MMA,1,20+,4,207,Implementation,Version control,Code Repository Concept,5 - Essential / continuous,5,1 - Very easy,1,5,Expert_Survey_E13_MMA.xlsx,Round 2
E13_MMA,1,20+,4,208,Implementation,Version control,Custom Version Control,4 - Frequent / important,4,3 - Moderate,3,12,Expert_Survey_E13_MMA.xlsx,Round 2
E13_MMA,1,20+,4,209,Implementation,Version control,Git,5 - Essential / continuous,5,2 - Easy,2,10,Expert_Survey_E13_MMA.xlsx,Round 2
E14_PMA,1,20+,4,1,Design,Workflow model,+BPMN Process Model,4 - Frequent / important,4,2 - Easy,2,8,Expert_Survey_E14_PMA.xlsx,Round 1
E14_PMA,1,20+,4,2,Design,Workflow model,Custom Process Model,5 - Essential / continuous,5,4 - Difficult,4,20,Expert_Survey_E14_PMA.xlsx,Round 2
E14_PMA,1,20+,4,3,Design,Database model,+Business Data Types,3 - Moderate / recurring,3,1 - Very easy,1,3,Expert_Survey_E14_PMA.xlsx,Round 1
E14_PMA,1,20+,4,4,Design,Database model,+Form-based Data,3 - Moderate / recurring,3,2 - Easy,2,6,Expert_Survey_E14_PMA.xlsx,Round 1
E14_PMA,1,20+,4,5,Design,Database model,+Item-Detail,2 - Occasional / peripheral,2,3 - Moderate,3,6,Expert_Survey_E14_PMA.xlsx,Round 1
E14_PMA,1,20+,4,6,Design,Database model,+Lookup/Drop-down,2 - Occasional / peripheral,2,3 - Moderate,3,6,Expert_Survey_E14_PMA.xlsx,Round 1
E14_PMA,1,20+,4,7,Design,Database model,+Predefined Entities,2 - Occasional / peripheral,2,1 - Very easy,1,2,Expert_Survey_E14_PMA.xlsx,Round 1
E14_PMA,1,20+,4,8,Design,Database model,Domain Model,4 - Frequent / important,4,4 - Difficult,4,16,Expert_Survey_E14_PMA.xlsx,Round 1
E14_PMA,1,20+,4,9,Design,Database model,Conditional Expressions,5 - Essential / continuous,5,2 - Easy,2,10,Expert_Survey_E14_PMA.xlsx,Round 1
E14_PMA,1,20+,4,10,Design,Database model,Constraints,5 - Essential / continuous,5,3 - Moderate,3,15,Expert_Survey_E14_PMA.xlsx,Round 1
E14_PMA,1,20+,4,11,Design,Database model,Data Structure,4 - Frequent / important,4,3 - Moderate,3,12,Expert_Survey_E14_PMA.xlsx,Round 1
E14_PMA,1,20+,4,12,Design,Database model,IT Data Types,2 - Occasional / peripheral,2,4 - Difficult,4,8,Expert_Survey_E14_PMA.xlsx,Round 1
E14_PMA,1,20+,4,13,Design,Database model,Denormalization,2 - Occasional / peripheral,2,5 - Very difficult,5,10,Expert_Survey_E14_PMA.xlsx,Round 1
E14_PMA,1,20+,4,14,Design,Database model,Entity Diagrams,4 - Frequent / important,4,2 - Easy,2,8,Expert_Survey_E14_PMA.xlsx,Round 1
E14_PMA,1,20+,4,15,Design,Database model,Enumerations,4 - Frequent / important,4,5 - Very difficult,5,20,Expert_Survey_E14_PMA.xlsx,Round 1
E14_PMA,1,20+,4,16,Design,Database model,Expressions,3 - Moderate / recurring,3,5 - Very difficult,5,15,Expert_Survey_E14_PMA.xlsx,Round 1
E14_PMA,1,20+,4,17,Design,Database model,Relational Database,3 - Moderate / recurring,3,2 - Easy,2,6,Expert_Survey_E14_PMA.xlsx,Round 2
E14_PMA,1,20+,4,18,Design,Database model,XML/XPath,4 - Frequent / important,4,4 - Difficult,4,16,Expert_Survey_E14_PMA.xlsx,Round 2
E14_PMA,1,20+,4,19,Design,UI model,+App templates,3 - Moderate / recurring,3,2 - Easy,2,6,Expert_Survey_E14_PMA.xlsx,Round 1
E14_PMA,1,20+,4,20,Design,UI model,+Business Data Types,2 - Occasional / peripheral,2,2 - Easy,2,4,Expert_Survey_E14_PMA.xlsx,Round 1
E14_PMA,1,20+,4,21,Design,UI model,+Screen Templates,3 - Moderate / recurring,3,2 - Easy,2,6,Expert_Survey_E14_PMA.xlsx,Round 1
E14_PMA,1,20+,4,22,Design,UI model,+UI Branding,2 - Occasional / peripheral,2,2 - Easy,2,4,Expert_Survey_E14_PMA.xlsx,Round 1
E14_PMA,1,20+,4,23,Design,UI model,+View Types,4 - Frequent / important,4,1 - Very easy,1,4,Expert_Survey_E14_PMA.xlsx,Round 1
E14_PMA,1,20+,4,24,Design,UI model,Expressions,5 - Essential / continuous,5,5 - Very difficult,5,25,Expert_Survey_E14_PMA.xlsx,Round 2
E14_PMA,1,20+,4,25,Design,UI model,IT Data Types,5 - Essential / continuous,5,2 - Easy,2,10,Expert_Survey_E14_PMA.xlsx,Round 1
E14_PMA,1,20+,4,26,Design,UI model,Functions,4 - Frequent / important,4,5 - Very difficult,5,20,Expert_Survey_E14_PMA.xlsx,Round 2
E14_PMA,1,20+,4,27,Design,UI model,Model-driven Apps,5 - Essential / continuous,5,5 - Very difficult,5,25,Expert_Survey_E14_PMA.xlsx,Round 2
E14_PMA,1,20+,4,28,Design,UI model,Reactive Web App,5 - Essential / continuous,5,5 - Very difficult,5,25,Expert_Survey_E14_PMA.xlsx,Round 2
E14_PMA,1,20+,4,29,Design,UI model,Responsive Web Design,5 - Essential / continuous,5,5 - Very difficult,5,25,Expert_Survey_E14_PMA.xlsx,Round 2
E14_PMA,1,20+,4,30,Design,UI model,Variables,5 - Essential / continuous,5,2 - Easy,2,10,Expert_Survey_E14_PMA.xlsx,Round 1
E14_PMA,1,20+,4,31,Design,Validations,+Business Rules,4 - Frequent / important,4,4 - Difficult,4,16,Expert_Survey_E14_PMA.xlsx,Round 1
E14_PMA,1,20+,4,32,Design,Validations,+Lookup/Drop-down,5 - Essential / continuous,5,3 - Moderate,3,15,Expert_Survey_E14_PMA.xlsx,Round 1
E14_PMA,1,20+,4,33,Design,Validations,Expressions,5 - Essential / continuous,5,5 - Very difficult,5,25,Expert_Survey_E14_PMA.xlsx,Round 1
E14_PMA,1,20+,4,34,Design,Validations,Enumerations,3 - Moderate / recurring,3,3 - Moderate,3,9,Expert_Survey_E14_PMA.xlsx,Round 1
E14_PMA,1,20+,4,35,Design,Validations,JavaScript,3 - Moderate / recurring,3,5 - Very difficult,5,15,Expert_Survey_E14_PMA.xlsx,Round 2
E14_PMA,1,20+,4,36,Design,Validations,Scripts,4 - Frequent / important,4,5 - Very difficult,5,20,Expert_Survey_E14_PMA.xlsx,Round 2
E14_PMA,1,20+,4,37,Design,Validations,Transactions,5 - Essential / continuous,5,4 - Difficult,4,20,Expert_Survey_E14_PMA.xlsx,Round 2
E14_PMA,1,20+,4,38,Design,Application logic,+Actions,3 - Moderate / recurring,3,4 - Difficult,4,12,Expert_Survey_E14_PMA.xlsx,Round 1
E14_PMA,1,20+,4,39,Design,Application logic,+Graphical actions,4 - Frequent / important,4,3 - Moderate,3,12,Expert_Survey_E14_PMA.xlsx,Round 1
E14_PMA,1,20+,4,40,Design,Application logic,+NLP,3 - Moderate / recurring,3,3 - Moderate,3,9,Expert_Survey_E14_PMA.xlsx,Round 1
E14_PMA,1,20+,4,41,Design,Application logic,+Custom Language,4 - Frequent / important,4,3 - Moderate,3,12,Expert_Survey_E14_PMA.xlsx,Round 1
E14_PMA,1,20+,4,42,Design,Application logic,+Predefined Tasks,4 - Frequent / important,4,2 - Easy,2,8,Expert_Survey_E14_PMA.xlsx,Round 1
E14_PMA,1,20+,4,43,Design,Application logic,UML,5 - Essential / continuous,5,5 - Very difficult,5,25,Expert_Survey_E14_PMA.xlsx,Round 2
E14_PMA,1,20+,4,44,Design,Application logic,Algorithms,4 - Frequent / important,4,3 - Moderate,3,12,Expert_Survey_E14_PMA.xlsx,Round 1
E14_PMA,1,20+,4,45,Design,Application logic,Expressions,5 - Essential / continuous,5,1 - Very easy,1,5,Expert_Survey_E14_PMA.xlsx,Round 1
E14_PMA,1,20+,4,46,Design,Application logic,Control Structures,4 - Frequent / important,4,3 - Moderate,3,12,Expert_Survey_E14_PMA.xlsx,Round 1
E14_PMA,1,20+,4,47,Design,Application logic,IT Data Types,5 - Essential / continuous,5,3 - Moderate,3,15,Expert_Survey_E14_PMA.xlsx,Round 1
E14_PMA,1,20+,4,48,Design,Application logic,Events,4 - Frequent / important,4,2 - Easy,2,8,Expert_Survey_E14_PMA.xlsx,Round 1
E14_PMA,1,20+,4,49,Design,Application logic,Formulas,5 - Essential / continuous,5,4 - Difficult,4,20,Expert_Survey_E14_PMA.xlsx,Round 2
E14_PMA,1,20+,4,50,Design,Application logic,Functions,5 - Essential / continuous,5,5 - Very difficult,5,25,Expert_Survey_E14_PMA.xlsx,Round 2
E14_PMA,1,20+,4,51,Design,Application logic,Java,4 - Frequent / important,4,5 - Very difficult,5,20,Expert_Survey_E14_PMA.xlsx,Round 2
E14_PMA,1,20+,4,52,Design,Application logic,JavaScript,3 - Moderate / recurring,3,5 - Very difficult,5,15,Expert_Survey_E14_PMA.xlsx,Round 2
E14_PMA,1,20+,4,53,Design,Application logic,Microservices,4 - Frequent / important,4,5 - Very difficult,5,20,Expert_Survey_E14_PMA.xlsx,Round 2
E14_PMA,1,20+,4,54,Design,Application logic,SQL,5 - Essential / continuous,5,5 - Very difficult,5,25,Expert_Survey_E14_PMA.xlsx,Round 2
E14_PMA,1,20+,4,55,Design,Application logic,Variables,5 - Essential / continuous,5,2 - Easy,2,10,Expert_Survey_E14_PMA.xlsx,Round 1
E14_PMA,1,20+,4,56,Development,Workflow design and development,+BPMN Process Model,3 - Moderate / recurring,3,4 - Difficult,4,12,Expert_Survey_E14_PMA.xlsx,Round 1
E14_PMA,1,20+,4,57,Development,Workflow design and development,Expressions,4 - Frequent / important,4,3 - Moderate,3,12,Expert_Survey_E14_PMA.xlsx,Round 1
E14_PMA,1,20+,4,58,Development,Workflow design and development,Custom Process Model,4 - Frequent / important,4,5 - Very difficult,5,20,Expert_Survey_E14_PMA.xlsx,Round 1
E14_PMA,1,20+,4,59,Development,Workflow design and development,Events,3 - Moderate / recurring,3,2 - Easy,2,6,Expert_Survey_E14_PMA.xlsx,Round 1
E14_PMA,1,20+,4,60,Development,Workflow design and development,Java API,4 - Frequent / important,4,5 - Very difficult,5,20,Expert_Survey_E14_PMA.xlsx,Round 2
E14_PMA,1,20+,4,61,Development,Workflow design and development,JavaScript,4 - Frequent / important,4,5 - Very difficult,5,20,Expert_Survey_E14_PMA.xlsx,Round 2
E14_PMA,1,20+,4,62,Development,Workflow design and development,REST API,4 - Frequent / important,4,5 - Very difficult,5,20,Expert_Survey_E14_PMA.xlsx,Round 1
E14_PMA,1,20+,4,63,Development,Workflow design and development,Triggers,4 - Frequent / important,4,3 - Moderate,3,12,Expert_Survey_E14_PMA.xlsx,Round 1
E14_PMA,1,20+,4,64,Development,Database design,+Business Data Types,5 - Essential / continuous,5,3 - Moderate,3,15,Expert_Survey_E14_PMA.xlsx,Round 1
E14_PMA,1,20+,4,65,Development,Database design,+Custom Database Model,5 - Essential / continuous,5,2 - Easy,2,10,Expert_Survey_E14_PMA.xlsx,Round 1
E14_PMA,1,20+,4,66,Development,Database design,+References,5 - Essential / continuous,5,2 - Easy,2,10,Expert_Survey_E14_PMA.xlsx,Round 1
E14_PMA,1,20+,4,67,Development,Database design,+Slices,4 - Frequent / important,4,2 - Easy,2,8,Expert_Survey_E14_PMA.xlsx,Round 1
E14_PMA,1,20+,4,68,Development,Database design,Actions,4 - Frequent / important,4,3 - Moderate,3,12,Expert_Survey_E14_PMA.xlsx,Round 1
E14_PMA,1,20+,4,69,Development,Database design,Expressions,4 - Frequent / important,4,3 - Moderate,3,12,Expert_Survey_E14_PMA.xlsx,Round 1
E14_PMA,1,20+,4,70,Development,Database design,Relational Database,4 - Frequent / important,4,4 - Difficult,4,16,Expert_Survey_E14_PMA.xlsx,Round 1
E14_PMA,1,20+,4,71,Development,Database design,Entity Diagrams,3 - Moderate / recurring,3,4 - Difficult,4,12,Expert_Survey_E14_PMA.xlsx,Round 1
E14_PMA,1,20+,4,72,Development,Database design,Functions,3 - Moderate / recurring,3,5 - Very difficult,5,15,Expert_Survey_E14_PMA.xlsx,Round 1
E14_PMA,1,20+,4,73,Development,Database design,SQL,4 - Frequent / important,4,4 - Difficult,4,16,Expert_Survey_E14_PMA.xlsx,Round 1
E14_PMA,1,20+,4,74,Development,Database design,IT Data Types,5 - Essential / continuous,5,4 - Difficult,4,20,Expert_Survey_E14_PMA.xlsx,Round 1
E14_PMA,1,20+,4,75,Development,Database design,Web API,3 - Moderate / recurring,3,5 - Very difficult,5,15,Expert_Survey_E14_PMA.xlsx,Round 1
E14_PMA,1,20+,4,76,Development,Fetching data,.NET,3 - Moderate / recurring,3,5 - Very difficult,5,15,Expert_Survey_E14_PMA.xlsx,Round 1
E14_PMA,1,20+,4,77,Development,Fetching data,+Cloud-based Spreadsheets,4 - Frequent / important,4,4 - Difficult,4,16,Expert_Survey_E14_PMA.xlsx,Round 1
E14_PMA,1,20+,4,78,Development,Fetching data,+GUI Queries,4 - Frequent / important,4,4 - Difficult,4,16,Expert_Survey_E14_PMA.xlsx,Round 1
E14_PMA,1,20+,4,79,Development,Fetching data,+Human Language,2 - Occasional / peripheral,2,1 - Very easy,1,2,Expert_Survey_E14_PMA.xlsx,Round 1
E14_PMA,1,20+,4,80,Development,Fetching data,+Integrated Data Sources,3 - Moderate / recurring,3,1 - Very easy,1,3,Expert_Survey_E14_PMA.xlsx,Round 1
E14_PMA,1,20+,4,81,Development,Fetching data,Cloud Services,3 - Moderate / recurring,3,3 - Moderate,3,9,Expert_Survey_E14_PMA.xlsx,Round 1
E14_PMA,1,20+,4,82,Development,Fetching data,Custom Query Language,2 - Occasional / peripheral,2,4 - Difficult,4,8,Expert_Survey_E14_PMA.xlsx,Round 1
E14_PMA,1,20+,4,83,Development,Fetching data,Data Source Integration,1 - Rare / avoidable,1,4 - Difficult,4,4,Expert_Survey_E14_PMA.xlsx,Round 1
E14_PMA,1,20+,4,84,Development,Fetching data,Formulas,1 - Rare / avoidable,1,3 - Moderate,3,3,Expert_Survey_E14_PMA.xlsx,Round 1
E14_PMA,1,20+,4,85,Development,Fetching data,Local Storage,2 - Occasional / peripheral,2,2 - Easy,2,4,Expert_Survey_E14_PMA.xlsx,Round 1
E14_PMA,1,20+,4,86,Development,Fetching data,OAuth,3 - Moderate / recurring,3,4 - Difficult,4,12,Expert_Survey_E14_PMA.xlsx,Round 1
E14_PMA,1,20+,4,87,Development,Fetching data,REST API,2 - Occasional / peripheral,2,4 - Difficult,4,8,Expert_Survey_E14_PMA.xlsx,Round 1
E14_PMA,1,20+,4,88,Development,Fetching data,SDK,2 - Occasional / peripheral,2,4 - Difficult,4,8,Expert_Survey_E14_PMA.xlsx,Round 1
E14_PMA,1,20+,4,89,Development,Fetching data,SQL,3 - Moderate / recurring,3,5 - Very difficult,5,15,Expert_Survey_E14_PMA.xlsx,Round 1
E14_PMA,1,20+,4,90,Development,Fetching data,URL,2 - Occasional / peripheral,2,2 - Easy,2,4,Expert_Survey_E14_PMA.xlsx,Round 1
E14_PMA,1,20+,4,91,Development,Fetching data,Web API,2 - Occasional / peripheral,2,4 - Difficult,4,8,Expert_Survey_E14_PMA.xlsx,Round 1
E14_PMA,1,20+,4,92,Development,GUI design and development,+AI Support,4 - Frequent / important,4,1 - Very easy,1,4,Expert_Survey_E14_PMA.xlsx,Round 1
E14_PMA,1,20+,4,93,Development,GUI design and development,+Business Data Types,4 - Frequent / important,4,2 - Easy,2,8,Expert_Survey_E14_PMA.xlsx,Round 1
E14_PMA,1,20+,4,94,Development,GUI design and development,+Conditional Formatting,4 - Frequent / important,4,1 - Very easy,1,4,Expert_Survey_E14_PMA.xlsx,Round 1
E14_PMA,1,20+,4,95,Development,GUI design and development,+GUI Style Editor,5 - Essential / continuous,5,3 - Moderate,3,15,Expert_Survey_E14_PMA.xlsx,Round 1
E14_PMA,1,20+,4,96,Development,GUI design and development,+Templatized Formulas,5 - Essential / continuous,5,2 - Easy,2,10,Expert_Survey_E14_PMA.xlsx,Round 1
E14_PMA,1,20+,4,97,Development,GUI design and development,+UI Branding,1 - Rare / avoidable,1,2 - Easy,2,2,Expert_Survey_E14_PMA.xlsx,Round 1
E14_PMA,1,20+,4,98,Development,GUI design and development,+View Types,3 - Moderate / recurring,3,2 - Easy,2,6,Expert_Survey_E14_PMA.xlsx,Round 1
E14_PMA,1,20+,4,99,Development,GUI design and development,+WYSIWYG,5 - Essential / continuous,5,1 - Very easy,1,5,Expert_Survey_E14_PMA.xlsx,Round 1
E14_PMA,1,20+,4,100,Development,GUI design and development,CSS/SCSS,3 - Moderate / recurring,3,3 - Moderate,3,9,Expert_Survey_E14_PMA.xlsx,Round 1
E14_PMA,1,20+,4,101,Development,GUI design and development,Event Propagation,3 - Moderate / recurring,3,5 - Very difficult,5,15,Expert_Survey_E14_PMA.xlsx,Round 1
E14_PMA,1,20+,4,102,Development,GUI design and development,Responsive Web Design,3 - Moderate / recurring,3,3 - Moderate,3,9,Expert_Survey_E14_PMA.xlsx,Round 1
E14_PMA,1,20+,4,103,Development,GUI design and development,HTML,4 - Frequent / important,4,4 - Difficult,4,16,Expert_Survey_E14_PMA.xlsx,Round 1
E14_PMA,1,20+,4,104,Development,GUI design and development,IT Data Types,4 - Frequent / important,4,4 - Difficult,4,16,Expert_Survey_E14_PMA.xlsx,Round 1
E14_PMA,1,20+,4,105,Development,GUI design and development,JavaScript,3 - Moderate / recurring,3,4 - Difficult,4,12,Expert_Survey_E14_PMA.xlsx,Round 1
E14_PMA,1,20+,4,106,Development,GUI design and development,Master Detail,5 - Essential / continuous,5,2 - Easy,2,10,Expert_Survey_E14_PMA.xlsx,Round 1
E14_PMA,1,20+,4,107,Development,GUI design and development,Programming Functions,4 - Frequent / important,4,5 - Very difficult,5,20,Expert_Survey_E14_PMA.xlsx,Round 2
E14_PMA,1,20+,4,108,Development,GUI design and development,Scripts,4 - Frequent / important,4,4 - Difficult,4,16,Expert_Survey_E14_PMA.xlsx,Round 1
E14_PMA,1,20+,4,109,Development,GUI design and development,Snippets,4 - Frequent / important,4,5 - Very difficult,5,20,Expert_Survey_E14_PMA.xlsx,Round 1
E14_PMA,1,20+,4,110,Development,GUI design and development,Variables,5 - Essential / continuous,5,4 - Difficult,4,20,Expert_Survey_E14_PMA.xlsx,Round 1
E14_PMA,1,20+,4,111,Development,GUI design and development,XML,4 - Frequent / important,4,5 - Very difficult,5,20,Expert_Survey_E14_PMA.xlsx,Round 2
E14_PMA,1,20+,4,112,Development,Data validation development,+Business Rules,5 - Essential / continuous,5,3 - Moderate,3,15,Expert_Survey_E14_PMA.xlsx,Round 1
E14_PMA,1,20+,4,113,Development,Data validation development,+Column Expressions,4 - Frequent / important,4,3 - Moderate,3,12,Expert_Survey_E14_PMA.xlsx,Round 1
E14_PMA,1,20+,4,114,Development,Data validation development,Expressions,4 - Frequent / important,4,3 - Moderate,3,12,Expert_Survey_E14_PMA.xlsx,Round 1
E14_PMA,1,20+,4,115,Development,Data validation development,Data Fields,5 - Essential / continuous,5,3 - Moderate,3,15,Expert_Survey_E14_PMA.xlsx,Round 2
E14_PMA,1,20+,4,116,Development,Data validation development,Domain Model,5 - Essential / continuous,5,5 - Very difficult,5,25,Expert_Survey_E14_PMA.xlsx,Round 2
E14_PMA,1,20+,4,117,Development,Data validation development,Scripts,3 - Moderate / recurring,3,3 - Moderate,3,9,Expert_Survey_E14_PMA.xlsx,Round 1
E14_PMA,1,20+,4,118,Development,Actions design and development,+AI Assisted Development,3 - Moderate / recurring,3,2 - Easy,2,6,Expert_Survey_E14_PMA.xlsx,Round 1
E14_PMA,1,20+,4,119,Development,Actions design and development,+Automations,4 - Frequent / important,4,4 - Difficult,4,16,Expert_Survey_E14_PMA.xlsx,Round 1
E14_PMA,1,20+,4,120,Development,Actions design and development,+Built-in Connectors,4 - Frequent / important,4,2 - Easy,2,8,Expert_Survey_E14_PMA.xlsx,Round 1
E14_PMA,1,20+,4,121,Development,Actions design and development,API,3 - Moderate / recurring,3,5 - Very difficult,5,15,Expert_Survey_E14_PMA.xlsx,Round 1
E14_PMA,1,20+,4,122,Development,Actions design and development,Expressions,5 - Essential / continuous,5,4 - Difficult,4,20,Expert_Survey_E14_PMA.xlsx,Round 1
E14_PMA,1,20+,4,123,Development,Actions design and development,Functions,5 - Essential / continuous,5,4 - Difficult,4,20,Expert_Survey_E14_PMA.xlsx,Round 2
E14_PMA,1,20+,4,124,Development,Actions design and development,Java,5 - Essential / continuous,5,5 - Very difficult,5,25,Expert_Survey_E14_PMA.xlsx,Round 2
E14_PMA,1,20+,4,125,Development,Actions design and development,JavaScript,3 - Moderate / recurring,3,5 - Very difficult,5,15,Expert_Survey_E14_PMA.xlsx,Round 2
E14_PMA,1,20+,4,126,Development,Actions design and development,Object Model,3 - Moderate / recurring,3,5 - Very difficult,5,15,Expert_Survey_E14_PMA.xlsx,Round 1
E14_PMA,1,20+,4,127,Development,Actions design and development,Scripts,4 - Frequent / important,4,4 - Difficult,4,16,Expert_Survey_E14_PMA.xlsx,Round 1
E14_PMA,1,20+,4,128,Development,Actions design and development,SOAP,3 - Moderate / recurring,3,5 - Very difficult,5,15,Expert_Survey_E14_PMA.xlsx,Round 1
E14_PMA,1,20+,4,129,Development,Programming,.NET,3 - Moderate / recurring,3,4 - Difficult,4,12,Expert_Survey_E14_PMA.xlsx,Round 1
E14_PMA,1,20+,4,130,Development,Programming,+Visual Programming,4 - Frequent / important,4,3 - Moderate,3,12,Expert_Survey_E14_PMA.xlsx,Round 1
E14_PMA,1,20+,4,131,Development,Programming,Expressions,5 - Essential / continuous,5,5 - Very difficult,5,25,Expert_Survey_E14_PMA.xlsx,Round 2
E14_PMA,1,20+,4,132,Development,Programming,CLI,2 - Occasional / peripheral,2,5 - Very difficult,5,10,Expert_Survey_E14_PMA.xlsx,Round 1
E14_PMA,1,20+,4,133,Development,Programming,IT Data Types,5 - Essential / continuous,5,3 - Moderate,3,15,Expert_Survey_E14_PMA.xlsx,Round 1
E14_PMA,1,20+,4,134,Development,Programming,Eclipse,3 - Moderate / recurring,3,4 - Difficult,4,12,Expert_Survey_E14_PMA.xlsx,Round 1
E14_PMA,1,20+,4,135,Development,Programming,Emulators,2 - Occasional / peripheral,2,4 - Difficult,4,8,Expert_Survey_E14_PMA.xlsx,Round 1
E14_PMA,1,20+,4,136,Development,Programming,Entity Types,5 - Essential / continuous,5,4 - Difficult,4,20,Expert_Survey_E14_PMA.xlsx,Round 1
E14_PMA,1,20+,4,137,Development,Programming,Enumerations,5 - Essential / continuous,5,3 - Moderate,3,15,Expert_Survey_E14_PMA.xlsx,Round 1
E14_PMA,1,20+,4,138,Development,Programming,Functions,3 - Moderate / recurring,3,4 - Difficult,4,12,Expert_Survey_E14_PMA.xlsx,Round 1
E14_PMA,1,20+,4,139,Development,Programming,HTML,1 - Rare / avoidable,1,4 - Difficult,4,4,Expert_Survey_E14_PMA.xlsx,Round 1
E14_PMA,1,20+,4,140,Development,Programming,SDK/IDE,2 - Occasional / peripheral,2,4 - Difficult,4,8,Expert_Survey_E14_PMA.xlsx,Round 1
E14_PMA,1,20+,4,141,Development,Programming,Iteration Statements,5 - Essential / continuous,5,3 - Moderate,3,15,Expert_Survey_E14_PMA.xlsx,Round 1
E14_PMA,1,20+,4,142,Development,Programming,Java,2 - Occasional / peripheral,2,5 - Very difficult,5,10,Expert_Survey_E14_PMA.xlsx,Round 1
E14_PMA,1,20+,4,143,Development,Programming,Java API,2 - Occasional / peripheral,2,5 - Very difficult,5,10,Expert_Survey_E14_PMA.xlsx,Round 1
E14_PMA,1,20+,4,144,Development,Programming,JavaScript,3 - Moderate / recurring,3,5 - Very difficult,5,15,Expert_Survey_E14_PMA.xlsx,Round 1
E14_PMA,1,20+,4,145,Development,Programming,JSON,3 - Moderate / recurring,3,3 - Moderate,3,9,Expert_Survey_E14_PMA.xlsx,Round 1
E14_PMA,1,20+,4,146,Development,Programming,Markup Language,3 - Moderate / recurring,3,3 - Moderate,3,9,Expert_Survey_E14_PMA.xlsx,Round 1
E14_PMA,1,20+,4,147,Development,Programming,Metadata,5 - Essential / continuous,5,3 - Moderate,3,15,Expert_Survey_E14_PMA.xlsx,Round 1
E14_PMA,1,20+,4,148,Development,Programming,Native Mobile App,4 - Frequent / important,4,3 - Moderate,3,12,Expert_Survey_E14_PMA.xlsx,Round 1
E14_PMA,1,20+,4,149,Development,Programming,node.js,4 - Frequent / important,4,5 - Very difficult,5,20,Expert_Survey_E14_PMA.xlsx,Round 2
E14_PMA,1,20+,4,150,Development,Programming,PWA,2 - Occasional / peripheral,2,4 - Difficult,4,8,Expert_Survey_E14_PMA.xlsx,Round 1
E14_PMA,1,20+,4,151,Development,Programming,Query Functions,3 - Moderate / recurring,3,3 - Moderate,3,9,Expert_Survey_E14_PMA.xlsx,Round 1
E14_PMA,1,20+,4,152,Development,Programming,Scripts,3 - Moderate / recurring,3,5 - Very difficult,5,15,Expert_Survey_E14_PMA.xlsx,Round 1
E14_PMA,1,20+,4,153,Development,Programming,Snippets,1 - Rare / avoidable,1,4 - Difficult,4,4,Expert_Survey_E14_PMA.xlsx,Round 1
E14_PMA,1,20+,4,154,Development,Programming,TypeScript,4 - Frequent / important,4,5 - Very difficult,5,20,Expert_Survey_E14_PMA.xlsx,Round 1
E14_PMA,1,20+,4,155,Development,Programming,Web API,2 - Occasional / peripheral,2,5 - Very difficult,5,10,Expert_Survey_E14_PMA.xlsx,Round 1
E14_PMA,1,20+,4,156,Development,Programming,XML,4 - Frequent / important,4,3 - Moderate,3,12,Expert_Survey_E14_PMA.xlsx,Round 1
E14_PMA,1,20+,4,157,Implementation,Runtime server installation,+Cloud Based Environment,5 - Essential / continuous,5,3 - Moderate,3,15,Expert_Survey_E14_PMA.xlsx,Round 2
E14_PMA,1,20+,4,158,Implementation,Runtime server installation,API,2 - Occasional / peripheral,2,5 - Very difficult,5,10,Expert_Survey_E14_PMA.xlsx,Round 1
E14_PMA,1,20+,4,159,Implementation,Runtime server installation,Compiler Service,2 - Occasional / peripheral,2,4 - Difficult,4,8,Expert_Survey_E14_PMA.xlsx,Round 1
E14_PMA,1,20+,4,160,Implementation,Runtime server installation,Database Synchronization,3 - Moderate / recurring,3,5 - Very difficult,5,15,Expert_Survey_E14_PMA.xlsx,Round 1
E14_PMA,1,20+,4,161,Implementation,Runtime server installation,Deployment Controller Service,2 - Occasional / peripheral,2,4 - Difficult,4,8,Expert_Survey_E14_PMA.xlsx,Round 1
E14_PMA,1,20+,4,162,Implementation,Runtime server installation,Email Server (SMTP),4 - Frequent / important,4,4 - Difficult,4,16,Expert_Survey_E14_PMA.xlsx,Round 1
E14_PMA,1,20+,4,163,Implementation,Runtime server installation,File Storage,5 - Essential / continuous,5,4 - Difficult,4,20,Expert_Survey_E14_PMA.xlsx,Round 1
E14_PMA,1,20+,4,164,Implementation,Runtime server installation,HTTPS Server,3 - Moderate / recurring,3,5 - Very difficult,5,15,Expert_Survey_E14_PMA.xlsx,Round 2
E14_PMA,1,20+,4,165,Implementation,Runtime server installation,Java,3 - Moderate / recurring,3,5 - Very difficult,5,15,Expert_Survey_E14_PMA.xlsx,Round 2
E14_PMA,1,20+,4,166,Implementation,Runtime server installation,Load Balancing,3 - Moderate / recurring,3,4 - Difficult,4,12,Expert_Survey_E14_PMA.xlsx,Round 1
E14_PMA,1,20+,4,167,Implementation,Runtime server installation,Log Service,3 - Moderate / recurring,3,4 - Difficult,4,12,Expert_Survey_E14_PMA.xlsx,Round 1
E14_PMA,1,20+,4,168,Implementation,Runtime server installation,Mobile App,4 - Frequent / important,4,4 - Difficult,4,16,Expert_Survey_E14_PMA.xlsx,Round 1
E14_PMA,1,20+,4,169,Implementation,Runtime server installation,OQL,3 - Moderate / recurring,3,5 - Very difficult,5,15,Expert_Survey_E14_PMA.xlsx,Round 1
E14_PMA,1,20+,4,170,Implementation,Runtime server installation,Proxy server,4 - Frequent / important,4,3 - Moderate,3,12,Expert_Survey_E14_PMA.xlsx,Round 1
E14_PMA,1,20+,4,171,Implementation,Runtime server installation,Relational Database,5 - Essential / continuous,5,4 - Difficult,4,20,Expert_Survey_E14_PMA.xlsx,Round 2
E14_PMA,1,20+,4,172,Implementation,Runtime server installation,REST API,4 - Frequent / important,4,4 - Difficult,4,16,Expert_Survey_E14_PMA.xlsx,Round 1
E14_PMA,1,20+,4,173,Implementation,Runtime server installation,SAML Authentication,5 - Essential / continuous,5,4 - Difficult,4,20,Expert_Survey_E14_PMA.xlsx,Round 2
E14_PMA,1,20+,4,174,Implementation,Runtime server installation,Scheduler Service,3 - Moderate / recurring,3,4 - Difficult,4,12,Expert_Survey_E14_PMA.xlsx,Round 1
E14_PMA,1,20+,4,175,Implementation,Runtime server installation,Shared Libraries,4 - Frequent / important,4,3 - Moderate,3,12,Expert_Survey_E14_PMA.xlsx,Round 1
E14_PMA,1,20+,4,176,Implementation,Runtime server installation,SOAP,4 - Frequent / important,4,4 - Difficult,4,16,Expert_Survey_E14_PMA.xlsx,Round 2
E14_PMA,1,20+,4,177,Implementation,Runtime server installation,SSL Certificates,4 - Frequent / important,4,5 - Very difficult,5,20,Expert_Survey_E14_PMA.xlsx,Round 1
E14_PMA,1,20+,4,178,Implementation,Runtime server installation,Swagger,4 - Frequent / important,4,5 - Very difficult,5,20,Expert_Survey_E14_PMA.xlsx,Round 1
E14_PMA,1,20+,4,179,Implementation,Runtime server installation,WSDL,3 - Moderate / recurring,3,4 - Difficult,4,12,Expert_Survey_E14_PMA.xlsx,Round 1
E14_PMA,1,20+,4,180,Implementation,Runtime server installation,XML/XPath,4 - Frequent / important,4,4 - Difficult,4,16,Expert_Survey_E14_PMA.xlsx,Round 2
E14_PMA,1,20+,4,181,Implementation,Database installation,+Embedded Database,4 - Frequent / important,4,4 - Difficult,4,16,Expert_Survey_E14_PMA.xlsx,Round 1
E14_PMA,1,20+,4,182,Implementation,Database installation,File Storage,4 - Frequent / important,4,3 - Moderate,3,12,Expert_Survey_E14_PMA.xlsx,Round 1
E14_PMA,1,20+,4,183,Implementation,Database installation,Relational Database,5 - Essential / continuous,5,5 - Very difficult,5,25,Expert_Survey_E14_PMA.xlsx,Round 2
E14_PMA,1,20+,4,184,Implementation,Database installation,REST API,3 - Moderate / recurring,3,3 - Moderate,3,9,Expert_Survey_E14_PMA.xlsx,Round 1
E14_PMA,1,20+,4,185,Implementation,Client module installation,.NET Framework,5 - Essential / continuous,5,5 - Very difficult,5,25,Expert_Survey_E14_PMA.xlsx,Round 2
E14_PMA,1,20+,4,186,Implementation,Client module installation,+Mobile App,4 - Frequent / important,4,4 - Difficult,4,16,Expert_Survey_E14_PMA.xlsx,Round 1
E14_PMA,1,20+,4,187,Implementation,Client module installation,+Web Browser,5 - Essential / continuous,5,1 - Very easy,1,5,Expert_Survey_E14_PMA.xlsx,Round 1
E14_PMA,1,20+,4,188,Implementation,Client module installation,API,2 - Occasional / peripheral,2,4 - Difficult,4,8,Expert_Survey_E14_PMA.xlsx,Round 1
E14_PMA,1,20+,4,189,Implementation,Client module installation,Binaries,4 - Frequent / important,4,3 - Moderate,3,12,Expert_Survey_E14_PMA.xlsx,Round 1
E14_PMA,1,20+,4,190,Implementation,Client module installation,HTTPS Server,4 - Frequent / important,4,3 - Moderate,3,12,Expert_Survey_E14_PMA.xlsx,Round 1
E14_PMA,1,20+,4,191,Implementation,Client module installation,URL Configuration,4 - Frequent / important,4,3 - Moderate,3,12,Expert_Survey_E14_PMA.xlsx,Round 1
E14_PMA,1,20+,4,192,Implementation,Client module installation,Web Services,3 - Moderate / recurring,3,4 - Difficult,4,12,Expert_Survey_E14_PMA.xlsx,Round 1
E14_PMA,1,20+,4,193,Implementation,Deployment,+App Gallery,5 - Essential / continuous,5,2 - Easy,2,10,Expert_Survey_E14_PMA.xlsx,Round 1
E14_PMA,1,20+,4,194,Implementation,Deployment,+Software as a Service,4 - Frequent / important,4,1 - Very easy,1,4,Expert_Survey_E14_PMA.xlsx,Round 1
E14_PMA,1,20+,4,195,Implementation,Deployment,Application IDE,4 - Frequent / important,4,3 - Moderate,3,12,Expert_Survey_E14_PMA.xlsx,Round 1
E14_PMA,1,20+,4,196,Implementation,Deployment,CI/CD,5 - Essential / continuous,5,5 - Very difficult,5,25,Expert_Survey_E14_PMA.xlsx,Round 2
E14_PMA,1,20+,4,197,Implementation,Deployment,Cloud Computing,5 - Essential / continuous,5,4 - Difficult,4,20,Expert_Survey_E14_PMA.xlsx,Round 1
E14_PMA,1,20+,4,198,Implementation,Deployment,Cloud Services,3 - Moderate / recurring,3,3 - Moderate,3,9,Expert_Survey_E14_PMA.xlsx,Round 1
E14_PMA,1,20+,4,199,Implementation,Deployment,Docker,5 - Essential / continuous,5,4 - Difficult,4,20,Expert_Survey_E14_PMA.xlsx,Round 2
E14_PMA,1,20+,4,200,Implementation,Deployment,Import/Export,5 - Essential / continuous,5,2 - Easy,2,10,Expert_Survey_E14_PMA.xlsx,Round 1
E14_PMA,1,20+,4,201,Implementation,Deployment,Kubernetes,4 - Frequent / important,4,5 - Very difficult,5,20,Expert_Survey_E14_PMA.xlsx,Round 2
E14_PMA,1,20+,4,202,Implementation,Deployment,On-Premise,5 - Essential / continuous,5,4 - Difficult,4,20,Expert_Survey_E14_PMA.xlsx,Round 1
E14_PMA,1,20+,4,203,Implementation,Deployment,On-premises Data Gateway,4 - Frequent / important,4,4 - Difficult,4,16,Expert_Survey_E14_PMA.xlsx,Round 1
E14_PMA,1,20+,4,204,Implementation,Deployment,REST API,4 - Frequent / important,4,5 - Very difficult,5,20,Expert_Survey_E14_PMA.xlsx,Round 1
E14_PMA,1,20+,4,205,Implementation,Deployment,Scripts,5 - Essential / continuous,5,3 - Moderate,3,15,Expert_Survey_E14_PMA.xlsx,Round 2
E14_PMA,1,20+,4,206,Implementation,Deployment,SOAP,4 - Frequent / important,4,5 - Very difficult,5,20,Expert_Survey_E14_PMA.xlsx,Round 2
E14_PMA,1,20+,4,207,Implementation,Version control,Code Repository Concept,5 - Essential / continuous,5,4 - Difficult,4,20,Expert_Survey_E14_PMA.xlsx,Round 2
E14_PMA,1,20+,4,208,Implementation,Version control,Custom Version Control,5 - Essential / continuous,5,3 - Moderate,3,15,Expert_Survey_E14_PMA.xlsx,Round 2
E14_PMA,1,20+,4,209,Implementation,Version control,Git,5 - Essential / continuous,5,4 - Difficult,4,20,Expert_Survey_E14_PMA.xlsx,Round 2
E15_KR,1,20+,3,1,Design,Workflow model,+BPMN Process Model,5 - Essential / continuous,5,2 - Easy,2,10,Expert_Survey_E15_KR.xlsx,Round 1
E15_KR,1,20+,3,2,Design,Workflow model,Custom Process Model,3 - Moderate / recurring,3,4 - Difficult,4,12,Expert_Survey_E15_KR.xlsx,Round 2
E15_KR,1,20+,3,3,Design,Database model,+Business Data Types,4 - Frequent / important,4,1 - Very easy,1,4,Expert_Survey_E15_KR.xlsx,Round 1
E15_KR,1,20+,3,4,Design,Database model,+Form-based Data,2 - Occasional / peripheral,2,2 - Easy,2,4,Expert_Survey_E15_KR.xlsx,Round 1
E15_KR,1,20+,3,5,Design,Database model,+Item-Detail,2 - Occasional / peripheral,2,3 - Moderate,3,6,Expert_Survey_E15_KR.xlsx,Round 1
E15_KR,1,20+,3,6,Design,Database model,+Lookup/Drop-down,4 - Frequent / important,4,1 - Very easy,1,4,Expert_Survey_E15_KR.xlsx,Round 1
E15_KR,1,20+,3,7,Design,Database model,+Predefined Entities,5 - Essential / continuous,5,1 - Very easy,1,5,Expert_Survey_E15_KR.xlsx,Round 1
E15_KR,1,20+,3,8,Design,Database model,Domain Model,4 - Frequent / important,4,3 - Moderate,3,12,Expert_Survey_E15_KR.xlsx,Round 1
E15_KR,1,20+,3,9,Design,Database model,Conditional Expressions,5 - Essential / continuous,5,2 - Easy,2,10,Expert_Survey_E15_KR.xlsx,Round 1
E15_KR,1,20+,3,10,Design,Database model,Constraints,3 - Moderate / recurring,3,3 - Moderate,3,9,Expert_Survey_E15_KR.xlsx,Round 1
E15_KR,1,20+,3,11,Design,Database model,Data Structure,4 - Frequent / important,4,4 - Difficult,4,16,Expert_Survey_E15_KR.xlsx,Round 1
E15_KR,1,20+,3,12,Design,Database model,IT Data Types,2 - Occasional / peripheral,2,4 - Difficult,4,8,Expert_Survey_E15_KR.xlsx,Round 1
E15_KR,1,20+,3,13,Design,Database model,Denormalization,1 - Rare / avoidable,1,5 - Very difficult,5,5,Expert_Survey_E15_KR.xlsx,Round 1
E15_KR,1,20+,3,14,Design,Database model,Entity Diagrams,3 - Moderate / recurring,3,2 - Easy,2,6,Expert_Survey_E15_KR.xlsx,Round 1
E15_KR,1,20+,3,15,Design,Database model,Enumerations,4 - Frequent / important,4,2 - Easy,2,8,Expert_Survey_E15_KR.xlsx,Round 1
E15_KR,1,20+,3,16,Design,Database model,Expressions,4 - Frequent / important,4,4 - Difficult,4,16,Expert_Survey_E15_KR.xlsx,Round 1
E15_KR,1,20+,3,17,Design,Database model,Relational Database,2 - Occasional / peripheral,2,3 - Moderate,3,6,Expert_Survey_E15_KR.xlsx,Round 2
E15_KR,1,20+,3,18,Design,Database model,XML/XPath,2 - Occasional / peripheral,2,5 - Very difficult,5,10,Expert_Survey_E15_KR.xlsx,Round 2
E15_KR,1,20+,3,19,Design,UI model,+App templates,5 - Essential / continuous,5,3 - Moderate,3,15,Expert_Survey_E15_KR.xlsx,Round 1
E15_KR,1,20+,3,20,Design,UI model,+Business Data Types,4 - Frequent / important,4,3 - Moderate,3,12,Expert_Survey_E15_KR.xlsx,Round 1
E15_KR,1,20+,3,21,Design,UI model,+Screen Templates,4 - Frequent / important,4,2 - Easy,2,8,Expert_Survey_E15_KR.xlsx,Round 1
E15_KR,1,20+,3,22,Design,UI model,+UI Branding,5 - Essential / continuous,5,1 - Very easy,1,5,Expert_Survey_E15_KR.xlsx,Round 1
E15_KR,1,20+,3,23,Design,UI model,+View Types,5 - Essential / continuous,5,1 - Very easy,1,5,Expert_Survey_E15_KR.xlsx,Round 1
E15_KR,1,20+,3,24,Design,UI model,Expressions,2 - Occasional / peripheral,2,4 - Difficult,4,8,Expert_Survey_E15_KR.xlsx,Round 2
E15_KR,1,20+,3,25,Design,UI model,IT Data Types,1 - Rare / avoidable,1,5 - Very difficult,5,5,Expert_Survey_E15_KR.xlsx,Round 1
E15_KR,1,20+,3,26,Design,UI model,Functions,2 - Occasional / peripheral,2,5 - Very difficult,5,10,Expert_Survey_E15_KR.xlsx,Round 2
E15_KR,1,20+,3,27,Design,UI model,Model-driven Apps,2 - Occasional / peripheral,2,4 - Difficult,4,8,Expert_Survey_E15_KR.xlsx,Round 2
E15_KR,1,20+,3,28,Design,UI model,Reactive Web App,5 - Essential / continuous,5,2 - Easy,2,10,Expert_Survey_E15_KR.xlsx,Round 2
E15_KR,1,20+,3,29,Design,UI model,Responsive Web Design,4 - Frequent / important,4,3 - Moderate,3,12,Expert_Survey_E15_KR.xlsx,Round 2
E15_KR,1,20+,3,30,Design,UI model,Variables,1 - Rare / avoidable,1,5 - Very difficult,5,5,Expert_Survey_E15_KR.xlsx,Round 1
E15_KR,1,20+,3,31,Design,Validations,+Business Rules,3 - Moderate / recurring,3,4 - Difficult,4,12,Expert_Survey_E15_KR.xlsx,Round 1
E15_KR,1,20+,3,32,Design,Validations,+Lookup/Drop-down,4 - Frequent / important,4,4 - Difficult,4,16,Expert_Survey_E15_KR.xlsx,Round 1
E15_KR,1,20+,3,33,Design,Validations,Expressions,3 - Moderate / recurring,3,3 - Moderate,3,9,Expert_Survey_E15_KR.xlsx,Round 1
E15_KR,1,20+,3,34,Design,Validations,Enumerations,1 - Rare / avoidable,1,5 - Very difficult,5,5,Expert_Survey_E15_KR.xlsx,Round 1
E15_KR,1,20+,3,35,Design,Validations,JavaScript,5 - Essential / continuous,5,2 - Easy,2,10,Expert_Survey_E15_KR.xlsx,Round 2
E15_KR,1,20+,3,36,Design,Validations,Scripts,3 - Moderate / recurring,3,4 - Difficult,4,12,Expert_Survey_E15_KR.xlsx,Round 2
E15_KR,1,20+,3,37,Design,Validations,Transactions,2 - Occasional / peripheral,2,5 - Very difficult,5,10,Expert_Survey_E15_KR.xlsx,Round 2
E15_KR,1,20+,3,38,Design,Application logic,+Actions,3 - Moderate / recurring,3,3 - Moderate,3,9,Expert_Survey_E15_KR.xlsx,Round 1
E15_KR,1,20+,3,39,Design,Application logic,+Graphical actions,4 - Frequent / important,4,3 - Moderate,3,12,Expert_Survey_E15_KR.xlsx,Round 1
E15_KR,1,20+,3,40,Design,Application logic,+NLP,3 - Moderate / recurring,3,2 - Easy,2,6,Expert_Survey_E15_KR.xlsx,Round 1
E15_KR,1,20+,3,41,Design,Application logic,+Custom Language,4 - Frequent / important,4,3 - Moderate,3,12,Expert_Survey_E15_KR.xlsx,Round 1
E15_KR,1,20+,3,42,Design,Application logic,+Predefined Tasks,4 - Frequent / important,4,2 - Easy,2,8,Expert_Survey_E15_KR.xlsx,Round 1
E15_KR,1,20+,3,43,Design,Application logic,UML,4 - Frequent / important,4,4 - Difficult,4,16,Expert_Survey_E15_KR.xlsx,Round 2
E15_KR,1,20+,3,44,Design,Application logic,Algorithms,4 - Frequent / important,4,3 - Moderate,3,12,Expert_Survey_E15_KR.xlsx,Round 1
E15_KR,1,20+,3,45,Design,Application logic,Expressions,5 - Essential / continuous,5,2 - Easy,2,10,Expert_Survey_E15_KR.xlsx,Round 1
E15_KR,1,20+,3,46,Design,Application logic,Control Structures,4 - Frequent / important,4,3 - Moderate,3,12,Expert_Survey_E15_KR.xlsx,Round 1
E15_KR,1,20+,3,47,Design,Application logic,IT Data Types,5 - Essential / continuous,5,3 - Moderate,3,15,Expert_Survey_E15_KR.xlsx,Round 1
E15_KR,1,20+,3,48,Design,Application logic,Events,4 - Frequent / important,4,3 - Moderate,3,12,Expert_Survey_E15_KR.xlsx,Round 1
E15_KR,1,20+,3,49,Design,Application logic,Formulas,5 - Essential / continuous,5,4 - Difficult,4,20,Expert_Survey_E15_KR.xlsx,Round 2
E15_KR,1,20+,3,50,Design,Application logic,Functions,5 - Essential / continuous,5,5 - Very difficult,5,25,Expert_Survey_E15_KR.xlsx,Round 2
E15_KR,1,20+,3,51,Design,Application logic,Java,4 - Frequent / important,4,5 - Very difficult,5,20,Expert_Survey_E15_KR.xlsx,Round 2
E15_KR,1,20+,3,52,Design,Application logic,JavaScript,4 - Frequent / important,4,5 - Very difficult,5,20,Expert_Survey_E15_KR.xlsx,Round 2
E15_KR,1,20+,3,53,Design,Application logic,Microservices,4 - Frequent / important,4,5 - Very difficult,5,20,Expert_Survey_E15_KR.xlsx,Round 2
E15_KR,1,20+,3,54,Design,Application logic,SQL,4 - Frequent / important,4,5 - Very difficult,5,20,Expert_Survey_E15_KR.xlsx,Round 2
E15_KR,1,20+,3,55,Design,Application logic,Variables,5 - Essential / continuous,5,3 - Moderate,3,15,Expert_Survey_E15_KR.xlsx,Round 1
E15_KR,1,20+,3,56,Development,Workflow design and development,+BPMN Process Model,3 - Moderate / recurring,3,3 - Moderate,3,9,Expert_Survey_E15_KR.xlsx,Round 1
E15_KR,1,20+,3,57,Development,Workflow design and development,Expressions,4 - Frequent / important,4,4 - Difficult,4,16,Expert_Survey_E15_KR.xlsx,Round 1
E15_KR,1,20+,3,58,Development,Workflow design and development,Custom Process Model,3 - Moderate / recurring,3,4 - Difficult,4,12,Expert_Survey_E15_KR.xlsx,Round 1
E15_KR,1,20+,3,59,Development,Workflow design and development,Events,3 - Moderate / recurring,3,3 - Moderate,3,9,Expert_Survey_E15_KR.xlsx,Round 1
E15_KR,1,20+,3,60,Development,Workflow design and development,Java API,4 - Frequent / important,4,5 - Very difficult,5,20,Expert_Survey_E15_KR.xlsx,Round 2
E15_KR,1,20+,3,61,Development,Workflow design and development,JavaScript,4 - Frequent / important,4,5 - Very difficult,5,20,Expert_Survey_E15_KR.xlsx,Round 2
E15_KR,1,20+,3,62,Development,Workflow design and development,REST API,3 - Moderate / recurring,3,5 - Very difficult,5,15,Expert_Survey_E15_KR.xlsx,Round 1
E15_KR,1,20+,3,63,Development,Workflow design and development,Triggers,4 - Frequent / important,4,3 - Moderate,3,12,Expert_Survey_E15_KR.xlsx,Round 1
E15_KR,1,20+,3,64,Development,Database design,+Business Data Types,5 - Essential / continuous,5,2 - Easy,2,10,Expert_Survey_E15_KR.xlsx,Round 1
E15_KR,1,20+,3,65,Development,Database design,+Custom Database Model,5 - Essential / continuous,5,3 - Moderate,3,15,Expert_Survey_E15_KR.xlsx,Round 1
E15_KR,1,20+,3,66,Development,Database design,+References,5 - Essential / continuous,5,2 - Easy,2,10,Expert_Survey_E15_KR.xlsx,Round 1
E15_KR,1,20+,3,67,Development,Database design,+Slices,4 - Frequent / important,4,2 - Easy,2,8,Expert_Survey_E15_KR.xlsx,Round 1
E15_KR,1,20+,3,68,Development,Database design,Actions,4 - Frequent / important,4,3 - Moderate,3,12,Expert_Survey_E15_KR.xlsx,Round 1
E15_KR,1,20+,3,69,Development,Database design,Expressions,3 - Moderate / recurring,3,4 - Difficult,4,12,Expert_Survey_E15_KR.xlsx,Round 1
E15_KR,1,20+,3,70,Development,Database design,Relational Database,4 - Frequent / important,4,5 - Very difficult,5,20,Expert_Survey_E15_KR.xlsx,Round 1
E15_KR,1,20+,3,71,Development,Database design,Entity Diagrams,4 - Frequent / important,4,3 - Moderate,3,12,Expert_Survey_E15_KR.xlsx,Round 1
E15_KR,1,20+,3,72,Development,Database design,Functions,3 - Moderate / recurring,3,5 - Very difficult,5,15,Expert_Survey_E15_KR.xlsx,Round 1
E15_KR,1,20+,3,73,Development,Database design,SQL,4 - Frequent / important,4,5 - Very difficult,5,20,Expert_Survey_E15_KR.xlsx,Round 1
E15_KR,1,20+,3,74,Development,Database design,IT Data Types,5 - Essential / continuous,5,3 - Moderate,3,15,Expert_Survey_E15_KR.xlsx,Round 1
E15_KR,1,20+,3,75,Development,Database design,Web API,3 - Moderate / recurring,3,5 - Very difficult,5,15,Expert_Survey_E15_KR.xlsx,Round 1
E15_KR,1,20+,3,76,Development,Fetching data,.NET,3 - Moderate / recurring,3,5 - Very difficult,5,15,Expert_Survey_E15_KR.xlsx,Round 1
E15_KR,1,20+,3,77,Development,Fetching data,+Cloud-based Spreadsheets,4 - Frequent / important,4,3 - Moderate,3,12,Expert_Survey_E15_KR.xlsx,Round 1
E15_KR,1,20+,3,78,Development,Fetching data,+GUI Queries,4 - Frequent / important,4,3 - Moderate,3,12,Expert_Survey_E15_KR.xlsx,Round 1
E15_KR,1,20+,3,79,Development,Fetching data,+Human Language,2 - Occasional / peripheral,2,1 - Very easy,1,2,Expert_Survey_E15_KR.xlsx,Round 1
E15_KR,1,20+,3,80,Development,Fetching data,+Integrated Data Sources,3 - Moderate / recurring,3,2 - Easy,2,6,Expert_Survey_E15_KR.xlsx,Round 1
E15_KR,1,20+,3,81,Development,Fetching data,Cloud Services,2 - Occasional / peripheral,2,4 - Difficult,4,8,Expert_Survey_E15_KR.xlsx,Round 1
E15_KR,1,20+,3,82,Development,Fetching data,Custom Query Language,2 - Occasional / peripheral,2,4 - Difficult,4,8,Expert_Survey_E15_KR.xlsx,Round 1
E15_KR,1,20+,3,83,Development,Fetching data,Data Source Integration,2 - Occasional / peripheral,2,5 - Very difficult,5,10,Expert_Survey_E15_KR.xlsx,Round 1
E15_KR,1,20+,3,84,Development,Fetching data,Formulas,2 - Occasional / peripheral,2,3 - Moderate,3,6,Expert_Survey_E15_KR.xlsx,Round 1
E15_KR,1,20+,3,85,Development,Fetching data,Local Storage,2 - Occasional / peripheral,2,3 - Moderate,3,6,Expert_Survey_E15_KR.xlsx,Round 1
E15_KR,1,20+,3,86,Development,Fetching data,OAuth,2 - Occasional / peripheral,2,4 - Difficult,4,8,Expert_Survey_E15_KR.xlsx,Round 1
E15_KR,1,20+,3,87,Development,Fetching data,REST API,2 - Occasional / peripheral,2,4 - Difficult,4,8,Expert_Survey_E15_KR.xlsx,Round 1
E15_KR,1,20+,3,88,Development,Fetching data,SDK,2 - Occasional / peripheral,2,5 - Very difficult,5,10,Expert_Survey_E15_KR.xlsx,Round 1
E15_KR,1,20+,3,89,Development,Fetching data,SQL,2 - Occasional / peripheral,2,5 - Very difficult,5,10,Expert_Survey_E15_KR.xlsx,Round 1
E15_KR,1,20+,3,90,Development,Fetching data,URL,2 - Occasional / peripheral,2,2 - Easy,2,4,Expert_Survey_E15_KR.xlsx,Round 1
E15_KR,1,20+,3,91,Development,Fetching data,Web API,2 - Occasional / peripheral,2,4 - Difficult,4,8,Expert_Survey_E15_KR.xlsx,Round 1
E15_KR,1,20+,3,92,Development,GUI design and development,+AI Support,3 - Moderate / recurring,3,2 - Easy,2,6,Expert_Survey_E15_KR.xlsx,Round 1
E15_KR,1,20+,3,93,Development,GUI design and development,+Business Data Types,4 - Frequent / important,4,2 - Easy,2,8,Expert_Survey_E15_KR.xlsx,Round 1
E15_KR,1,20+,3,94,Development,GUI design and development,+Conditional Formatting,5 - Essential / continuous,5,2 - Easy,2,10,Expert_Survey_E15_KR.xlsx,Round 1
E15_KR,1,20+,3,95,Development,GUI design and development,+GUI Style Editor,5 - Essential / continuous,5,2 - Easy,2,10,Expert_Survey_E15_KR.xlsx,Round 1
E15_KR,1,20+,3,96,Development,GUI design and development,+Templatized Formulas,5 - Essential / continuous,5,2 - Easy,2,10,Expert_Survey_E15_KR.xlsx,Round 1
E15_KR,1,20+,3,97,Development,GUI design and development,+UI Branding,2 - Occasional / peripheral,2,2 - Easy,2,4,Expert_Survey_E15_KR.xlsx,Round 1
E15_KR,1,20+,3,98,Development,GUI design and development,+View Types,4 - Frequent / important,4,2 - Easy,2,8,Expert_Survey_E15_KR.xlsx,Round 1
E15_KR,1,20+,3,99,Development,GUI design and development,+WYSIWYG,4 - Frequent / important,4,2 - Easy,2,8,Expert_Survey_E15_KR.xlsx,Round 1
E15_KR,1,20+,3,100,Development,GUI design and development,CSS/SCSS,2 - Occasional / peripheral,2,4 - Difficult,4,8,Expert_Survey_E15_KR.xlsx,Round 1
E15_KR,1,20+,3,101,Development,GUI design and development,Event Propagation,3 - Moderate / recurring,3,4 - Difficult,4,12,Expert_Survey_E15_KR.xlsx,Round 1
E15_KR,1,20+,3,102,Development,GUI design and development,Responsive Web Design,3 - Moderate / recurring,3,4 - Difficult,4,12,Expert_Survey_E15_KR.xlsx,Round 1
E15_KR,1,20+,3,103,Development,GUI design and development,HTML,3 - Moderate / recurring,3,4 - Difficult,4,12,Expert_Survey_E15_KR.xlsx,Round 1
E15_KR,1,20+,3,104,Development,GUI design and development,IT Data Types,5 - Essential / continuous,5,3 - Moderate,3,15,Expert_Survey_E15_KR.xlsx,Round 1
E15_KR,1,20+,3,105,Development,GUI design and development,JavaScript,3 - Moderate / recurring,3,5 - Very difficult,5,15,Expert_Survey_E15_KR.xlsx,Round 1
E15_KR,1,20+,3,106,Development,GUI design and development,Master Detail,5 - Essential / continuous,5,2 - Easy,2,10,Expert_Survey_E15_KR.xlsx,Round 1
E15_KR,1,20+,3,107,Development,GUI design and development,Programming Functions,4 - Frequent / important,4,5 - Very difficult,5,20,Expert_Survey_E15_KR.xlsx,Round 2
E15_KR,1,20+,3,108,Development,GUI design and development,Scripts,4 - Frequent / important,4,4 - Difficult,4,16,Expert_Survey_E15_KR.xlsx,Round 1
E15_KR,1,20+,3,109,Development,GUI design and development,Snippets,3 - Moderate / recurring,3,5 - Very difficult,5,15,Expert_Survey_E15_KR.xlsx,Round 1
E15_KR,1,20+,3,110,Development,GUI design and development,Variables,5 - Essential / continuous,5,3 - Moderate,3,15,Expert_Survey_E15_KR.xlsx,Round 1
E15_KR,1,20+,3,111,Development,GUI design and development,XML,4 - Frequent / important,4,4 - Difficult,4,16,Expert_Survey_E15_KR.xlsx,Round 2
E15_KR,1,20+,3,112,Development,Data validation development,+Business Rules,5 - Essential / continuous,5,3 - Moderate,3,15,Expert_Survey_E15_KR.xlsx,Round 1
E15_KR,1,20+,3,113,Development,Data validation development,+Column Expressions,4 - Frequent / important,4,3 - Moderate,3,12,Expert_Survey_E15_KR.xlsx,Round 1
E15_KR,1,20+,3,114,Development,Data validation development,Expressions,5 - Essential / continuous,5,3 - Moderate,3,15,Expert_Survey_E15_KR.xlsx,Round 1
E15_KR,1,20+,3,115,Development,Data validation development,Data Fields,5 - Essential / continuous,5,3 - Moderate,3,15,Expert_Survey_E15_KR.xlsx,Round 2
E15_KR,1,20+,3,116,Development,Data validation development,Domain Model,5 - Essential / continuous,5,4 - Difficult,4,20,Expert_Survey_E15_KR.xlsx,Round 2
E15_KR,1,20+,3,117,Development,Data validation development,Scripts,3 - Moderate / recurring,3,4 - Difficult,4,12,Expert_Survey_E15_KR.xlsx,Round 1
E15_KR,1,20+,3,118,Development,Actions design and development,+AI Assisted Development,3 - Moderate / recurring,3,2 - Easy,2,6,Expert_Survey_E15_KR.xlsx,Round 1
E15_KR,1,20+,3,119,Development,Actions design and development,+Automations,4 - Frequent / important,4,3 - Moderate,3,12,Expert_Survey_E15_KR.xlsx,Round 1
E15_KR,1,20+,3,120,Development,Actions design and development,+Built-in Connectors,4 - Frequent / important,4,2 - Easy,2,8,Expert_Survey_E15_KR.xlsx,Round 1
E15_KR,1,20+,3,121,Development,Actions design and development,API,3 - Moderate / recurring,3,5 - Very difficult,5,15,Expert_Survey_E15_KR.xlsx,Round 1
E15_KR,1,20+,3,122,Development,Actions design and development,Expressions,5 - Essential / continuous,5,4 - Difficult,4,20,Expert_Survey_E15_KR.xlsx,Round 1
E15_KR,1,20+,3,123,Development,Actions design and development,Functions,5 - Essential / continuous,5,5 - Very difficult,5,25,Expert_Survey_E15_KR.xlsx,Round 2
E15_KR,1,20+,3,124,Development,Actions design and development,Java,4 - Frequent / important,4,5 - Very difficult,5,20,Expert_Survey_E15_KR.xlsx,Round 2
E15_KR,1,20+,3,125,Development,Actions design and development,JavaScript,4 - Frequent / important,4,5 - Very difficult,5,20,Expert_Survey_E15_KR.xlsx,Round 2
E15_KR,1,20+,3,126,Development,Actions design and development,Object Model,3 - Moderate / recurring,3,4 - Difficult,4,12,Expert_Survey_E15_KR.xlsx,Round 1
E15_KR,1,20+,3,127,Development,Actions design and development,Scripts,3 - Moderate / recurring,3,4 - Difficult,4,12,Expert_Survey_E15_KR.xlsx,Round 1
E15_KR,1,20+,3,128,Development,Actions design and development,SOAP,3 - Moderate / recurring,3,5 - Very difficult,5,15,Expert_Survey_E15_KR.xlsx,Round 1
E15_KR,1,20+,3,129,Development,Programming,.NET,3 - Moderate / recurring,3,5 - Very difficult,5,15,Expert_Survey_E15_KR.xlsx,Round 1
E15_KR,1,20+,3,130,Development,Programming,+Visual Programming,5 - Essential / continuous,5,3 - Moderate,3,15,Expert_Survey_E15_KR.xlsx,Round 1
E15_KR,1,20+,3,131,Development,Programming,Expressions,5 - Essential / continuous,5,4 - Difficult,4,20,Expert_Survey_E15_KR.xlsx,Round 2
E15_KR,1,20+,3,132,Development,Programming,CLI,2 - Occasional / peripheral,2,5 - Very difficult,5,10,Expert_Survey_E15_KR.xlsx,Round 1
E15_KR,1,20+,3,133,Development,Programming,IT Data Types,5 - Essential / continuous,5,3 - Moderate,3,15,Expert_Survey_E15_KR.xlsx,Round 1
E15_KR,1,20+,3,134,Development,Programming,Eclipse,3 - Moderate / recurring,3,4 - Difficult,4,12,Expert_Survey_E15_KR.xlsx,Round 1
E15_KR,1,20+,3,135,Development,Programming,Emulators,2 - Occasional / peripheral,2,4 - Difficult,4,8,Expert_Survey_E15_KR.xlsx,Round 1
E15_KR,1,20+,3,136,Development,Programming,Entity Types,5 - Essential / continuous,5,3 - Moderate,3,15,Expert_Survey_E15_KR.xlsx,Round 1
E15_KR,1,20+,3,137,Development,Programming,Enumerations,5 - Essential / continuous,5,3 - Moderate,3,15,Expert_Survey_E15_KR.xlsx,Round 1
E15_KR,1,20+,3,138,Development,Programming,Functions,3 - Moderate / recurring,3,4 - Difficult,4,12,Expert_Survey_E15_KR.xlsx,Round 1
E15_KR,1,20+,3,139,Development,Programming,HTML,2 - Occasional / peripheral,2,4 - Difficult,4,8,Expert_Survey_E15_KR.xlsx,Round 1
E15_KR,1,20+,3,140,Development,Programming,SDK/IDE,2 - Occasional / peripheral,2,5 - Very difficult,5,10,Expert_Survey_E15_KR.xlsx,Round 1
E15_KR,1,20+,3,141,Development,Programming,Iteration Statements,4 - Frequent / important,4,3 - Moderate,3,12,Expert_Survey_E15_KR.xlsx,Round 1
E15_KR,1,20+,3,142,Development,Programming,Java,2 - Occasional / peripheral,2,5 - Very difficult,5,10,Expert_Survey_E15_KR.xlsx,Round 1
E15_KR,1,20+,3,143,Development,Programming,Java API,2 - Occasional / peripheral,2,5 - Very difficult,5,10,Expert_Survey_E15_KR.xlsx,Round 1
E15_KR,1,20+,3,144,Development,Programming,JavaScript,2 - Occasional / peripheral,2,5 - Very difficult,5,10,Expert_Survey_E15_KR.xlsx,Round 1
E15_KR,1,20+,3,145,Development,Programming,JSON,4 - Frequent / important,4,3 - Moderate,3,12,Expert_Survey_E15_KR.xlsx,Round 1
E15_KR,1,20+,3,146,Development,Programming,Markup Language,3 - Moderate / recurring,3,3 - Moderate,3,9,Expert_Survey_E15_KR.xlsx,Round 1
E15_KR,1,20+,3,147,Development,Programming,Metadata,5 - Essential / continuous,5,3 - Moderate,3,15,Expert_Survey_E15_KR.xlsx,Round 1
E15_KR,1,20+,3,148,Development,Programming,Native Mobile App,4 - Frequent / important,4,4 - Difficult,4,16,Expert_Survey_E15_KR.xlsx,Round 1
E15_KR,1,20+,3,149,Development,Programming,node.js,3 - Moderate / recurring,3,5 - Very difficult,5,15,Expert_Survey_E15_KR.xlsx,Round 2
E15_KR,1,20+,3,150,Development,Programming,PWA,2 - Occasional / peripheral,2,5 - Very difficult,5,10,Expert_Survey_E15_KR.xlsx,Round 1
E15_KR,1,20+,3,151,Development,Programming,Query Functions,4 - Frequent / important,4,3 - Moderate,3,12,Expert_Survey_E15_KR.xlsx,Round 1
E15_KR,1,20+,3,152,Development,Programming,Scripts,3 - Moderate / recurring,3,4 - Difficult,4,12,Expert_Survey_E15_KR.xlsx,Round 1
E15_KR,1,20+,3,153,Development,Programming,Snippets,2 - Occasional / peripheral,2,5 - Very difficult,5,10,Expert_Survey_E15_KR.xlsx,Round 1
E15_KR,1,20+,3,154,Development,Programming,TypeScript,3 - Moderate / recurring,3,5 - Very difficult,5,15,Expert_Survey_E15_KR.xlsx,Round 1
E15_KR,1,20+,3,155,Development,Programming,Web API,2 - Occasional / peripheral,2,5 - Very difficult,5,10,Expert_Survey_E15_KR.xlsx,Round 1
E15_KR,1,20+,3,156,Development,Programming,XML,4 - Frequent / important,4,3 - Moderate,3,12,Expert_Survey_E15_KR.xlsx,Round 1
E15_KR,1,20+,3,157,Implementation,Runtime server installation,+Cloud Based Environment,5 - Essential / continuous,5,4 - Difficult,4,20,Expert_Survey_E15_KR.xlsx,Round 2
E15_KR,1,20+,3,158,Implementation,Runtime server installation,API,2 - Occasional / peripheral,2,5 - Very difficult,5,10,Expert_Survey_E15_KR.xlsx,Round 1
E15_KR,1,20+,3,159,Implementation,Runtime server installation,Compiler Service,3 - Moderate / recurring,3,5 - Very difficult,5,15,Expert_Survey_E15_KR.xlsx,Round 1
E15_KR,1,20+,3,160,Implementation,Runtime server installation,Database Synchronization,3 - Moderate / recurring,3,5 - Very difficult,5,15,Expert_Survey_E15_KR.xlsx,Round 1
E15_KR,1,20+,3,161,Implementation,Runtime server installation,Deployment Controller Service,3 - Moderate / recurring,3,5 - Very difficult,5,15,Expert_Survey_E15_KR.xlsx,Round 1
E15_KR,1,20+,3,162,Implementation,Runtime server installation,Email Server (SMTP),4 - Frequent / important,4,4 - Difficult,4,16,Expert_Survey_E15_KR.xlsx,Round 1
E15_KR,1,20+,3,163,Implementation,Runtime server installation,File Storage,4 - Frequent / important,4,4 - Difficult,4,16,Expert_Survey_E15_KR.xlsx,Round 1
E15_KR,1,20+,3,164,Implementation,Runtime server installation,HTTPS Server,4 - Frequent / important,4,5 - Very difficult,5,20,Expert_Survey_E15_KR.xlsx,Round 2
E15_KR,1,20+,3,165,Implementation,Runtime server installation,Java,4 - Frequent / important,4,5 - Very difficult,5,20,Expert_Survey_E15_KR.xlsx,Round 2
E15_KR,1,20+,3,166,Implementation,Runtime server installation,Load Balancing,2 - Occasional / peripheral,2,4 - Difficult,4,8,Expert_Survey_E15_KR.xlsx,Round 1
E15_KR,1,20+,3,167,Implementation,Runtime server installation,Log Service,2 - Occasional / peripheral,2,3 - Moderate,3,6,Expert_Survey_E15_KR.xlsx,Round 1
E15_KR,1,20+,3,168,Implementation,Runtime server installation,Mobile App,4 - Frequent / important,4,3 - Moderate,3,12,Expert_Survey_E15_KR.xlsx,Round 1
E15_KR,1,20+,3,169,Implementation,Runtime server installation,OQL,3 - Moderate / recurring,3,4 - Difficult,4,12,Expert_Survey_E15_KR.xlsx,Round 1
E15_KR,1,20+,3,170,Implementation,Runtime server installation,Proxy server,4 - Frequent / important,4,4 - Difficult,4,16,Expert_Survey_E15_KR.xlsx,Round 1
E15_KR,1,20+,3,171,Implementation,Runtime server installation,Relational Database,5 - Essential / continuous,5,5 - Very difficult,5,25,Expert_Survey_E15_KR.xlsx,Round 2
E15_KR,1,20+,3,172,Implementation,Runtime server installation,REST API,4 - Frequent / important,4,4 - Difficult,4,16,Expert_Survey_E15_KR.xlsx,Round 1
E15_KR,1,20+,3,173,Implementation,Runtime server installation,SAML Authentication,5 - Essential / continuous,5,5 - Very difficult,5,25,Expert_Survey_E15_KR.xlsx,Round 2
E15_KR,1,20+,3,174,Implementation,Runtime server installation,Scheduler Service,3 - Moderate / recurring,3,4 - Difficult,4,12,Expert_Survey_E15_KR.xlsx,Round 1
E15_KR,1,20+,3,175,Implementation,Runtime server installation,Shared Libraries,4 - Frequent / important,4,4 - Difficult,4,16,Expert_Survey_E15_KR.xlsx,Round 1
E15_KR,1,20+,3,176,Implementation,Runtime server installation,SOAP,4 - Frequent / important,4,5 - Very difficult,5,20,Expert_Survey_E15_KR.xlsx,Round 2
E15_KR,1,20+,3,177,Implementation,Runtime server installation,SSL Certificates,4 - Frequent / important,4,4 - Difficult,4,16,Expert_Survey_E15_KR.xlsx,Round 1
E15_KR,1,20+,3,178,Implementation,Runtime server installation,Swagger,3 - Moderate / recurring,3,4 - Difficult,4,12,Expert_Survey_E15_KR.xlsx,Round 1
E15_KR,1,20+,3,179,Implementation,Runtime server installation,WSDL,3 - Moderate / recurring,3,5 - Very difficult,5,15,Expert_Survey_E15_KR.xlsx,Round 1
E15_KR,1,20+,3,180,Implementation,Runtime server installation,XML/XPath,4 - Frequent / important,4,4 - Difficult,4,16,Expert_Survey_E15_KR.xlsx,Round 2
E15_KR,1,20+,3,181,Implementation,Database installation,+Embedded Database,4 - Frequent / important,4,3 - Moderate,3,12,Expert_Survey_E15_KR.xlsx,Round 1
E15_KR,1,20+,3,182,Implementation,Database installation,File Storage,5 - Essential / continuous,5,3 - Moderate,3,15,Expert_Survey_E15_KR.xlsx,Round 1
E15_KR,1,20+,3,183,Implementation,Database installation,Relational Database,5 - Essential / continuous,5,5 - Very difficult,5,25,Expert_Survey_E15_KR.xlsx,Round 2
E15_KR,1,20+,3,184,Implementation,Database installation,REST API,3 - Moderate / recurring,3,4 - Difficult,4,12,Expert_Survey_E15_KR.xlsx,Round 1
E15_KR,1,20+,3,185,Implementation,Client module installation,.NET Framework,4 - Frequent / important,4,5 - Very difficult,5,20,Expert_Survey_E15_KR.xlsx,Round 2
E15_KR,1,20+,3,186,Implementation,Client module installation,+Mobile App,4 - Frequent / important,4,4 - Difficult,4,16,Expert_Survey_E15_KR.xlsx,Round 1
E15_KR,1,20+,3,187,Implementation,Client module installation,+Web Browser,5 - Essential / continuous,5,1 - Very easy,1,5,Expert_Survey_E15_KR.xlsx,Round 1
E15_KR,1,20+,3,188,Implementation,Client module installation,API,3 - Moderate / recurring,3,4 - Difficult,4,12,Expert_Survey_E15_KR.xlsx,Round 1
E15_KR,1,20+,3,189,Implementation,Client module installation,Binaries,4 - Frequent / important,4,3 - Moderate,3,12,Expert_Survey_E15_KR.xlsx,Round 1
E15_KR,1,20+,3,190,Implementation,Client module installation,HTTPS Server,4 - Frequent / important,4,4 - Difficult,4,16,Expert_Survey_E15_KR.xlsx,Round 1
E15_KR,1,20+,3,191,Implementation,Client module installation,URL Configuration,4 - Frequent / important,4,3 - Moderate,3,12,Expert_Survey_E15_KR.xlsx,Round 1
E15_KR,1,20+,3,192,Implementation,Client module installation,Web Services,3 - Moderate / recurring,3,4 - Difficult,4,12,Expert_Survey_E15_KR.xlsx,Round 1
E15_KR,1,20+,3,193,Implementation,Deployment,+App Gallery,4 - Frequent / important,4,1 - Very easy,1,4,Expert_Survey_E15_KR.xlsx,Round 1
E15_KR,1,20+,3,194,Implementation,Deployment,+Software as a Service,4 - Frequent / important,4,1 - Very easy,1,4,Expert_Survey_E15_KR.xlsx,Round 1
E15_KR,1,20+,3,195,Implementation,Deployment,Application IDE,3 - Moderate / recurring,3,4 - Difficult,4,12,Expert_Survey_E15_KR.xlsx,Round 1
E15_KR,1,20+,3,196,Implementation,Deployment,CI/CD,5 - Essential / continuous,5,5 - Very difficult,5,25,Expert_Survey_E15_KR.xlsx,Round 2
E15_KR,1,20+,3,197,Implementation,Deployment,Cloud Computing,4 - Frequent / important,4,4 - Difficult,4,16,Expert_Survey_E15_KR.xlsx,Round 1
E15_KR,1,20+,3,198,Implementation,Deployment,Cloud Services,4 - Frequent / important,4,4 - Difficult,4,16,Expert_Survey_E15_KR.xlsx,Round 1
E15_KR,1,20+,3,199,Implementation,Deployment,Docker,5 - Essential / continuous,5,5 - Very difficult,5,25,Expert_Survey_E15_KR.xlsx,Round 2
E15_KR,1,20+,3,200,Implementation,Deployment,Import/Export,5 - Essential / continuous,5,3 - Moderate,3,15,Expert_Survey_E15_KR.xlsx,Round 1
E15_KR,1,20+,3,201,Implementation,Deployment,Kubernetes,4 - Frequent / important,4,5 - Very difficult,5,20,Expert_Survey_E15_KR.xlsx,Round 2
E15_KR,1,20+,3,202,Implementation,Deployment,On-Premise,4 - Frequent / important,4,3 - Moderate,3,12,Expert_Survey_E15_KR.xlsx,Round 1
E15_KR,1,20+,3,203,Implementation,Deployment,On-premises Data Gateway,4 - Frequent / important,4,4 - Difficult,4,16,Expert_Survey_E15_KR.xlsx,Round 1
E15_KR,1,20+,3,204,Implementation,Deployment,REST API,3 - Moderate / recurring,3,4 - Difficult,4,12,Expert_Survey_E15_KR.xlsx,Round 1
E15_KR,1,20+,3,205,Implementation,Deployment,Scripts,5 - Essential / continuous,5,4 - Difficult,4,20,Expert_Survey_E15_KR.xlsx,Round 2
E15_KR,1,20+,3,206,Implementation,Deployment,SOAP,4 - Frequent / important,4,5 - Very difficult,5,20,Expert_Survey_E15_KR.xlsx,Round 2
E15_KR,1,20+,3,207,Implementation,Version control,Code Repository Concept,5 - Essential / continuous,5,4 - Difficult,4,20,Expert_Survey_E15_KR.xlsx,Round 2
E15_KR,1,20+,3,208,Implementation,Version control,Custom Version Control,5 - Essential / continuous,5,4 - Difficult,4,20,Expert_Survey_E15_KR.xlsx,Round 2
E15_KR,1,20+,3,209,Implementation,Version control,Git,5 - Essential / continuous,5,4 - Difficult,4,20,Expert_Survey_E15_KR.xlsx,Round 2
