file_name,expert_id,round,years_experience_band,lcdp_experience_count,project_stage,project_task,skill_id,skill_name,usage_intensity_label,usage_intensity,difficulty_acquisition_label,difficulty_acquisition,synthetic_weight,comment
Expert_Survey_E01_RW.xlsx,E01_RW,1,20+,4,Design,Workflow model,1,+BPMN Process Model,5 - Essential / continuous,5,2 - Easy,2,10,
Expert_Survey_E01_RW.xlsx,E01_RW,1,20+,4,Design,Workflow model,2,Custom Process Model,5 - Essential / continuous,5,4 - Difficult,4,20,Usage Intensity
Expert_Survey_E01_RW.xlsx,E01_RW,1,20+,4,Design,Database model,3,+Business Data Types,4 - Frequent / important,4,1 - Very easy,1,4,1 - Rare / avoidable
Expert_Survey_E01_RW.xlsx,E01_RW,1,20+,4,Design,Database model,4,+Form-based Data,2 - Occasional / peripheral,2,2 - Easy,2,4,2 - Occasional / peripheral
Expert_Survey_E01_RW.xlsx,E01_RW,1,20+,4,Design,Database model,5,+Item-Detail,2 - Occasional / peripheral,2,3 - Moderate,3,6,3 - Moderate / recurring
Expert_Survey_E01_RW.xlsx,E01_RW,1,20+,4,Design,Database model,6,+Lookup/Drop-down,2 - Occasional / peripheral,2,3 - Moderate,3,6,4 - Frequent / important
Expert_Survey_E01_RW.xlsx,E01_RW,1,20+,4,Design,Database model,7,+Predefined Entities,1 - Rare / avoidable,1,1 - Very easy,1,1,5 - Essential / continuous
Expert_Survey_E01_RW.xlsx,E01_RW,1,20+,4,Design,Database model,8,Domain Model,4 - Frequent / important,4,3 - Moderate,3,12,
Expert_Survey_E01_RW.xlsx,E01_RW,1,20+,4,Design,Database model,9,Conditional Expressions,5 - Essential / continuous,5,2 - Easy,2,10,Difficulty of Acquisition
Expert_Survey_E01_RW.xlsx,E01_RW,1,20+,4,Design,Database model,10,Constraints,4 - Frequent / important,4,3 - Moderate,3,12,1 - Very easy
Expert_Survey_E01_RW.xlsx,E01_RW,1,20+,4,Design,Database model,11,Data Structure,4 - Frequent / important,4,4 - Difficult,4,16,2 - Easy
Expert_Survey_E01_RW.xlsx,E01_RW,1,20+,4,Design,Database model,12,IT Data Types,2 - Occasional / peripheral,2,4 - Difficult,4,8,3 - Moderate
Expert_Survey_E01_RW.xlsx,E01_RW,1,20+,4,Design,Database model,13,Denormalization,2 - Occasional / peripheral,2,5 - Very difficult,5,10,4 - Difficult
Expert_Survey_E01_RW.xlsx,E01_RW,1,20+,4,Design,Database model,14,Entity Diagrams,3 - Moderate / recurring,3,2 - Easy,2,6,5 - Very difficult
Expert_Survey_E01_RW.xlsx,E01_RW,1,20+,4,Design,Database model,15,Enumerations,4 - Frequent / important,4,4 - Difficult,4,16,
Expert_Survey_E01_RW.xlsx,E01_RW,1,20+,4,Design,Database model,16,Expressions,3 - Moderate / recurring,3,5 - Very difficult,5,15,Instruction
Expert_Survey_E01_RW.xlsx,E01_RW,1,20+,4,Design,Database model,17,Relational Database,2 - Occasional / peripheral,2,1 - Very easy,1,2,
Expert_Survey_E01_RW.xlsx,E01_RW,1,20+,4,Design,Database model,18,XML/XPath,4 - Frequent / important,4,5 - Very difficult,5,20,
Expert_Survey_E01_RW.xlsx,E01_RW,1,20+,4,Design,UI model,19,+App templates,3 - Moderate / recurring,3,2 - Easy,2,6,
Expert_Survey_E01_RW.xlsx,E01_RW,1,20+,4,Design,UI model,20,+Business Data Types,3 - Moderate / recurring,3,2 - Easy,2,6,
Expert_Survey_E01_RW.xlsx,E01_RW,1,20+,4,Design,UI model,21,+Screen Templates,3 - Moderate / recurring,3,2 - Easy,2,6,
Expert_Survey_E01_RW.xlsx,E01_RW,1,20+,4,Design,UI model,22,+UI Branding,2 - Occasional / peripheral,2,2 - Easy,2,4,
Expert_Survey_E01_RW.xlsx,E01_RW,1,20+,4,Design,UI model,23,+View Types,5 - Essential / continuous,5,2 - Easy,2,10,
Expert_Survey_E01_RW.xlsx,E01_RW,1,20+,4,Design,UI model,24,Expressions,5 - Essential / continuous,5,4 - Difficult,4,20,
Expert_Survey_E01_RW.xlsx,E01_RW,1,20+,4,Design,UI model,25,IT Data Types,4 - Frequent / important,4,3 - Moderate,3,12,
Expert_Survey_E01_RW.xlsx,E01_RW,1,20+,4,Design,UI model,26,Functions,4 - Frequent / important,4,5 - Very difficult,5,20,
Expert_Survey_E01_RW.xlsx,E01_RW,1,20+,4,Design,UI model,27,Model-driven Apps,5 - Essential / continuous,5,5 - Very difficult,5,25,
Expert_Survey_E01_RW.xlsx,E01_RW,1,20+,4,Design,UI model,28,Reactive Web App,5 - Essential / continuous,5,5 - Very difficult,5,25,
Expert_Survey_E01_RW.xlsx,E01_RW,1,20+,4,Design,UI model,29,Responsive Web Design,5 - Essential / continuous,5,5 - Very difficult,5,25,
Expert_Survey_E01_RW.xlsx,E01_RW,1,20+,4,Design,UI model,30,Variables,5 - Essential / continuous,5,3 - Moderate,3,15,
Expert_Survey_E01_RW.xlsx,E01_RW,1,20+,4,Design,Validations,31,+Business Rules,5 - Essential / continuous,5,3 - Moderate,3,15,
Expert_Survey_E01_RW.xlsx,E01_RW,1,20+,4,Design,Validations,32,+Lookup/Drop-down,5 - Essential / continuous,5,3 - Moderate,3,15,
Expert_Survey_E01_RW.xlsx,E01_RW,1,20+,4,Design,Validations,33,Expressions,4 - Frequent / important,4,4 - Difficult,4,16,
Expert_Survey_E01_RW.xlsx,E01_RW,1,20+,4,Design,Validations,34,Enumerations,4 - Frequent / important,4,3 - Moderate,3,12,
Expert_Survey_E01_RW.xlsx,E01_RW,1,20+,4,Design,Validations,35,JavaScript,4 - Frequent / important,4,5 - Very difficult,5,20,
Expert_Survey_E01_RW.xlsx,E01_RW,1,20+,4,Design,Validations,36,Scripts,4 - Frequent / important,4,4 - Difficult,4,16,
Expert_Survey_E01_RW.xlsx,E01_RW,1,20+,4,Design,Validations,37,Transactions,4 - Frequent / important,4,4 - Difficult,4,16,
Expert_Survey_E01_RW.xlsx,E01_RW,1,20+,4,Design,Application logic,38,+Actions,3 - Moderate / recurring,3,3 - Moderate,3,9,
Expert_Survey_E01_RW.xlsx,E01_RW,1,20+,4,Design,Application logic,39,+Graphical actions,3 - Moderate / recurring,3,2 - Easy,2,6,
Expert_Survey_E01_RW.xlsx,E01_RW,1,20+,4,Design,Application logic,40,+NLP,3 - Moderate / recurring,3,2 - Easy,2,6,
Expert_Survey_E01_RW.xlsx,E01_RW,1,20+,4,Design,Application logic,41,+Custom Language,4 - Frequent / important,4,3 - Moderate,3,12,
Expert_Survey_E01_RW.xlsx,E01_RW,1,20+,4,Design,Application logic,42,+Predefined Tasks,4 - Frequent / important,4,2 - Easy,2,8,
Expert_Survey_E01_RW.xlsx,E01_RW,1,20+,4,Design,Application logic,43,UML,4 - Frequent / important,4,4 - Difficult,4,16,
Expert_Survey_E01_RW.xlsx,E01_RW,1,20+,4,Design,Application logic,44,Algorithms,4 - Frequent / important,4,3 - Moderate,3,12,
Expert_Survey_E01_RW.xlsx,E01_RW,1,20+,4,Design,Application logic,45,Expressions,5 - Essential / continuous,5,2 - Easy,2,10,
Expert_Survey_E01_RW.xlsx,E01_RW,1,20+,4,Design,Application logic,46,Control Structures,4 - Frequent / important,4,3 - Moderate,3,12,
Expert_Survey_E01_RW.xlsx,E01_RW,1,20+,4,Design,Application logic,47,IT Data Types,5 - Essential / continuous,5,3 - Moderate,3,15,
Expert_Survey_E01_RW.xlsx,E01_RW,1,20+,4,Design,Application logic,48,Events,4 - Frequent / important,4,3 - Moderate,3,12,
Expert_Survey_E01_RW.xlsx,E01_RW,1,20+,4,Design,Application logic,49,Formulas,5 - Essential / continuous,5,4 - Difficult,4,20,
Expert_Survey_E01_RW.xlsx,E01_RW,1,20+,4,Design,Application logic,50,Functions,5 - Essential / continuous,5,5 - Very difficult,5,25,
Expert_Survey_E01_RW.xlsx,E01_RW,1,20+,4,Design,Application logic,51,Java,4 - Frequent / important,4,5 - Very difficult,5,20,
Expert_Survey_E01_RW.xlsx,E01_RW,1,20+,4,Design,Application logic,52,JavaScript,4 - Frequent / important,4,5 - Very difficult,5,20,
Expert_Survey_E01_RW.xlsx,E01_RW,1,20+,4,Design,Application logic,53,Microservices,4 - Frequent / important,4,5 - Very difficult,5,20,
Expert_Survey_E01_RW.xlsx,E01_RW,1,20+,4,Design,Application logic,54,SQL,4 - Frequent / important,4,5 - Very difficult,5,20,
Expert_Survey_E01_RW.xlsx,E01_RW,1,20+,4,Design,Application logic,55,Variables,5 - Essential / continuous,5,3 - Moderate,3,15,
Expert_Survey_E01_RW.xlsx,E01_RW,1,20+,4,Development,Workflow design and development,56,+BPMN Process Model,3 - Moderate / recurring,3,3 - Moderate,3,9,
Expert_Survey_E01_RW.xlsx,E01_RW,1,20+,4,Development,Workflow design and development,57,Expressions,4 - Frequent / important,4,4 - Difficult,4,16,
Expert_Survey_E01_RW.xlsx,E01_RW,1,20+,4,Development,Workflow design and development,58,Custom Process Model,3 - Moderate / recurring,3,4 - Difficult,4,12,
Expert_Survey_E01_RW.xlsx,E01_RW,1,20+,4,Development,Workflow design and development,59,Events,3 - Moderate / recurring,3,3 - Moderate,3,9,
Expert_Survey_E01_RW.xlsx,E01_RW,1,20+,4,Development,Workflow design and development,60,Java API,4 - Frequent / important,4,5 - Very difficult,5,20,
Expert_Survey_E01_RW.xlsx,E01_RW,1,20+,4,Development,Workflow design and development,61,JavaScript,4 - Frequent / important,4,5 - Very difficult,5,20,
Expert_Survey_E01_RW.xlsx,E01_RW,1,20+,4,Development,Workflow design and development,62,REST API,3 - Moderate / recurring,3,5 - Very difficult,5,15,
Expert_Survey_E01_RW.xlsx,E01_RW,1,20+,4,Development,Workflow design and development,63,Triggers,4 - Frequent / important,4,3 - Moderate,3,12,
Expert_Survey_E01_RW.xlsx,E01_RW,1,20+,4,Development,Database design,64,+Business Data Types,5 - Essential / continuous,5,2 - Easy,2,10,
Expert_Survey_E01_RW.xlsx,E01_RW,1,20+,4,Development,Database design,65,+Custom Database Model,5 - Essential / continuous,5,3 - Moderate,3,15,
Expert_Survey_E01_RW.xlsx,E01_RW,1,20+,4,Development,Database design,66,+References,5 - Essential / continuous,5,2 - Easy,2,10,
Expert_Survey_E01_RW.xlsx,E01_RW,1,20+,4,Development,Database design,67,+Slices,4 - Frequent / important,4,2 - Easy,2,8,
Expert_Survey_E01_RW.xlsx,E01_RW,1,20+,4,Development,Database design,68,Actions,4 - Frequent / important,4,3 - Moderate,3,12,
Expert_Survey_E01_RW.xlsx,E01_RW,1,20+,4,Development,Database design,69,Expressions,3 - Moderate / recurring,3,4 - Difficult,4,12,
Expert_Survey_E01_RW.xlsx,E01_RW,1,20+,4,Development,Database design,70,Relational Database,4 - Frequent / important,4,5 - Very difficult,5,20,
Expert_Survey_E01_RW.xlsx,E01_RW,1,20+,4,Development,Database design,71,Entity Diagrams,4 - Frequent / important,4,3 - Moderate,3,12,
Expert_Survey_E01_RW.xlsx,E01_RW,1,20+,4,Development,Database design,72,Functions,3 - Moderate / recurring,3,5 - Very difficult,5,15,
Expert_Survey_E01_RW.xlsx,E01_RW,1,20+,4,Development,Database design,73,SQL,4 - Frequent / important,4,5 - Very difficult,5,20,
Expert_Survey_E01_RW.xlsx,E01_RW,1,20+,4,Development,Database design,74,IT Data Types,5 - Essential / continuous,5,3 - Moderate,3,15,
Expert_Survey_E01_RW.xlsx,E01_RW,1,20+,4,Development,Database design,75,Web API,3 - Moderate / recurring,3,5 - Very difficult,5,15,
Expert_Survey_E01_RW.xlsx,E01_RW,1,20+,4,Development,Fetching data,76,.NET,3 - Moderate / recurring,3,5 - Very difficult,5,15,
Expert_Survey_E01_RW.xlsx,E01_RW,1,20+,4,Development,Fetching data,77,+Cloud-based Spreadsheets,4 - Frequent / important,4,3 - Moderate,3,12,
Expert_Survey_E01_RW.xlsx,E01_RW,1,20+,4,Development,Fetching data,78,+GUI Queries,4 - Frequent / important,4,3 - Moderate,3,12,
Expert_Survey_E01_RW.xlsx,E01_RW,1,20+,4,Development,Fetching data,79,+Human Language,2 - Occasional / peripheral,2,1 - Very easy,1,2,
Expert_Survey_E01_RW.xlsx,E01_RW,1,20+,4,Development,Fetching data,80,+Integrated Data Sources,3 - Moderate / recurring,3,2 - Easy,2,6,
Expert_Survey_E01_RW.xlsx,E01_RW,1,20+,4,Development,Fetching data,81,Cloud Services,2 - Occasional / peripheral,2,4 - Difficult,4,8,
Expert_Survey_E01_RW.xlsx,E01_RW,1,20+,4,Development,Fetching data,82,Custom Query Language,2 - Occasional / peripheral,2,4 - Difficult,4,8,
Expert_Survey_E01_RW.xlsx,E01_RW,1,20+,4,Development,Fetching data,83,Data Source Integration,2 - Occasional / peripheral,2,5 - Very difficult,5,10,
Expert_Survey_E01_RW.xlsx,E01_RW,1,20+,4,Development,Fetching data,84,Formulas,2 - Occasional / peripheral,2,3 - Moderate,3,6,
Expert_Survey_E01_RW.xlsx,E01_RW,1,20+,4,Development,Fetching data,85,Local Storage,2 - Occasional / peripheral,2,3 - Moderate,3,6,
Expert_Survey_E01_RW.xlsx,E01_RW,1,20+,4,Development,Fetching data,86,OAuth,2 - Occasional / peripheral,2,4 - Difficult,4,8,
Expert_Survey_E01_RW.xlsx,E01_RW,1,20+,4,Development,Fetching data,87,REST API,2 - Occasional / peripheral,2,4 - Difficult,4,8,
Expert_Survey_E01_RW.xlsx,E01_RW,1,20+,4,Development,Fetching data,88,SDK,2 - Occasional / peripheral,2,5 - Very difficult,5,10,
Expert_Survey_E01_RW.xlsx,E01_RW,1,20+,4,Development,Fetching data,89,SQL,2 - Occasional / peripheral,2,5 - Very difficult,5,10,
Expert_Survey_E01_RW.xlsx,E01_RW,1,20+,4,Development,Fetching data,90,URL,2 - Occasional / peripheral,2,2 - Easy,2,4,
Expert_Survey_E01_RW.xlsx,E01_RW,1,20+,4,Development,Fetching data,91,Web API,2 - Occasional / peripheral,2,4 - Difficult,4,8,
Expert_Survey_E01_RW.xlsx,E01_RW,1,20+,4,Development,GUI design and development,92,+AI Support,3 - Moderate / recurring,3,2 - Easy,2,6,
Expert_Survey_E01_RW.xlsx,E01_RW,1,20+,4,Development,GUI design and development,93,+Business Data Types,4 - Frequent / important,4,2 - Easy,2,8,
Expert_Survey_E01_RW.xlsx,E01_RW,1,20+,4,Development,GUI design and development,94,+Conditional Formatting,5 - Essential / continuous,5,2 - Easy,2,10,
Expert_Survey_E01_RW.xlsx,E01_RW,1,20+,4,Development,GUI design and development,95,+GUI Style Editor,5 - Essential / continuous,5,2 - Easy,2,10,
Expert_Survey_E01_RW.xlsx,E01_RW,1,20+,4,Development,GUI design and development,96,+Templatized Formulas,5 - Essential / continuous,5,2 - Easy,2,10,
Expert_Survey_E01_RW.xlsx,E01_RW,1,20+,4,Development,GUI design and development,97,+UI Branding,2 - Occasional / peripheral,2,2 - Easy,2,4,
Expert_Survey_E01_RW.xlsx,E01_RW,1,20+,4,Development,GUI design and development,98,+View Types,4 - Frequent / important,4,2 - Easy,2,8,
Expert_Survey_E01_RW.xlsx,E01_RW,1,20+,4,Development,GUI design and development,99,+WYSIWYG,4 - Frequent / important,4,2 - Easy,2,8,
Expert_Survey_E01_RW.xlsx,E01_RW,1,20+,4,Development,GUI design and development,100,CSS/SCSS,2 - Occasional / peripheral,2,4 - Difficult,4,8,
Expert_Survey_E01_RW.xlsx,E01_RW,1,20+,4,Development,GUI design and development,101,Event Propagation,3 - Moderate / recurring,3,4 - Difficult,4,12,
Expert_Survey_E01_RW.xlsx,E01_RW,1,20+,4,Development,GUI design and development,102,Responsive Web Design,3 - Moderate / recurring,3,4 - Difficult,4,12,
Expert_Survey_E01_RW.xlsx,E01_RW,1,20+,4,Development,GUI design and development,103,HTML,3 - Moderate / recurring,3,4 - Difficult,4,12,
Expert_Survey_E01_RW.xlsx,E01_RW,1,20+,4,Development,GUI design and development,104,IT Data Types,5 - Essential / continuous,5,3 - Moderate,3,15,
Expert_Survey_E01_RW.xlsx,E01_RW,1,20+,4,Development,GUI design and development,105,JavaScript,3 - Moderate / recurring,3,5 - Very difficult,5,15,
Expert_Survey_E01_RW.xlsx,E01_RW,1,20+,4,Development,GUI design and development,106,Master Detail,5 - Essential / continuous,5,2 - Easy,2,10,
Expert_Survey_E01_RW.xlsx,E01_RW,1,20+,4,Development,GUI design and development,107,Programming Functions,4 - Frequent / important,4,5 - Very difficult,5,20,
Expert_Survey_E01_RW.xlsx,E01_RW,1,20+,4,Development,GUI design and development,108,Scripts,4 - Frequent / important,4,4 - Difficult,4,16,
Expert_Survey_E01_RW.xlsx,E01_RW,1,20+,4,Development,GUI design and development,109,Snippets,3 - Moderate / recurring,3,5 - Very difficult,5,15,
Expert_Survey_E01_RW.xlsx,E01_RW,1,20+,4,Development,GUI design and development,110,Variables,5 - Essential / continuous,5,3 - Moderate,3,15,
Expert_Survey_E01_RW.xlsx,E01_RW,1,20+,4,Development,GUI design and development,111,XML,4 - Frequent / important,4,4 - Difficult,4,16,
Expert_Survey_E01_RW.xlsx,E01_RW,1,20+,4,Development,Data validation development,112,+Business Rules,5 - Essential / continuous,5,3 - Moderate,3,15,
Expert_Survey_E01_RW.xlsx,E01_RW,1,20+,4,Development,Data validation development,113,+Column Expressions,4 - Frequent / important,4,3 - Moderate,3,12,
Expert_Survey_E01_RW.xlsx,E01_RW,1,20+,4,Development,Data validation development,114,Expressions,5 - Essential / continuous,5,3 - Moderate,3,15,
Expert_Survey_E01_RW.xlsx,E01_RW,1,20+,4,Development,Data validation development,115,Data Fields,5 - Essential / continuous,5,3 - Moderate,3,15,
Expert_Survey_E01_RW.xlsx,E01_RW,1,20+,4,Development,Data validation development,116,Domain Model,5 - Essential / continuous,5,4 - Difficult,4,20,
Expert_Survey_E01_RW.xlsx,E01_RW,1,20+,4,Development,Data validation development,117,Scripts,3 - Moderate / recurring,3,4 - Difficult,4,12,
Expert_Survey_E01_RW.xlsx,E01_RW,1,20+,4,Development,Actions design and development,118,+AI Assisted Development,3 - Moderate / recurring,3,2 - Easy,2,6,
Expert_Survey_E01_RW.xlsx,E01_RW,1,20+,4,Development,Actions design and development,119,+Automations,4 - Frequent / important,4,3 - Moderate,3,12,
Expert_Survey_E01_RW.xlsx,E01_RW,1,20+,4,Development,Actions design and development,120,+Built-in Connectors,4 - Frequent / important,4,2 - Easy,2,8,
Expert_Survey_E01_RW.xlsx,E01_RW,1,20+,4,Development,Actions design and development,121,API,3 - Moderate / recurring,3,5 - Very difficult,5,15,
Expert_Survey_E01_RW.xlsx,E01_RW,1,20+,4,Development,Actions design and development,122,Expressions,5 - Essential / continuous,5,4 - Difficult,4,20,
Expert_Survey_E01_RW.xlsx,E01_RW,1,20+,4,Development,Actions design and development,123,Functions,5 - Essential / continuous,5,5 - Very difficult,5,25,
Expert_Survey_E01_RW.xlsx,E01_RW,1,20+,4,Development,Actions design and development,124,Java,4 - Frequent / important,4,5 - Very difficult,5,20,
Expert_Survey_E01_RW.xlsx,E01_RW,1,20+,4,Development,Actions design and development,125,JavaScript,4 - Frequent / important,4,5 - Very difficult,5,20,
Expert_Survey_E01_RW.xlsx,E01_RW,1,20+,4,Development,Actions design and development,126,Object Model,3 - Moderate / recurring,3,4 - Difficult,4,12,
Expert_Survey_E01_RW.xlsx,E01_RW,1,20+,4,Development,Actions design and development,127,Scripts,3 - Moderate / recurring,3,4 - Difficult,4,12,
Expert_Survey_E01_RW.xlsx,E01_RW,1,20+,4,Development,Actions design and development,128,SOAP,3 - Moderate / recurring,3,5 - Very difficult,5,15,
Expert_Survey_E01_RW.xlsx,E01_RW,1,20+,4,Development,Programming,129,.NET,3 - Moderate / recurring,3,5 - Very difficult,5,15,
Expert_Survey_E01_RW.xlsx,E01_RW,1,20+,4,Development,Programming,130,+Visual Programming,5 - Essential / continuous,5,3 - Moderate,3,15,
Expert_Survey_E01_RW.xlsx,E01_RW,1,20+,4,Development,Programming,131,Expressions,5 - Essential / continuous,5,4 - Difficult,4,20,
Expert_Survey_E01_RW.xlsx,E01_RW,1,20+,4,Development,Programming,132,CLI,2 - Occasional / peripheral,2,5 - Very difficult,5,10,
Expert_Survey_E01_RW.xlsx,E01_RW,1,20+,4,Development,Programming,133,IT Data Types,5 - Essential / continuous,5,3 - Moderate,3,15,
Expert_Survey_E01_RW.xlsx,E01_RW,1,20+,4,Development,Programming,134,Eclipse,3 - Moderate / recurring,3,4 - Difficult,4,12,
Expert_Survey_E01_RW.xlsx,E01_RW,1,20+,4,Development,Programming,135,Emulators,2 - Occasional / peripheral,2,4 - Difficult,4,8,
Expert_Survey_E01_RW.xlsx,E01_RW,1,20+,4,Development,Programming,136,Entity Types,5 - Essential / continuous,5,3 - Moderate,3,15,
Expert_Survey_E01_RW.xlsx,E01_RW,1,20+,4,Development,Programming,137,Enumerations,5 - Essential / continuous,5,3 - Moderate,3,15,
Expert_Survey_E01_RW.xlsx,E01_RW,1,20+,4,Development,Programming,138,Functions,3 - Moderate / recurring,3,4 - Difficult,4,12,
Expert_Survey_E01_RW.xlsx,E01_RW,1,20+,4,Development,Programming,139,HTML,2 - Occasional / peripheral,2,4 - Difficult,4,8,
Expert_Survey_E01_RW.xlsx,E01_RW,1,20+,4,Development,Programming,140,SDK/IDE,2 - Occasional / peripheral,2,5 - Very difficult,5,10,
Expert_Survey_E01_RW.xlsx,E01_RW,1,20+,4,Development,Programming,141,Iteration Statements,4 - Frequent / important,4,3 - Moderate,3,12,
Expert_Survey_E01_RW.xlsx,E01_RW,1,20+,4,Development,Programming,142,Java,2 - Occasional / peripheral,2,5 - Very difficult,5,10,
Expert_Survey_E01_RW.xlsx,E01_RW,1,20+,4,Development,Programming,143,Java API,2 - Occasional / peripheral,2,5 - Very difficult,5,10,
Expert_Survey_E01_RW.xlsx,E01_RW,1,20+,4,Development,Programming,144,JavaScript,2 - Occasional / peripheral,2,5 - Very difficult,5,10,
Expert_Survey_E01_RW.xlsx,E01_RW,1,20+,4,Development,Programming,145,JSON,4 - Frequent / important,4,3 - Moderate,3,12,
Expert_Survey_E01_RW.xlsx,E01_RW,1,20+,4,Development,Programming,146,Markup Language,3 - Moderate / recurring,3,3 - Moderate,3,9,
Expert_Survey_E01_RW.xlsx,E01_RW,1,20+,4,Development,Programming,147,Metadata,5 - Essential / continuous,5,3 - Moderate,3,15,
Expert_Survey_E01_RW.xlsx,E01_RW,1,20+,4,Development,Programming,148,Native Mobile App,4 - Frequent / important,4,4 - Difficult,4,16,
Expert_Survey_E01_RW.xlsx,E01_RW,1,20+,4,Development,Programming,149,node.js,3 - Moderate / recurring,3,5 - Very difficult,5,15,
Expert_Survey_E01_RW.xlsx,E01_RW,1,20+,4,Development,Programming,150,PWA,2 - Occasional / peripheral,2,5 - Very difficult,5,10,
Expert_Survey_E01_RW.xlsx,E01_RW,1,20+,4,Development,Programming,151,Query Functions,4 - Frequent / important,4,3 - Moderate,3,12,
Expert_Survey_E01_RW.xlsx,E01_RW,1,20+,4,Development,Programming,152,Scripts,3 - Moderate / recurring,3,4 - Difficult,4,12,
Expert_Survey_E01_RW.xlsx,E01_RW,1,20+,4,Development,Programming,153,Snippets,2 - Occasional / peripheral,2,5 - Very difficult,5,10,
Expert_Survey_E01_RW.xlsx,E01_RW,1,20+,4,Development,Programming,154,TypeScript,3 - Moderate / recurring,3,5 - Very difficult,5,15,
Expert_Survey_E01_RW.xlsx,E01_RW,1,20+,4,Development,Programming,155,Web API,2 - Occasional / peripheral,2,5 - Very difficult,5,10,
Expert_Survey_E01_RW.xlsx,E01_RW,1,20+,4,Development,Programming,156,XML,4 - Frequent / important,4,3 - Moderate,3,12,
Expert_Survey_E01_RW.xlsx,E01_RW,1,20+,4,Implementation,Runtime server installation,157,+Cloud Based Environment,5 - Essential / continuous,5,4 - Difficult,4,20,
Expert_Survey_E01_RW.xlsx,E01_RW,1,20+,4,Implementation,Runtime server installation,158,API,2 - Occasional / peripheral,2,5 - Very difficult,5,10,
Expert_Survey_E01_RW.xlsx,E01_RW,1,20+,4,Implementation,Runtime server installation,159,Compiler Service,3 - Moderate / recurring,3,5 - Very difficult,5,15,
Expert_Survey_E01_RW.xlsx,E01_RW,1,20+,4,Implementation,Runtime server installation,160,Database Synchronization,3 - Moderate / recurring,3,5 - Very difficult,5,15,
Expert_Survey_E01_RW.xlsx,E01_RW,1,20+,4,Implementation,Runtime server installation,161,Deployment Controller Service,3 - Moderate / recurring,3,5 - Very difficult,5,15,
Expert_Survey_E01_RW.xlsx,E01_RW,1,20+,4,Implementation,Runtime server installation,162,Email Server (SMTP),4 - Frequent / important,4,4 - Difficult,4,16,
Expert_Survey_E01_RW.xlsx,E01_RW,1,20+,4,Implementation,Runtime server installation,163,File Storage,4 - Frequent / important,4,4 - Difficult,4,16,
Expert_Survey_E01_RW.xlsx,E01_RW,1,20+,4,Implementation,Runtime server installation,164,HTTPS Server,4 - Frequent / important,4,5 - Very difficult,5,20,
Expert_Survey_E01_RW.xlsx,E01_RW,1,20+,4,Implementation,Runtime server installation,165,Java,4 - Frequent / important,4,5 - Very difficult,5,20,
Expert_Survey_E01_RW.xlsx,E01_RW,1,20+,4,Implementation,Runtime server installation,166,Load Balancing,2 - Occasional / peripheral,2,4 - Difficult,4,8,
Expert_Survey_E01_RW.xlsx,E01_RW,1,20+,4,Implementation,Runtime server installation,167,Log Service,2 - Occasional / peripheral,2,3 - Moderate,3,6,
Expert_Survey_E01_RW.xlsx,E01_RW,1,20+,4,Implementation,Runtime server installation,168,Mobile App,4 - Frequent / important,4,3 - Moderate,3,12,
Expert_Survey_E01_RW.xlsx,E01_RW,1,20+,4,Implementation,Runtime server installation,169,OQL,3 - Moderate / recurring,3,4 - Difficult,4,12,
Expert_Survey_E01_RW.xlsx,E01_RW,1,20+,4,Implementation,Runtime server installation,170,Proxy server,4 - Frequent / important,4,4 - Difficult,4,16,
Expert_Survey_E01_RW.xlsx,E01_RW,1,20+,4,Implementation,Runtime server installation,171,Relational Database,5 - Essential / continuous,5,5 - Very difficult,5,25,
Expert_Survey_E01_RW.xlsx,E01_RW,1,20+,4,Implementation,Runtime server installation,172,REST API,4 - Frequent / important,4,4 - Difficult,4,16,
Expert_Survey_E01_RW.xlsx,E01_RW,1,20+,4,Implementation,Runtime server installation,173,SAML Authentication,5 - Essential / continuous,5,5 - Very difficult,5,25,
Expert_Survey_E01_RW.xlsx,E01_RW,1,20+,4,Implementation,Runtime server installation,174,Scheduler Service,3 - Moderate / recurring,3,4 - Difficult,4,12,
Expert_Survey_E01_RW.xlsx,E01_RW,1,20+,4,Implementation,Runtime server installation,175,Shared Libraries,4 - Frequent / important,4,4 - Difficult,4,16,
Expert_Survey_E01_RW.xlsx,E01_RW,1,20+,4,Implementation,Runtime server installation,176,SOAP,4 - Frequent / important,4,5 - Very difficult,5,20,
Expert_Survey_E01_RW.xlsx,E01_RW,1,20+,4,Implementation,Runtime server installation,177,SSL Certificates,4 - Frequent / important,4,4 - Difficult,4,16,
Expert_Survey_E01_RW.xlsx,E01_RW,1,20+,4,Implementation,Runtime server installation,178,Swagger,3 - Moderate / recurring,3,4 - Difficult,4,12,
Expert_Survey_E01_RW.xlsx,E01_RW,1,20+,4,Implementation,Runtime server installation,179,WSDL,3 - Moderate / recurring,3,5 - Very difficult,5,15,
Expert_Survey_E01_RW.xlsx,E01_RW,1,20+,4,Implementation,Runtime server installation,180,XML/XPath,4 - Frequent / important,4,4 - Difficult,4,16,
Expert_Survey_E01_RW.xlsx,E01_RW,1,20+,4,Implementation,Database installation,181,+Embedded Database,4 - Frequent / important,4,3 - Moderate,3,12,
Expert_Survey_E01_RW.xlsx,E01_RW,1,20+,4,Implementation,Database installation,182,File Storage,5 - Essential / continuous,5,3 - Moderate,3,15,
Expert_Survey_E01_RW.xlsx,E01_RW,1,20+,4,Implementation,Database installation,183,Relational Database,5 - Essential / continuous,5,5 - Very difficult,5,25,
Expert_Survey_E01_RW.xlsx,E01_RW,1,20+,4,Implementation,Database installation,184,REST API,3 - Moderate / recurring,3,4 - Difficult,4,12,
Expert_Survey_E01_RW.xlsx,E01_RW,1,20+,4,Implementation,Client module installation,185,.NET Framework,4 - Frequent / important,4,5 - Very difficult,5,20,
Expert_Survey_E01_RW.xlsx,E01_RW,1,20+,4,Implementation,Client module installation,186,+Mobile App,4 - Frequent / important,4,4 - Difficult,4,16,
Expert_Survey_E01_RW.xlsx,E01_RW,1,20+,4,Implementation,Client module installation,187,+Web Browser,5 - Essential / continuous,5,1 - Very easy,1,5,
Expert_Survey_E01_RW.xlsx,E01_RW,1,20+,4,Implementation,Client module installation,188,API,3 - Moderate / recurring,3,4 - Difficult,4,12,
Expert_Survey_E01_RW.xlsx,E01_RW,1,20+,4,Implementation,Client module installation,189,Binaries,4 - Frequent / important,4,3 - Moderate,3,12,
Expert_Survey_E01_RW.xlsx,E01_RW,1,20+,4,Implementation,Client module installation,190,HTTPS Server,4 - Frequent / important,4,4 - Difficult,4,16,
Expert_Survey_E01_RW.xlsx,E01_RW,1,20+,4,Implementation,Client module installation,191,URL Configuration,4 - Frequent / important,4,3 - Moderate,3,12,
Expert_Survey_E01_RW.xlsx,E01_RW,1,20+,4,Implementation,Client module installation,192,Web Services,3 - Moderate / recurring,3,4 - Difficult,4,12,
Expert_Survey_E01_RW.xlsx,E01_RW,1,20+,4,Implementation,Deployment,193,+App Gallery,4 - Frequent / important,4,1 - Very easy,1,4,
Expert_Survey_E01_RW.xlsx,E01_RW,1,20+,4,Implementation,Deployment,194,+Software as a Service,4 - Frequent / important,4,1 - Very easy,1,4,
Expert_Survey_E01_RW.xlsx,E01_RW,1,20+,4,Implementation,Deployment,195,Application IDE,3 - Moderate / recurring,3,4 - Difficult,4,12,
Expert_Survey_E01_RW.xlsx,E01_RW,1,20+,4,Implementation,Deployment,196,CI/CD,5 - Essential / continuous,5,5 - Very difficult,5,25,
Expert_Survey_E01_RW.xlsx,E01_RW,1,20+,4,Implementation,Deployment,197,Cloud Computing,4 - Frequent / important,4,4 - Difficult,4,16,
Expert_Survey_E01_RW.xlsx,E01_RW,1,20+,4,Implementation,Deployment,198,Cloud Services,4 - Frequent / important,4,4 - Difficult,4,16,
Expert_Survey_E01_RW.xlsx,E01_RW,1,20+,4,Implementation,Deployment,199,Docker,5 - Essential / continuous,5,5 - Very difficult,5,25,
Expert_Survey_E01_RW.xlsx,E01_RW,1,20+,4,Implementation,Deployment,200,Import/Export,5 - Essential / continuous,5,3 - Moderate,3,15,
Expert_Survey_E01_RW.xlsx,E01_RW,1,20+,4,Implementation,Deployment,201,Kubernetes,4 - Frequent / important,4,5 - Very difficult,5,20,
Expert_Survey_E01_RW.xlsx,E01_RW,1,20+,4,Implementation,Deployment,202,On-Premise,4 - Frequent / important,4,3 - Moderate,3,12,
Expert_Survey_E01_RW.xlsx,E01_RW,1,20+,4,Implementation,Deployment,203,On-premises Data Gateway,4 - Frequent / important,4,4 - Difficult,4,16,
Expert_Survey_E01_RW.xlsx,E01_RW,1,20+,4,Implementation,Deployment,204,REST API,3 - Moderate / recurring,3,4 - Difficult,4,12,
Expert_Survey_E01_RW.xlsx,E01_RW,1,20+,4,Implementation,Deployment,205,Scripts,5 - Essential / continuous,5,4 - Difficult,4,20,
Expert_Survey_E01_RW.xlsx,E01_RW,1,20+,4,Implementation,Deployment,206,SOAP,4 - Frequent / important,4,5 - Very difficult,5,20,
Expert_Survey_E01_RW.xlsx,E01_RW,1,20+,4,Implementation,Version control,207,Code Repository Concept,5 - Essential / continuous,5,4 - Difficult,4,20,
Expert_Survey_E01_RW.xlsx,E01_RW,1,20+,4,Implementation,Version control,208,Custom Version Control,5 - Essential / continuous,5,4 - Difficult,4,20,
Expert_Survey_E01_RW.xlsx,E01_RW,1,20+,4,Implementation,Version control,209,Git,5 - Essential / continuous,5,4 - Difficult,4,20,
Expert_Survey_E02_AC.xlsx,E02_AC,1,15-19,3,Design,Workflow model,1,+BPMN Process Model,5 - Essential / continuous,5,1 - Very easy,1,5,
Expert_Survey_E02_AC.xlsx,E02_AC,1,15-19,3,Design,Workflow model,2,Custom Process Model,4 - Frequent / important,4,2 - Easy,2,8,Usage Intensity
Expert_Survey_E02_AC.xlsx,E02_AC,1,15-19,3,Design,Database model,3,+Business Data Types,5 - Essential / continuous,5,2 - Easy,2,10,1 - Rare / avoidable
Expert_Survey_E02_AC.xlsx,E02_AC,1,15-19,3,Design,Database model,4,+Form-based Data,5 - Essential / continuous,5,3 - Moderate,3,15,2 - Occasional / peripheral
Expert_Survey_E02_AC.xlsx,E02_AC,1,15-19,3,Design,Database model,5,+Item-Detail,5 - Essential / continuous,5,3 - Moderate,3,15,3 - Moderate / recurring
Expert_Survey_E02_AC.xlsx,E02_AC,1,15-19,3,Design,Database model,6,+Lookup/Drop-down,4 - Frequent / important,4,2 - Easy,2,8,4 - Frequent / important
Expert_Survey_E02_AC.xlsx,E02_AC,1,15-19,3,Design,Database model,7,+Predefined Entities,4 - Frequent / important,4,4 - Difficult,4,16,5 - Essential / continuous
Expert_Survey_E02_AC.xlsx,E02_AC,1,15-19,3,Design,Database model,8,Domain Model,3 - Moderate / recurring,3,3 - Moderate,3,9,
Expert_Survey_E02_AC.xlsx,E02_AC,1,15-19,3,Design,Database model,9,Conditional Expressions,4 - Frequent / important,4,3 - Moderate,3,12,Difficulty of Acquisition
Expert_Survey_E02_AC.xlsx,E02_AC,1,15-19,3,Design,Database model,10,Constraints,4 - Frequent / important,4,3 - Moderate,3,12,1 - Very easy
Expert_Survey_E02_AC.xlsx,E02_AC,1,15-19,3,Design,Database model,11,Data Structure,3 - Moderate / recurring,3,4 - Difficult,4,12,2 - Easy
Expert_Survey_E02_AC.xlsx,E02_AC,1,15-19,3,Design,Database model,12,IT Data Types,2 - Occasional / peripheral,2,4 - Difficult,4,8,3 - Moderate
Expert_Survey_E02_AC.xlsx,E02_AC,1,15-19,3,Design,Database model,13,Denormalization,2 - Occasional / peripheral,2,4 - Difficult,4,8,4 - Difficult
Expert_Survey_E02_AC.xlsx,E02_AC,1,15-19,3,Design,Database model,14,Entity Diagrams,2 - Occasional / peripheral,2,4 - Difficult,4,8,5 - Very difficult
Expert_Survey_E02_AC.xlsx,E02_AC,1,15-19,3,Design,Database model,15,Enumerations,2 - Occasional / peripheral,2,5 - Very difficult,5,10,
Expert_Survey_E02_AC.xlsx,E02_AC,1,15-19,3,Design,Database model,16,Expressions,2 - Occasional / peripheral,2,4 - Difficult,4,8,Instruction
Expert_Survey_E02_AC.xlsx,E02_AC,1,15-19,3,Design,Database model,17,Relational Database,3 - Moderate / recurring,3,5 - Very difficult,5,15,
Expert_Survey_E02_AC.xlsx,E02_AC,1,15-19,3,Design,Database model,18,XML/XPath,5 - Essential / continuous,5,5 - Very difficult,5,25,
Expert_Survey_E02_AC.xlsx,E02_AC,1,15-19,3,Design,UI model,19,+App templates,5 - Essential / continuous,5,2 - Easy,2,10,
Expert_Survey_E02_AC.xlsx,E02_AC,1,15-19,3,Design,UI model,20,+Business Data Types,5 - Essential / continuous,5,2 - Easy,2,10,
Expert_Survey_E02_AC.xlsx,E02_AC,1,15-19,3,Design,UI model,21,+Screen Templates,5 - Essential / continuous,5,2 - Easy,2,10,
Expert_Survey_E02_AC.xlsx,E02_AC,1,15-19,3,Design,UI model,22,+UI Branding,5 - Essential / continuous,5,2 - Easy,2,10,
Expert_Survey_E02_AC.xlsx,E02_AC,1,15-19,3,Design,UI model,23,+View Types,5 - Essential / continuous,5,1 - Very easy,1,5,
Expert_Survey_E02_AC.xlsx,E02_AC,1,15-19,3,Design,UI model,24,Expressions,4 - Frequent / important,4,2 - Easy,2,8,
Expert_Survey_E02_AC.xlsx,E02_AC,1,15-19,3,Design,UI model,25,IT Data Types,3 - Moderate / recurring,3,3 - Moderate,3,9,
Expert_Survey_E02_AC.xlsx,E02_AC,1,15-19,3,Design,UI model,26,Functions,3 - Moderate / recurring,3,3 - Moderate,3,9,
Expert_Survey_E02_AC.xlsx,E02_AC,1,15-19,3,Design,UI model,27,Model-driven Apps,3 - Moderate / recurring,3,3 - Moderate,3,9,
Expert_Survey_E02_AC.xlsx,E02_AC,1,15-19,3,Design,UI model,28,Reactive Web App,3 - Moderate / recurring,3,3 - Moderate,3,9,
Expert_Survey_E02_AC.xlsx,E02_AC,1,15-19,3,Design,UI model,29,Responsive Web Design,3 - Moderate / recurring,3,4 - Difficult,4,12,
Expert_Survey_E02_AC.xlsx,E02_AC,1,15-19,3,Design,UI model,30,Variables,2 - Occasional / peripheral,2,5 - Very difficult,5,10,
Expert_Survey_E02_AC.xlsx,E02_AC,1,15-19,3,Design,Validations,31,+Business Rules,4 - Frequent / important,4,1 - Very easy,1,4,
Expert_Survey_E02_AC.xlsx,E02_AC,1,15-19,3,Design,Validations,32,+Lookup/Drop-down,4 - Frequent / important,4,2 - Easy,2,8,
Expert_Survey_E02_AC.xlsx,E02_AC,1,15-19,3,Design,Validations,33,Expressions,4 - Frequent / important,4,3 - Moderate,3,12,
Expert_Survey_E02_AC.xlsx,E02_AC,1,15-19,3,Design,Validations,34,Enumerations,4 - Frequent / important,4,3 - Moderate,3,12,
Expert_Survey_E02_AC.xlsx,E02_AC,1,15-19,3,Design,Validations,35,JavaScript,4 - Frequent / important,4,4 - Difficult,4,16,
Expert_Survey_E02_AC.xlsx,E02_AC,1,15-19,3,Design,Validations,36,Scripts,4 - Frequent / important,4,5 - Very difficult,5,20,
Expert_Survey_E02_AC.xlsx,E02_AC,1,15-19,3,Design,Validations,37,Transactions,2 - Occasional / peripheral,2,5 - Very difficult,5,10,
Expert_Survey_E02_AC.xlsx,E02_AC,1,15-19,3,Design,Application logic,38,+Actions,5 - Essential / continuous,5,1 - Very easy,1,5,
Expert_Survey_E02_AC.xlsx,E02_AC,1,15-19,3,Design,Application logic,39,+Graphical actions,5 - Essential / continuous,5,1 - Very easy,1,5,
Expert_Survey_E02_AC.xlsx,E02_AC,1,15-19,3,Design,Application logic,40,+NLP,5 - Essential / continuous,5,2 - Easy,2,10,
Expert_Survey_E02_AC.xlsx,E02_AC,1,15-19,3,Design,Application logic,41,+Custom Language,4 - Frequent / important,4,2 - Easy,2,8,
Expert_Survey_E02_AC.xlsx,E02_AC,1,15-19,3,Design,Application logic,42,+Predefined Tasks,5 - Essential / continuous,5,1 - Very easy,1,5,
Expert_Survey_E02_AC.xlsx,E02_AC,1,15-19,3,Design,Application logic,43,UML,3 - Moderate / recurring,3,2 - Easy,2,6,
Expert_Survey_E02_AC.xlsx,E02_AC,1,15-19,3,Design,Application logic,44,Algorithms,3 - Moderate / recurring,3,3 - Moderate,3,9,
Expert_Survey_E02_AC.xlsx,E02_AC,1,15-19,3,Design,Application logic,45,Expressions,3 - Moderate / recurring,3,3 - Moderate,3,9,
Expert_Survey_E02_AC.xlsx,E02_AC,1,15-19,3,Design,Application logic,46,Control Structures,3 - Moderate / recurring,3,3 - Moderate,3,9,
Expert_Survey_E02_AC.xlsx,E02_AC,1,15-19,3,Design,Application logic,47,IT Data Types,3 - Moderate / recurring,3,4 - Difficult,4,12,
Expert_Survey_E02_AC.xlsx,E02_AC,1,15-19,3,Design,Application logic,48,Events,3 - Moderate / recurring,3,4 - Difficult,4,12,
Expert_Survey_E02_AC.xlsx,E02_AC,1,15-19,3,Design,Application logic,49,Formulas,3 - Moderate / recurring,3,4 - Difficult,4,12,
Expert_Survey_E02_AC.xlsx,E02_AC,1,15-19,3,Design,Application logic,50,Functions,2 - Occasional / peripheral,2,4 - Difficult,4,8,
Expert_Survey_E02_AC.xlsx,E02_AC,1,15-19,3,Design,Application logic,51,Java,3 - Moderate / recurring,3,5 - Very difficult,5,15,
Expert_Survey_E02_AC.xlsx,E02_AC,1,15-19,3,Design,Application logic,52,JavaScript,4 - Frequent / important,4,5 - Very difficult,5,20,
Expert_Survey_E02_AC.xlsx,E02_AC,1,15-19,3,Design,Application logic,53,Microservices,2 - Occasional / peripheral,2,5 - Very difficult,5,10,
Expert_Survey_E02_AC.xlsx,E02_AC,1,15-19,3,Design,Application logic,54,SQL,4 - Frequent / important,4,5 - Very difficult,5,20,
Expert_Survey_E02_AC.xlsx,E02_AC,1,15-19,3,Design,Application logic,55,Variables,4 - Frequent / important,4,5 - Very difficult,5,20,
Expert_Survey_E02_AC.xlsx,E02_AC,1,15-19,3,Development,Workflow design and development,56,+BPMN Process Model,5 - Essential / continuous,5,1 - Very easy,1,5,
Expert_Survey_E02_AC.xlsx,E02_AC,1,15-19,3,Development,Workflow design and development,57,Expressions,4 - Frequent / important,4,1 - Very easy,1,4,
Expert_Survey_E02_AC.xlsx,E02_AC,1,15-19,3,Development,Workflow design and development,58,Custom Process Model,4 - Frequent / important,4,1 - Very easy,1,4,
Expert_Survey_E02_AC.xlsx,E02_AC,1,15-19,3,Development,Workflow design and development,59,Events,3 - Moderate / recurring,3,1 - Very easy,1,3,
Expert_Survey_E02_AC.xlsx,E02_AC,1,15-19,3,Development,Workflow design and development,60,Java API,2 - Occasional / peripheral,2,4 - Difficult,4,8,
Expert_Survey_E02_AC.xlsx,E02_AC,1,15-19,3,Development,Workflow design and development,61,JavaScript,3 - Moderate / recurring,3,4 - Difficult,4,12,
Expert_Survey_E02_AC.xlsx,E02_AC,1,15-19,3,Development,Workflow design and development,62,REST API,3 - Moderate / recurring,3,5 - Very difficult,5,15,
Expert_Survey_E02_AC.xlsx,E02_AC,1,15-19,3,Development,Workflow design and development,63,Triggers,3 - Moderate / recurring,3,5 - Very difficult,5,15,
Expert_Survey_E02_AC.xlsx,E02_AC,1,15-19,3,Development,Database design,64,+Business Data Types,5 - Essential / continuous,5,2 - Easy,2,10,
Expert_Survey_E02_AC.xlsx,E02_AC,1,15-19,3,Development,Database design,65,+Custom Database Model,5 - Essential / continuous,5,3 - Moderate,3,15,
Expert_Survey_E02_AC.xlsx,E02_AC,1,15-19,3,Development,Database design,66,+References,4 - Frequent / important,4,5 - Very difficult,5,20,
Expert_Survey_E02_AC.xlsx,E02_AC,1,15-19,3,Development,Database design,67,+Slices,4 - Frequent / important,4,4 - Difficult,4,16,
Expert_Survey_E02_AC.xlsx,E02_AC,1,15-19,3,Development,Database design,68,Actions,3 - Moderate / recurring,3,3 - Moderate,3,9,
Expert_Survey_E02_AC.xlsx,E02_AC,1,15-19,3,Development,Database design,69,Expressions,3 - Moderate / recurring,3,2 - Easy,2,6,
Expert_Survey_E02_AC.xlsx,E02_AC,1,15-19,3,Development,Database design,70,Relational Database,3 - Moderate / recurring,3,5 - Very difficult,5,15,
Expert_Survey_E02_AC.xlsx,E02_AC,1,15-19,3,Development,Database design,71,Entity Diagrams,3 - Moderate / recurring,3,5 - Very difficult,5,15,
Expert_Survey_E02_AC.xlsx,E02_AC,1,15-19,3,Development,Database design,72,Functions,3 - Moderate / recurring,3,5 - Very difficult,5,15,
Expert_Survey_E02_AC.xlsx,E02_AC,1,15-19,3,Development,Database design,73,SQL,3 - Moderate / recurring,3,5 - Very difficult,5,15,
Expert_Survey_E02_AC.xlsx,E02_AC,1,15-19,3,Development,Database design,74,IT Data Types,1 - Rare / avoidable,1,5 - Very difficult,5,5,
Expert_Survey_E02_AC.xlsx,E02_AC,1,15-19,3,Development,Database design,75,Web API,1 - Rare / avoidable,1,4 - Difficult,4,4,
Expert_Survey_E02_AC.xlsx,E02_AC,1,15-19,3,Development,Fetching data,76,.NET,1 - Rare / avoidable,1,5 - Very difficult,5,5,
Expert_Survey_E02_AC.xlsx,E02_AC,1,15-19,3,Development,Fetching data,77,+Cloud-based Spreadsheets,4 - Frequent / important,4,2 - Easy,2,8,
Expert_Survey_E02_AC.xlsx,E02_AC,1,15-19,3,Development,Fetching data,78,+GUI Queries,3 - Moderate / recurring,3,1 - Very easy,1,3,
Expert_Survey_E02_AC.xlsx,E02_AC,1,15-19,3,Development,Fetching data,79,+Human Language,5 - Essential / continuous,5,2 - Easy,2,10,
Expert_Survey_E02_AC.xlsx,E02_AC,1,15-19,3,Development,Fetching data,80,+Integrated Data Sources,5 - Essential / continuous,5,3 - Moderate,3,15,
Expert_Survey_E02_AC.xlsx,E02_AC,1,15-19,3,Development,Fetching data,81,Cloud Services,2 - Occasional / peripheral,2,4 - Difficult,4,8,
Expert_Survey_E02_AC.xlsx,E02_AC,1,15-19,3,Development,Fetching data,82,Custom Query Language,2 - Occasional / peripheral,2,4 - Difficult,4,8,
Expert_Survey_E02_AC.xlsx,E02_AC,1,15-19,3,Development,Fetching data,83,Data Source Integration,2 - Occasional / peripheral,2,3 - Moderate,3,6,
Expert_Survey_E02_AC.xlsx,E02_AC,1,15-19,3,Development,Fetching data,84,Formulas,2 - Occasional / peripheral,2,4 - Difficult,4,8,
Expert_Survey_E02_AC.xlsx,E02_AC,1,15-19,3,Development,Fetching data,85,Local Storage,2 - Occasional / peripheral,2,5 - Very difficult,5,10,
Expert_Survey_E02_AC.xlsx,E02_AC,1,15-19,3,Development,Fetching data,86,OAuth,2 - Occasional / peripheral,2,5 - Very difficult,5,10,
Expert_Survey_E02_AC.xlsx,E02_AC,1,15-19,3,Development,Fetching data,87,REST API,2 - Occasional / peripheral,2,5 - Very difficult,5,10,
Expert_Survey_E02_AC.xlsx,E02_AC,1,15-19,3,Development,Fetching data,88,SDK,2 - Occasional / peripheral,2,5 - Very difficult,5,10,
Expert_Survey_E02_AC.xlsx,E02_AC,1,15-19,3,Development,Fetching data,89,SQL,2 - Occasional / peripheral,2,5 - Very difficult,5,10,
Expert_Survey_E02_AC.xlsx,E02_AC,1,15-19,3,Development,Fetching data,90,URL,2 - Occasional / peripheral,2,5 - Very difficult,5,10,
Expert_Survey_E02_AC.xlsx,E02_AC,1,15-19,3,Development,Fetching data,91,Web API,4 - Frequent / important,4,5 - Very difficult,5,20,
Expert_Survey_E02_AC.xlsx,E02_AC,1,15-19,3,Development,GUI design and development,92,+AI Support,5 - Essential / continuous,5,1 - Very easy,1,5,
Expert_Survey_E02_AC.xlsx,E02_AC,1,15-19,3,Development,GUI design and development,93,+Business Data Types,5 - Essential / continuous,5,2 - Easy,2,10,
Expert_Survey_E02_AC.xlsx,E02_AC,1,15-19,3,Development,GUI design and development,94,+Conditional Formatting,5 - Essential / continuous,5,2 - Easy,2,10,
Expert_Survey_E02_AC.xlsx,E02_AC,1,15-19,3,Development,GUI design and development,95,+GUI Style Editor,5 - Essential / continuous,5,1 - Very easy,1,5,
Expert_Survey_E02_AC.xlsx,E02_AC,1,15-19,3,Development,GUI design and development,96,+Templatized Formulas,5 - Essential / continuous,5,1 - Very easy,1,5,
Expert_Survey_E02_AC.xlsx,E02_AC,1,15-19,3,Development,GUI design and development,97,+UI Branding,5 - Essential / continuous,5,1 - Very easy,1,5,
Expert_Survey_E02_AC.xlsx,E02_AC,1,15-19,3,Development,GUI design and development,98,+View Types,5 - Essential / continuous,5,1 - Very easy,1,5,
Expert_Survey_E02_AC.xlsx,E02_AC,1,15-19,3,Development,GUI design and development,99,+WYSIWYG,5 - Essential / continuous,5,1 - Very easy,1,5,
Expert_Survey_E02_AC.xlsx,E02_AC,1,15-19,3,Development,GUI design and development,100,CSS/SCSS,3 - Moderate / recurring,3,2 - Easy,2,6,
Expert_Survey_E02_AC.xlsx,E02_AC,1,15-19,3,Development,GUI design and development,101,Event Propagation,3 - Moderate / recurring,3,2 - Easy,2,6,
Expert_Survey_E02_AC.xlsx,E02_AC,1,15-19,3,Development,GUI design and development,102,Responsive Web Design,4 - Frequent / important,4,3 - Moderate,3,12,
Expert_Survey_E02_AC.xlsx,E02_AC,1,15-19,3,Development,GUI design and development,103,HTML,4 - Frequent / important,4,3 - Moderate,3,12,
Expert_Survey_E02_AC.xlsx,E02_AC,1,15-19,3,Development,GUI design and development,104,IT Data Types,3 - Moderate / recurring,3,4 - Difficult,4,12,
Expert_Survey_E02_AC.xlsx,E02_AC,1,15-19,3,Development,GUI design and development,105,JavaScript,4 - Frequent / important,4,4 - Difficult,4,16,
Expert_Survey_E02_AC.xlsx,E02_AC,1,15-19,3,Development,GUI design and development,106,Master Detail,4 - Frequent / important,4,4 - Difficult,4,16,
Expert_Survey_E02_AC.xlsx,E02_AC,1,15-19,3,Development,GUI design and development,107,Programming Functions,4 - Frequent / important,4,4 - Difficult,4,16,
Expert_Survey_E02_AC.xlsx,E02_AC,1,15-19,3,Development,GUI design and development,108,Scripts,4 - Frequent / important,4,4 - Difficult,4,16,
Expert_Survey_E02_AC.xlsx,E02_AC,1,15-19,3,Development,GUI design and development,109,Snippets,4 - Frequent / important,4,4 - Difficult,4,16,
Expert_Survey_E02_AC.xlsx,E02_AC,1,15-19,3,Development,GUI design and development,110,Variables,4 - Frequent / important,4,4 - Difficult,4,16,
Expert_Survey_E02_AC.xlsx,E02_AC,1,15-19,3,Development,GUI design and development,111,XML,4 - Frequent / important,4,3 - Moderate,3,12,
Expert_Survey_E02_AC.xlsx,E02_AC,1,15-19,3,Development,Data validation development,112,+Business Rules,5 - Essential / continuous,5,2 - Easy,2,10,
Expert_Survey_E02_AC.xlsx,E02_AC,1,15-19,3,Development,Data validation development,113,+Column Expressions,5 - Essential / continuous,5,2 - Easy,2,10,
Expert_Survey_E02_AC.xlsx,E02_AC,1,15-19,3,Development,Data validation development,114,Expressions,3 - Moderate / recurring,3,3 - Moderate,3,9,
Expert_Survey_E02_AC.xlsx,E02_AC,1,15-19,3,Development,Data validation development,115,Data Fields,3 - Moderate / recurring,3,1 - Very easy,1,3,
Expert_Survey_E02_AC.xlsx,E02_AC,1,15-19,3,Development,Data validation development,116,Domain Model,3 - Moderate / recurring,3,1 - Very easy,1,3,
Expert_Survey_E02_AC.xlsx,E02_AC,1,15-19,3,Development,Data validation development,117,Scripts,4 - Frequent / important,4,4 - Difficult,4,16,
Expert_Survey_E02_AC.xlsx,E02_AC,1,15-19,3,Development,Actions design and development,118,+AI Assisted Development,4 - Frequent / important,4,1 - Very easy,1,4,
Expert_Survey_E02_AC.xlsx,E02_AC,1,15-19,3,Development,Actions design and development,119,+Automations,5 - Essential / continuous,5,1 - Very easy,1,5,
Expert_Survey_E02_AC.xlsx,E02_AC,1,15-19,3,Development,Actions design and development,120,+Built-in Connectors,5 - Essential / continuous,5,2 - Easy,2,10,
Expert_Survey_E02_AC.xlsx,E02_AC,1,15-19,3,Development,Actions design and development,121,API,3 - Moderate / recurring,3,3 - Moderate,3,9,
Expert_Survey_E02_AC.xlsx,E02_AC,1,15-19,3,Development,Actions design and development,122,Expressions,4 - Frequent / important,4,3 - Moderate,3,12,
Expert_Survey_E02_AC.xlsx,E02_AC,1,15-19,3,Development,Actions design and development,123,Functions,3 - Moderate / recurring,3,4 - Difficult,4,12,
Expert_Survey_E02_AC.xlsx,E02_AC,1,15-19,3,Development,Actions design and development,124,Java,2 - Occasional / peripheral,2,4 - Difficult,4,8,
Expert_Survey_E02_AC.xlsx,E02_AC,1,15-19,3,Development,Actions design and development,125,JavaScript,2 - Occasional / peripheral,2,4 - Difficult,4,8,
Expert_Survey_E02_AC.xlsx,E02_AC,1,15-19,3,Development,Actions design and development,126,Object Model,2 - Occasional / peripheral,2,4 - Difficult,4,8,
Expert_Survey_E02_AC.xlsx,E02_AC,1,15-19,3,Development,Actions design and development,127,Scripts,3 - Moderate / recurring,3,4 - Difficult,4,12,
Expert_Survey_E02_AC.xlsx,E02_AC,1,15-19,3,Development,Actions design and development,128,SOAP,3 - Moderate / recurring,3,4 - Difficult,4,12,
Expert_Survey_E02_AC.xlsx,E02_AC,1,15-19,3,Development,Programming,129,.NET,1 - Rare / avoidable,1,4 - Difficult,4,4,
Expert_Survey_E02_AC.xlsx,E02_AC,1,15-19,3,Development,Programming,130,+Visual Programming,5 - Essential / continuous,5,2 - Easy,2,10,
Expert_Survey_E02_AC.xlsx,E02_AC,1,15-19,3,Development,Programming,131,Expressions,4 - Frequent / important,4,1 - Very easy,1,4,
Expert_Survey_E02_AC.xlsx,E02_AC,1,15-19,3,Development,Programming,132,CLI,3 - Moderate / recurring,3,2 - Easy,2,6,
Expert_Survey_E02_AC.xlsx,E02_AC,1,15-19,3,Development,Programming,133,IT Data Types,3 - Moderate / recurring,3,3 - Moderate,3,9,
Expert_Survey_E02_AC.xlsx,E02_AC,1,15-19,3,Development,Programming,134,Eclipse,3 - Moderate / recurring,3,3 - Moderate,3,9,
Expert_Survey_E02_AC.xlsx,E02_AC,1,15-19,3,Development,Programming,135,Emulators,3 - Moderate / recurring,3,4 - Difficult,4,12,
Expert_Survey_E02_AC.xlsx,E02_AC,1,15-19,3,Development,Programming,136,Entity Types,3 - Moderate / recurring,3,4 - Difficult,4,12,
Expert_Survey_E02_AC.xlsx,E02_AC,1,15-19,3,Development,Programming,137,Enumerations,3 - Moderate / recurring,3,5 - Very difficult,5,15,
Expert_Survey_E02_AC.xlsx,E02_AC,1,15-19,3,Development,Programming,138,Functions,3 - Moderate / recurring,3,5 - Very difficult,5,15,
Expert_Survey_E02_AC.xlsx,E02_AC,1,15-19,3,Development,Programming,139,HTML,3 - Moderate / recurring,3,3 - Moderate,3,9,
Expert_Survey_E02_AC.xlsx,E02_AC,1,15-19,3,Development,Programming,140,SDK/IDE,3 - Moderate / recurring,3,3 - Moderate,3,9,
Expert_Survey_E02_AC.xlsx,E02_AC,1,15-19,3,Development,Programming,141,Iteration Statements,3 - Moderate / recurring,3,3 - Moderate,3,9,
Expert_Survey_E02_AC.xlsx,E02_AC,1,15-19,3,Development,Programming,142,Java,3 - Moderate / recurring,3,4 - Difficult,4,12,
Expert_Survey_E02_AC.xlsx,E02_AC,1,15-19,3,Development,Programming,143,Java API,3 - Moderate / recurring,3,4 - Difficult,4,12,
Expert_Survey_E02_AC.xlsx,E02_AC,1,15-19,3,Development,Programming,144,JavaScript,3 - Moderate / recurring,3,4 - Difficult,4,12,
Expert_Survey_E02_AC.xlsx,E02_AC,1,15-19,3,Development,Programming,145,JSON,3 - Moderate / recurring,3,2 - Easy,2,6,
Expert_Survey_E02_AC.xlsx,E02_AC,1,15-19,3,Development,Programming,146,Markup Language,3 - Moderate / recurring,3,2 - Easy,2,6,
Expert_Survey_E02_AC.xlsx,E02_AC,1,15-19,3,Development,Programming,147,Metadata,3 - Moderate / recurring,3,2 - Easy,2,6,
Expert_Survey_E02_AC.xlsx,E02_AC,1,15-19,3,Development,Programming,148,Native Mobile App,3 - Moderate / recurring,3,3 - Moderate,3,9,
Expert_Survey_E02_AC.xlsx,E02_AC,1,15-19,3,Development,Programming,149,node.js,3 - Moderate / recurring,3,3 - Moderate,3,9,
Expert_Survey_E02_AC.xlsx,E02_AC,1,15-19,3,Development,Programming,150,PWA,3 - Moderate / recurring,3,4 - Difficult,4,12,
Expert_Survey_E02_AC.xlsx,E02_AC,1,15-19,3,Development,Programming,151,Query Functions,3 - Moderate / recurring,3,5 - Very difficult,5,15,
Expert_Survey_E02_AC.xlsx,E02_AC,1,15-19,3,Development,Programming,152,Scripts,3 - Moderate / recurring,3,5 - Very difficult,5,15,
Expert_Survey_E02_AC.xlsx,E02_AC,1,15-19,3,Development,Programming,153,Snippets,3 - Moderate / recurring,3,5 - Very difficult,5,15,
Expert_Survey_E02_AC.xlsx,E02_AC,1,15-19,3,Development,Programming,154,TypeScript,3 - Moderate / recurring,3,5 - Very difficult,5,15,
Expert_Survey_E02_AC.xlsx,E02_AC,1,15-19,3,Development,Programming,155,Web API,3 - Moderate / recurring,3,5 - Very difficult,5,15,
Expert_Survey_E02_AC.xlsx,E02_AC,1,15-19,3,Development,Programming,156,XML,3 - Moderate / recurring,3,3 - Moderate,3,9,
Expert_Survey_E02_AC.xlsx,E02_AC,1,15-19,3,Implementation,Runtime server installation,157,+Cloud Based Environment,4 - Frequent / important,4,4 - Difficult,4,16,
Expert_Survey_E02_AC.xlsx,E02_AC,1,15-19,3,Implementation,Runtime server installation,158,API,3 - Moderate / recurring,3,4 - Difficult,4,12,
Expert_Survey_E02_AC.xlsx,E02_AC,1,15-19,3,Implementation,Runtime server installation,159,Compiler Service,3 - Moderate / recurring,3,3 - Moderate,3,9,
Expert_Survey_E02_AC.xlsx,E02_AC,1,15-19,3,Implementation,Runtime server installation,160,Database Synchronization,3 - Moderate / recurring,3,4 - Difficult,4,12,
Expert_Survey_E02_AC.xlsx,E02_AC,1,15-19,3,Implementation,Runtime server installation,161,Deployment Controller Service,3 - Moderate / recurring,3,4 - Difficult,4,12,
Expert_Survey_E02_AC.xlsx,E02_AC,1,15-19,3,Implementation,Runtime server installation,162,Email Server (SMTP),3 - Moderate / recurring,3,3 - Moderate,3,9,
Expert_Survey_E02_AC.xlsx,E02_AC,1,15-19,3,Implementation,Runtime server installation,163,File Storage,3 - Moderate / recurring,3,4 - Difficult,4,12,
Expert_Survey_E02_AC.xlsx,E02_AC,1,15-19,3,Implementation,Runtime server installation,164,HTTPS Server,3 - Moderate / recurring,3,4 - Difficult,4,12,
Expert_Survey_E02_AC.xlsx,E02_AC,1,15-19,3,Implementation,Runtime server installation,165,Java,3 - Moderate / recurring,3,4 - Difficult,4,12,
Expert_Survey_E02_AC.xlsx,E02_AC,1,15-19,3,Implementation,Runtime server installation,166,Load Balancing,3 - Moderate / recurring,3,5 - Very difficult,5,15,
Expert_Survey_E02_AC.xlsx,E02_AC,1,15-19,3,Implementation,Runtime server installation,167,Log Service,3 - Moderate / recurring,3,4 - Difficult,4,12,
Expert_Survey_E02_AC.xlsx,E02_AC,1,15-19,3,Implementation,Runtime server installation,168,Mobile App,3 - Moderate / recurring,3,4 - Difficult,4,12,
Expert_Survey_E02_AC.xlsx,E02_AC,1,15-19,3,Implementation,Runtime server installation,169,OQL,3 - Moderate / recurring,3,5 - Very difficult,5,15,
Expert_Survey_E02_AC.xlsx,E02_AC,1,15-19,3,Implementation,Runtime server installation,170,Proxy server,3 - Moderate / recurring,3,5 - Very difficult,5,15,
Expert_Survey_E02_AC.xlsx,E02_AC,1,15-19,3,Implementation,Runtime server installation,171,Relational Database,3 - Moderate / recurring,3,5 - Very difficult,5,15,
Expert_Survey_E02_AC.xlsx,E02_AC,1,15-19,3,Implementation,Runtime server installation,172,REST API,3 - Moderate / recurring,3,5 - Very difficult,5,15,
Expert_Survey_E02_AC.xlsx,E02_AC,1,15-19,3,Implementation,Runtime server installation,173,SAML Authentication,3 - Moderate / recurring,3,5 - Very difficult,5,15,
Expert_Survey_E02_AC.xlsx,E02_AC,1,15-19,3,Implementation,Runtime server installation,174,Scheduler Service,3 - Moderate / recurring,3,4 - Difficult,4,12,
Expert_Survey_E02_AC.xlsx,E02_AC,1,15-19,3,Implementation,Runtime server installation,175,Shared Libraries,3 - Moderate / recurring,3,4 - Difficult,4,12,
Expert_Survey_E02_AC.xlsx,E02_AC,1,15-19,3,Implementation,Runtime server installation,176,SOAP,3 - Moderate / recurring,3,4 - Difficult,4,12,
Expert_Survey_E02_AC.xlsx,E02_AC,1,15-19,3,Implementation,Runtime server installation,177,SSL Certificates,3 - Moderate / recurring,3,4 - Difficult,4,12,
Expert_Survey_E02_AC.xlsx,E02_AC,1,15-19,3,Implementation,Runtime server installation,178,Swagger,3 - Moderate / recurring,3,4 - Difficult,4,12,
Expert_Survey_E02_AC.xlsx,E02_AC,1,15-19,3,Implementation,Runtime server installation,179,WSDL,3 - Moderate / recurring,3,4 - Difficult,4,12,
Expert_Survey_E02_AC.xlsx,E02_AC,1,15-19,3,Implementation,Runtime server installation,180,XML/XPath,3 - Moderate / recurring,3,4 - Difficult,4,12,
Expert_Survey_E02_AC.xlsx,E02_AC,1,15-19,3,Implementation,Database installation,181,+Embedded Database,4 - Frequent / important,4,2 - Easy,2,8,
Expert_Survey_E02_AC.xlsx,E02_AC,1,15-19,3,Implementation,Database installation,182,File Storage,3 - Moderate / recurring,3,4 - Difficult,4,12,
Expert_Survey_E02_AC.xlsx,E02_AC,1,15-19,3,Implementation,Database installation,183,Relational Database,2 - Occasional / peripheral,2,5 - Very difficult,5,10,
Expert_Survey_E02_AC.xlsx,E02_AC,1,15-19,3,Implementation,Database installation,184,REST API,2 - Occasional / peripheral,2,4 - Difficult,4,8,
Expert_Survey_E02_AC.xlsx,E02_AC,1,15-19,3,Implementation,Client module installation,185,.NET Framework,1 - Rare / avoidable,1,5 - Very difficult,5,5,
Expert_Survey_E02_AC.xlsx,E02_AC,1,15-19,3,Implementation,Client module installation,186,+Mobile App,5 - Essential / continuous,5,1 - Very easy,1,5,
Expert_Survey_E02_AC.xlsx,E02_AC,1,15-19,3,Implementation,Client module installation,187,+Web Browser,5 - Essential / continuous,5,1 - Very easy,1,5,
Expert_Survey_E02_AC.xlsx,E02_AC,1,15-19,3,Implementation,Client module installation,188,API,3 - Moderate / recurring,3,3 - Moderate,3,9,
Expert_Survey_E02_AC.xlsx,E02_AC,1,15-19,3,Implementation,Client module installation,189,Binaries,3 - Moderate / recurring,3,4 - Difficult,4,12,
Expert_Survey_E02_AC.xlsx,E02_AC,1,15-19,3,Implementation,Client module installation,190,HTTPS Server,3 - Moderate / recurring,3,4 - Difficult,4,12,
Expert_Survey_E02_AC.xlsx,E02_AC,1,15-19,3,Implementation,Client module installation,191,URL Configuration,3 - Moderate / recurring,3,4 - Difficult,4,12,
Expert_Survey_E02_AC.xlsx,E02_AC,1,15-19,3,Implementation,Client module installation,192,Web Services,3 - Moderate / recurring,3,4 - Difficult,4,12,
Expert_Survey_E02_AC.xlsx,E02_AC,1,15-19,3,Implementation,Deployment,193,+App Gallery,5 - Essential / continuous,5,1 - Very easy,1,5,
Expert_Survey_E02_AC.xlsx,E02_AC,1,15-19,3,Implementation,Deployment,194,+Software as a Service,5 - Essential / continuous,5,1 - Very easy,1,5,
Expert_Survey_E02_AC.xlsx,E02_AC,1,15-19,3,Implementation,Deployment,195,Application IDE,4 - Frequent / important,4,2 - Easy,2,8,
Expert_Survey_E02_AC.xlsx,E02_AC,1,15-19,3,Implementation,Deployment,196,CI/CD,4 - Frequent / important,4,3 - Moderate,3,12,
Expert_Survey_E02_AC.xlsx,E02_AC,1,15-19,3,Implementation,Deployment,197,Cloud Computing,4 - Frequent / important,4,2 - Easy,2,8,
Expert_Survey_E02_AC.xlsx,E02_AC,1,15-19,3,Implementation,Deployment,198,Cloud Services,4 - Frequent / important,4,2 - Easy,2,8,
Expert_Survey_E02_AC.xlsx,E02_AC,1,15-19,3,Implementation,Deployment,199,Docker,3 - Moderate / recurring,3,2 - Easy,2,6,
Expert_Survey_E02_AC.xlsx,E02_AC,1,15-19,3,Implementation,Deployment,200,Import/Export,3 - Moderate / recurring,3,2 - Easy,2,6,
Expert_Survey_E02_AC.xlsx,E02_AC,1,15-19,3,Implementation,Deployment,201,Kubernetes,3 - Moderate / recurring,3,2 - Easy,2,6,
Expert_Survey_E02_AC.xlsx,E02_AC,1,15-19,3,Implementation,Deployment,202,On-Premise,3 - Moderate / recurring,3,2 - Easy,2,6,
Expert_Survey_E02_AC.xlsx,E02_AC,1,15-19,3,Implementation,Deployment,203,On-premises Data Gateway,3 - Moderate / recurring,3,4 - Difficult,4,12,
Expert_Survey_E02_AC.xlsx,E02_AC,1,15-19,3,Implementation,Deployment,204,REST API,3 - Moderate / recurring,3,4 - Difficult,4,12,
Expert_Survey_E02_AC.xlsx,E02_AC,1,15-19,3,Implementation,Deployment,205,Scripts,3 - Moderate / recurring,3,4 - Difficult,4,12,
Expert_Survey_E02_AC.xlsx,E02_AC,1,15-19,3,Implementation,Deployment,206,SOAP,3 - Moderate / recurring,3,2 - Easy,2,6,
Expert_Survey_E02_AC.xlsx,E02_AC,1,15-19,3,Implementation,Version control,207,Code Repository Concept,3 - Moderate / recurring,3,1 - Very easy,1,3,
Expert_Survey_E02_AC.xlsx,E02_AC,1,15-19,3,Implementation,Version control,208,Custom Version Control,3 - Moderate / recurring,3,1 - Very easy,1,3,
Expert_Survey_E02_AC.xlsx,E02_AC,1,15-19,3,Implementation,Version control,209,Git,3 - Moderate / recurring,3,1 - Very easy,1,3,
Expert_Survey_E03_PO.xlsx,E03_PO,1,15-19,5+,Design,Workflow model,1,+BPMN Process Model,4 - Frequent / important,4,3 - Moderate,3,12,
Expert_Survey_E03_PO.xlsx,E03_PO,1,15-19,5+,Design,Workflow model,2,Custom Process Model,4 - Frequent / important,4,4 - Difficult,4,16,Usage Intensity
Expert_Survey_E03_PO.xlsx,E03_PO,1,15-19,5+,Design,Database model,3,+Business Data Types,4 - Frequent / important,4,2 - Easy,2,8,1 - Rare / avoidable
Expert_Survey_E03_PO.xlsx,E03_PO,1,15-19,5+,Design,Database model,4,+Form-based Data,3 - Moderate / recurring,3,2 - Easy,2,6,2 - Occasional / peripheral
Expert_Survey_E03_PO.xlsx,E03_PO,1,15-19,5+,Design,Database model,5,+Item-Detail,3 - Moderate / recurring,3,2 - Easy,2,6,3 - Moderate / recurring
Expert_Survey_E03_PO.xlsx,E03_PO,1,15-19,5+,Design,Database model,6,+Lookup/Drop-down,2 - Occasional / peripheral,2,3 - Moderate,3,6,4 - Frequent / important
Expert_Survey_E03_PO.xlsx,E03_PO,1,15-19,5+,Design,Database model,7,+Predefined Entities,2 - Occasional / peripheral,2,3 - Moderate,3,6,5 - Essential / continuous
Expert_Survey_E03_PO.xlsx,E03_PO,1,15-19,5+,Design,Database model,8,Domain Model,5 - Essential / continuous,5,4 - Difficult,4,20,
Expert_Survey_E03_PO.xlsx,E03_PO,1,15-19,5+,Design,Database model,9,Conditional Expressions,4 - Frequent / important,4,3 - Moderate,3,12,Difficulty of Acquisition
Expert_Survey_E03_PO.xlsx,E03_PO,1,15-19,5+,Design,Database model,10,Constraints,4 - Frequent / important,4,3 - Moderate,3,12,1 - Very easy
Expert_Survey_E03_PO.xlsx,E03_PO,1,15-19,5+,Design,Database model,11,Data Structure,4 - Frequent / important,4,4 - Difficult,4,16,2 - Easy
Expert_Survey_E03_PO.xlsx,E03_PO,1,15-19,5+,Design,Database model,12,IT Data Types,2 - Occasional / peripheral,2,3 - Moderate,3,6,3 - Moderate
Expert_Survey_E03_PO.xlsx,E03_PO,1,15-19,5+,Design,Database model,13,Denormalization,2 - Occasional / peripheral,2,4 - Difficult,4,8,4 - Difficult
Expert_Survey_E03_PO.xlsx,E03_PO,1,15-19,5+,Design,Database model,14,Entity Diagrams,4 - Frequent / important,4,4 - Difficult,4,16,5 - Very difficult
Expert_Survey_E03_PO.xlsx,E03_PO,1,15-19,5+,Design,Database model,15,Enumerations,3 - Moderate / recurring,3,2 - Easy,2,6,
Expert_Survey_E03_PO.xlsx,E03_PO,1,15-19,5+,Design,Database model,16,Expressions,3 - Moderate / recurring,3,4 - Difficult,4,12,Instruction
Expert_Survey_E03_PO.xlsx,E03_PO,1,15-19,5+,Design,Database model,17,Relational Database,4 - Frequent / important,4,5 - Very difficult,5,20,
Expert_Survey_E03_PO.xlsx,E03_PO,1,15-19,5+,Design,Database model,18,XML/XPath,3 - Moderate / recurring,3,4 - Difficult,4,12,
Expert_Survey_E03_PO.xlsx,E03_PO,1,15-19,5+,Design,UI model,19,+App templates,3 - Moderate / recurring,3,2 - Easy,2,6,
Expert_Survey_E03_PO.xlsx,E03_PO,1,15-19,5+,Design,UI model,20,+Business Data Types,3 - Moderate / recurring,3,2 - Easy,2,6,
Expert_Survey_E03_PO.xlsx,E03_PO,1,15-19,5+,Design,UI model,21,+Screen Templates,3 - Moderate / recurring,3,1 - Very easy,1,3,
Expert_Survey_E03_PO.xlsx,E03_PO,1,15-19,5+,Design,UI model,22,+UI Branding,2 - Occasional / peripheral,2,1 - Very easy,1,2,
Expert_Survey_E03_PO.xlsx,E03_PO,1,15-19,5+,Design,UI model,23,+View Types,5 - Essential / continuous,5,1 - Very easy,1,5,
Expert_Survey_E03_PO.xlsx,E03_PO,1,15-19,5+,Design,UI model,24,Expressions,5 - Essential / continuous,5,4 - Difficult,4,20,
Expert_Survey_E03_PO.xlsx,E03_PO,1,15-19,5+,Design,UI model,25,IT Data Types,4 - Frequent / important,4,3 - Moderate,3,12,
Expert_Survey_E03_PO.xlsx,E03_PO,1,15-19,5+,Design,UI model,26,Functions,4 - Frequent / important,4,4 - Difficult,4,16,
Expert_Survey_E03_PO.xlsx,E03_PO,1,15-19,5+,Design,UI model,27,Model-driven Apps,4 - Frequent / important,4,4 - Difficult,4,16,
Expert_Survey_E03_PO.xlsx,E03_PO,1,15-19,5+,Design,UI model,28,Reactive Web App,3 - Moderate / recurring,3,5 - Very difficult,5,15,
Expert_Survey_E03_PO.xlsx,E03_PO,1,15-19,5+,Design,UI model,29,Responsive Web Design,3 - Moderate / recurring,3,4 - Difficult,4,12,
Expert_Survey_E03_PO.xlsx,E03_PO,1,15-19,5+,Design,UI model,30,Variables,5 - Essential / continuous,5,3 - Moderate,3,15,
Expert_Survey_E03_PO.xlsx,E03_PO,1,15-19,5+,Design,Validations,31,+Business Rules,4 - Frequent / important,4,3 - Moderate,3,12,
Expert_Survey_E03_PO.xlsx,E03_PO,1,15-19,5+,Design,Validations,32,+Lookup/Drop-down,5 - Essential / continuous,5,2 - Easy,2,10,
Expert_Survey_E03_PO.xlsx,E03_PO,1,15-19,5+,Design,Validations,33,Expressions,4 - Frequent / important,4,3 - Moderate,3,12,
Expert_Survey_E03_PO.xlsx,E03_PO,1,15-19,5+,Design,Validations,34,Enumerations,4 - Frequent / important,4,2 - Easy,2,8,
Expert_Survey_E03_PO.xlsx,E03_PO,1,15-19,5+,Design,Validations,35,JavaScript,3 - Moderate / recurring,3,4 - Difficult,4,12,
Expert_Survey_E03_PO.xlsx,E03_PO,1,15-19,5+,Design,Validations,36,Scripts,3 - Moderate / recurring,3,4 - Difficult,4,12,
Expert_Survey_E03_PO.xlsx,E03_PO,1,15-19,5+,Design,Validations,37,Transactions,3 - Moderate / recurring,3,4 - Difficult,4,12,
Expert_Survey_E03_PO.xlsx,E03_PO,1,15-19,5+,Design,Application logic,38,+Actions,4 - Frequent / important,4,3 - Moderate,3,12,
Expert_Survey_E03_PO.xlsx,E03_PO,1,15-19,5+,Design,Application logic,39,+Graphical actions,4 - Frequent / important,4,3 - Moderate,3,12,
Expert_Survey_E03_PO.xlsx,E03_PO,1,15-19,5+,Design,Application logic,40,+NLP,3 - Moderate / recurring,3,4 - Difficult,4,12,
Expert_Survey_E03_PO.xlsx,E03_PO,1,15-19,5+,Design,Application logic,41,+Custom Language,4 - Frequent / important,4,3 - Moderate,3,12,
Expert_Survey_E03_PO.xlsx,E03_PO,1,15-19,5+,Design,Application logic,42,+Predefined Tasks,4 - Frequent / important,4,2 - Easy,2,8,
Expert_Survey_E03_PO.xlsx,E03_PO,1,15-19,5+,Design,Application logic,43,UML,4 - Frequent / important,4,4 - Difficult,4,16,
Expert_Survey_E03_PO.xlsx,E03_PO,1,15-19,5+,Design,Application logic,44,Algorithms,4 - Frequent / important,4,4 - Difficult,4,16,
Expert_Survey_E03_PO.xlsx,E03_PO,1,15-19,5+,Design,Application logic,45,Expressions,5 - Essential / continuous,5,3 - Moderate,3,15,
Expert_Survey_E03_PO.xlsx,E03_PO,1,15-19,5+,Design,Application logic,46,Control Structures,4 - Frequent / important,4,3 - Moderate,3,12,
Expert_Survey_E03_PO.xlsx,E03_PO,1,15-19,5+,Design,Application logic,47,IT Data Types,4 - Frequent / important,4,4 - Difficult,4,16,
Expert_Survey_E03_PO.xlsx,E03_PO,1,15-19,5+,Design,Application logic,48,Events,3 - Moderate / recurring,3,3 - Moderate,3,9,
Expert_Survey_E03_PO.xlsx,E03_PO,1,15-19,5+,Design,Application logic,49,Formulas,5 - Essential / continuous,5,3 - Moderate,3,15,
Expert_Survey_E03_PO.xlsx,E03_PO,1,15-19,5+,Design,Application logic,50,Functions,5 - Essential / continuous,5,3 - Moderate,3,15,
Expert_Survey_E03_PO.xlsx,E03_PO,1,15-19,5+,Design,Application logic,51,Java,4 - Frequent / important,4,5 - Very difficult,5,20,
Expert_Survey_E03_PO.xlsx,E03_PO,1,15-19,5+,Design,Application logic,52,JavaScript,3 - Moderate / recurring,3,3 - Moderate,3,9,
Expert_Survey_E03_PO.xlsx,E03_PO,1,15-19,5+,Design,Application logic,53,Microservices,3 - Moderate / recurring,3,5 - Very difficult,5,15,
Expert_Survey_E03_PO.xlsx,E03_PO,1,15-19,5+,Design,Application logic,54,SQL,4 - Frequent / important,4,5 - Very difficult,5,20,
Expert_Survey_E03_PO.xlsx,E03_PO,1,15-19,5+,Design,Application logic,55,Variables,4 - Frequent / important,4,3 - Moderate,3,12,
Expert_Survey_E03_PO.xlsx,E03_PO,1,15-19,5+,Development,Workflow design and development,56,+BPMN Process Model,4 - Frequent / important,4,3 - Moderate,3,12,
Expert_Survey_E03_PO.xlsx,E03_PO,1,15-19,5+,Development,Workflow design and development,57,Expressions,4 - Frequent / important,4,3 - Moderate,3,12,
Expert_Survey_E03_PO.xlsx,E03_PO,1,15-19,5+,Development,Workflow design and development,58,Custom Process Model,3 - Moderate / recurring,3,4 - Difficult,4,12,
Expert_Survey_E03_PO.xlsx,E03_PO,1,15-19,5+,Development,Workflow design and development,59,Events,3 - Moderate / recurring,3,3 - Moderate,3,9,
Expert_Survey_E03_PO.xlsx,E03_PO,1,15-19,5+,Development,Workflow design and development,60,Java API,4 - Frequent / important,4,3 - Moderate,3,12,
Expert_Survey_E03_PO.xlsx,E03_PO,1,15-19,5+,Development,Workflow design and development,61,JavaScript,3 - Moderate / recurring,3,3 - Moderate,3,9,
Expert_Survey_E03_PO.xlsx,E03_PO,1,15-19,5+,Development,Workflow design and development,62,REST API,4 - Frequent / important,4,3 - Moderate,3,12,
Expert_Survey_E03_PO.xlsx,E03_PO,1,15-19,5+,Development,Workflow design and development,63,Triggers,3 - Moderate / recurring,3,3 - Moderate,3,9,
Expert_Survey_E03_PO.xlsx,E03_PO,1,15-19,5+,Development,Database design,64,+Business Data Types,5 - Essential / continuous,5,3 - Moderate,3,15,
Expert_Survey_E03_PO.xlsx,E03_PO,1,15-19,5+,Development,Database design,65,+Custom Database Model,5 - Essential / continuous,5,4 - Difficult,4,20,
Expert_Survey_E03_PO.xlsx,E03_PO,1,15-19,5+,Development,Database design,66,+References,4 - Frequent / important,4,2 - Easy,2,8,
Expert_Survey_E03_PO.xlsx,E03_PO,1,15-19,5+,Development,Database design,67,+Slices,4 - Frequent / important,4,4 - Difficult,4,16,
Expert_Survey_E03_PO.xlsx,E03_PO,1,15-19,5+,Development,Database design,68,Actions,4 - Frequent / important,4,2 - Easy,2,8,
Expert_Survey_E03_PO.xlsx,E03_PO,1,15-19,5+,Development,Database design,69,Expressions,3 - Moderate / recurring,3,2 - Easy,2,6,
Expert_Survey_E03_PO.xlsx,E03_PO,1,15-19,5+,Development,Database design,70,Relational Database,3 - Moderate / recurring,3,5 - Very difficult,5,15,
Expert_Survey_E03_PO.xlsx,E03_PO,1,15-19,5+,Development,Database design,71,Entity Diagrams,4 - Frequent / important,4,3 - Moderate,3,12,
Expert_Survey_E03_PO.xlsx,E03_PO,1,15-19,5+,Development,Database design,72,Functions,3 - Moderate / recurring,3,5 - Very difficult,5,15,
Expert_Survey_E03_PO.xlsx,E03_PO,1,15-19,5+,Development,Database design,73,SQL,3 - Moderate / recurring,3,4 - Difficult,4,12,
Expert_Survey_E03_PO.xlsx,E03_PO,1,15-19,5+,Development,Database design,74,IT Data Types,4 - Frequent / important,4,4 - Difficult,4,16,
Expert_Survey_E03_PO.xlsx,E03_PO,1,15-19,5+,Development,Database design,75,Web API,3 - Moderate / recurring,3,4 - Difficult,4,12,
Expert_Survey_E03_PO.xlsx,E03_PO,1,15-19,5+,Development,Fetching data,76,.NET,3 - Moderate / recurring,3,5 - Very difficult,5,15,
Expert_Survey_E03_PO.xlsx,E03_PO,1,15-19,5+,Development,Fetching data,77,+Cloud-based Spreadsheets,4 - Frequent / important,4,2 - Easy,2,8,
Expert_Survey_E03_PO.xlsx,E03_PO,1,15-19,5+,Development,Fetching data,78,+GUI Queries,4 - Frequent / important,4,2 - Easy,2,8,
Expert_Survey_E03_PO.xlsx,E03_PO,1,15-19,5+,Development,Fetching data,79,+Human Language,2 - Occasional / peripheral,2,3 - Moderate,3,6,
Expert_Survey_E03_PO.xlsx,E03_PO,1,15-19,5+,Development,Fetching data,80,+Integrated Data Sources,4 - Frequent / important,4,3 - Moderate,3,12,
Expert_Survey_E03_PO.xlsx,E03_PO,1,15-19,5+,Development,Fetching data,81,Cloud Services,2 - Occasional / peripheral,2,3 - Moderate,3,6,
Expert_Survey_E03_PO.xlsx,E03_PO,1,15-19,5+,Development,Fetching data,82,Custom Query Language,2 - Occasional / peripheral,2,3 - Moderate,3,6,
Expert_Survey_E03_PO.xlsx,E03_PO,1,15-19,5+,Development,Fetching data,83,Data Source Integration,2 - Occasional / peripheral,2,4 - Difficult,4,8,
Expert_Survey_E03_PO.xlsx,E03_PO,1,15-19,5+,Development,Fetching data,84,Formulas,2 - Occasional / peripheral,2,3 - Moderate,3,6,
Expert_Survey_E03_PO.xlsx,E03_PO,1,15-19,5+,Development,Fetching data,85,Local Storage,2 - Occasional / peripheral,2,2 - Easy,2,4,
Expert_Survey_E03_PO.xlsx,E03_PO,1,15-19,5+,Development,Fetching data,86,OAuth,2 - Occasional / peripheral,2,4 - Difficult,4,8,
Expert_Survey_E03_PO.xlsx,E03_PO,1,15-19,5+,Development,Fetching data,87,REST API,3 - Moderate / recurring,3,3 - Moderate,3,9,
Expert_Survey_E03_PO.xlsx,E03_PO,1,15-19,5+,Development,Fetching data,88,SDK,2 - Occasional / peripheral,2,2 - Easy,2,4,
Expert_Survey_E03_PO.xlsx,E03_PO,1,15-19,5+,Development,Fetching data,89,SQL,2 - Occasional / peripheral,2,4 - Difficult,4,8,
Expert_Survey_E03_PO.xlsx,E03_PO,1,15-19,5+,Development,Fetching data,90,URL,2 - Occasional / peripheral,2,2 - Easy,2,4,
Expert_Survey_E03_PO.xlsx,E03_PO,1,15-19,5+,Development,Fetching data,91,Web API,3 - Moderate / recurring,3,3 - Moderate,3,9,
Expert_Survey_E03_PO.xlsx,E03_PO,1,15-19,5+,Development,GUI design and development,92,+AI Support,2 - Occasional / peripheral,2,4 - Difficult,4,8,
Expert_Survey_E03_PO.xlsx,E03_PO,1,15-19,5+,Development,GUI design and development,93,+Business Data Types,4 - Frequent / important,4,3 - Moderate,3,12,
Expert_Survey_E03_PO.xlsx,E03_PO,1,15-19,5+,Development,GUI design and development,94,+Conditional Formatting,4 - Frequent / important,4,2 - Easy,2,8,
Expert_Survey_E03_PO.xlsx,E03_PO,1,15-19,5+,Development,GUI design and development,95,+GUI Style Editor,5 - Essential / continuous,5,1 - Very easy,1,5,
Expert_Survey_E03_PO.xlsx,E03_PO,1,15-19,5+,Development,GUI design and development,96,+Templatized Formulas,5 - Essential / continuous,5,2 - Easy,2,10,
Expert_Survey_E03_PO.xlsx,E03_PO,1,15-19,5+,Development,GUI design and development,97,+UI Branding,2 - Occasional / peripheral,2,1 - Very easy,1,2,
Expert_Survey_E03_PO.xlsx,E03_PO,1,15-19,5+,Development,GUI design and development,98,+View Types,5 - Essential / continuous,5,1 - Very easy,1,5,
Expert_Survey_E03_PO.xlsx,E03_PO,1,15-19,5+,Development,GUI design and development,99,+WYSIWYG,5 - Essential / continuous,5,1 - Very easy,1,5,
Expert_Survey_E03_PO.xlsx,E03_PO,1,15-19,5+,Development,GUI design and development,100,CSS/SCSS,2 - Occasional / peripheral,2,3 - Moderate,3,6,
Expert_Survey_E03_PO.xlsx,E03_PO,1,15-19,5+,Development,GUI design and development,101,Event Propagation,3 - Moderate / recurring,3,4 - Difficult,4,12,
Expert_Survey_E03_PO.xlsx,E03_PO,1,15-19,5+,Development,GUI design and development,102,Responsive Web Design,3 - Moderate / recurring,3,4 - Difficult,4,12,
Expert_Survey_E03_PO.xlsx,E03_PO,1,15-19,5+,Development,GUI design and development,103,HTML,3 - Moderate / recurring,3,3 - Moderate,3,9,
Expert_Survey_E03_PO.xlsx,E03_PO,1,15-19,5+,Development,GUI design and development,104,IT Data Types,4 - Frequent / important,4,3 - Moderate,3,12,
Expert_Survey_E03_PO.xlsx,E03_PO,1,15-19,5+,Development,GUI design and development,105,JavaScript,3 - Moderate / recurring,3,4 - Difficult,4,12,
Expert_Survey_E03_PO.xlsx,E03_PO,1,15-19,5+,Development,GUI design and development,106,Master Detail,4 - Frequent / important,4,4 - Difficult,4,16,
Expert_Survey_E03_PO.xlsx,E03_PO,1,15-19,5+,Development,GUI design and development,107,Programming Functions,4 - Frequent / important,4,4 - Difficult,4,16,
Expert_Survey_E03_PO.xlsx,E03_PO,1,15-19,5+,Development,GUI design and development,108,Scripts,3 - Moderate / recurring,3,3 - Moderate,3,9,
Expert_Survey_E03_PO.xlsx,E03_PO,1,15-19,5+,Development,GUI design and development,109,Snippets,3 - Moderate / recurring,3,3 - Moderate,3,9,
Expert_Survey_E03_PO.xlsx,E03_PO,1,15-19,5+,Development,GUI design and development,110,Variables,5 - Essential / continuous,5,2 - Easy,2,10,
Expert_Survey_E03_PO.xlsx,E03_PO,1,15-19,5+,Development,GUI design and development,111,XML,3 - Moderate / recurring,3,3 - Moderate,3,9,
Expert_Survey_E03_PO.xlsx,E03_PO,1,15-19,5+,Development,Data validation development,112,+Business Rules,4 - Frequent / important,4,3 - Moderate,3,12,
Expert_Survey_E03_PO.xlsx,E03_PO,1,15-19,5+,Development,Data validation development,113,+Column Expressions,4 - Frequent / important,4,2 - Easy,2,8,
Expert_Survey_E03_PO.xlsx,E03_PO,1,15-19,5+,Development,Data validation development,114,Expressions,4 - Frequent / important,4,3 - Moderate,3,12,
Expert_Survey_E03_PO.xlsx,E03_PO,1,15-19,5+,Development,Data validation development,115,Data Fields,5 - Essential / continuous,5,2 - Easy,2,10,
Expert_Survey_E03_PO.xlsx,E03_PO,1,15-19,5+,Development,Data validation development,116,Domain Model,5 - Essential / continuous,5,3 - Moderate,3,15,
Expert_Survey_E03_PO.xlsx,E03_PO,1,15-19,5+,Development,Data validation development,117,Scripts,3 - Moderate / recurring,3,3 - Moderate,3,9,
Expert_Survey_E03_PO.xlsx,E03_PO,1,15-19,5+,Development,Actions design and development,118,+AI Assisted Development,2 - Occasional / peripheral,2,2 - Easy,2,4,
Expert_Survey_E03_PO.xlsx,E03_PO,1,15-19,5+,Development,Actions design and development,119,+Automations,3 - Moderate / recurring,3,2 - Easy,2,6,
Expert_Survey_E03_PO.xlsx,E03_PO,1,15-19,5+,Development,Actions design and development,120,+Built-in Connectors,3 - Moderate / recurring,3,2 - Easy,2,6,
Expert_Survey_E03_PO.xlsx,E03_PO,1,15-19,5+,Development,Actions design and development,121,API,3 - Moderate / recurring,3,3 - Moderate,3,9,
Expert_Survey_E03_PO.xlsx,E03_PO,1,15-19,5+,Development,Actions design and development,122,Expressions,5 - Essential / continuous,5,3 - Moderate,3,15,
Expert_Survey_E03_PO.xlsx,E03_PO,1,15-19,5+,Development,Actions design and development,123,Functions,5 - Essential / continuous,5,3 - Moderate,3,15,
Expert_Survey_E03_PO.xlsx,E03_PO,1,15-19,5+,Development,Actions design and development,124,Java,4 - Frequent / important,4,4 - Difficult,4,16,
Expert_Survey_E03_PO.xlsx,E03_PO,1,15-19,5+,Development,Actions design and development,125,JavaScript,3 - Moderate / recurring,3,4 - Difficult,4,12,
Expert_Survey_E03_PO.xlsx,E03_PO,1,15-19,5+,Development,Actions design and development,126,Object Model,3 - Moderate / recurring,3,3 - Moderate,3,9,
Expert_Survey_E03_PO.xlsx,E03_PO,1,15-19,5+,Development,Actions design and development,127,Scripts,3 - Moderate / recurring,3,3 - Moderate,3,9,
Expert_Survey_E03_PO.xlsx,E03_PO,1,15-19,5+,Development,Actions design and development,128,SOAP,3 - Moderate / recurring,3,5 - Very difficult,5,15,
Expert_Survey_E03_PO.xlsx,E03_PO,1,15-19,5+,Development,Programming,129,.NET,3 - Moderate / recurring,3,5 - Very difficult,5,15,
Expert_Survey_E03_PO.xlsx,E03_PO,1,15-19,5+,Development,Programming,130,+Visual Programming,5 - Essential / continuous,5,3 - Moderate,3,15,
Expert_Survey_E03_PO.xlsx,E03_PO,1,15-19,5+,Development,Programming,131,Expressions,5 - Essential / continuous,5,3 - Moderate,3,15,
Expert_Survey_E03_PO.xlsx,E03_PO,1,15-19,5+,Development,Programming,132,CLI,2 - Occasional / peripheral,2,3 - Moderate,3,6,
Expert_Survey_E03_PO.xlsx,E03_PO,1,15-19,5+,Development,Programming,133,IT Data Types,4 - Frequent / important,4,3 - Moderate,3,12,
Expert_Survey_E03_PO.xlsx,E03_PO,1,15-19,5+,Development,Programming,134,Eclipse,3 - Moderate / recurring,3,3 - Moderate,3,9,
Expert_Survey_E03_PO.xlsx,E03_PO,1,15-19,5+,Development,Programming,135,Emulators,2 - Occasional / peripheral,2,3 - Moderate,3,6,
Expert_Survey_E03_PO.xlsx,E03_PO,1,15-19,5+,Development,Programming,136,Entity Types,5 - Essential / continuous,5,2 - Easy,2,10,
Expert_Survey_E03_PO.xlsx,E03_PO,1,15-19,5+,Development,Programming,137,Enumerations,5 - Essential / continuous,5,2 - Easy,2,10,
Expert_Survey_E03_PO.xlsx,E03_PO,1,15-19,5+,Development,Programming,138,Functions,4 - Frequent / important,4,4 - Difficult,4,16,
Expert_Survey_E03_PO.xlsx,E03_PO,1,15-19,5+,Development,Programming,139,HTML,2 - Occasional / peripheral,2,3 - Moderate,3,6,
Expert_Survey_E03_PO.xlsx,E03_PO,1,15-19,5+,Development,Programming,140,SDK/IDE,2 - Occasional / peripheral,2,3 - Moderate,3,6,
Expert_Survey_E03_PO.xlsx,E03_PO,1,15-19,5+,Development,Programming,141,Iteration Statements,3 - Moderate / recurring,3,2 - Easy,2,6,
Expert_Survey_E03_PO.xlsx,E03_PO,1,15-19,5+,Development,Programming,142,Java,2 - Occasional / peripheral,2,5 - Very difficult,5,10,
Expert_Survey_E03_PO.xlsx,E03_PO,1,15-19,5+,Development,Programming,143,Java API,3 - Moderate / recurring,3,4 - Difficult,4,12,
Expert_Survey_E03_PO.xlsx,E03_PO,1,15-19,5+,Development,Programming,144,JavaScript,2 - Occasional / peripheral,2,4 - Difficult,4,8,
Expert_Survey_E03_PO.xlsx,E03_PO,1,15-19,5+,Development,Programming,145,JSON,3 - Moderate / recurring,3,3 - Moderate,3,9,
Expert_Survey_E03_PO.xlsx,E03_PO,1,15-19,5+,Development,Programming,146,Markup Language,4 - Frequent / important,4,2 - Easy,2,8,
Expert_Survey_E03_PO.xlsx,E03_PO,1,15-19,5+,Development,Programming,147,Metadata,5 - Essential / continuous,5,3 - Moderate,3,15,
Expert_Survey_E03_PO.xlsx,E03_PO,1,15-19,5+,Development,Programming,148,Native Mobile App,3 - Moderate / recurring,3,5 - Very difficult,5,15,
Expert_Survey_E03_PO.xlsx,E03_PO,1,15-19,5+,Development,Programming,149,node.js,3 - Moderate / recurring,3,4 - Difficult,4,12,
Expert_Survey_E03_PO.xlsx,E03_PO,1,15-19,5+,Development,Programming,150,PWA,2 - Occasional / peripheral,2,4 - Difficult,4,8,
Expert_Survey_E03_PO.xlsx,E03_PO,1,15-19,5+,Development,Programming,151,Query Functions,4 - Frequent / important,4,3 - Moderate,3,12,
Expert_Survey_E03_PO.xlsx,E03_PO,1,15-19,5+,Development,Programming,152,Scripts,4 - Frequent / important,4,3 - Moderate,3,12,
Expert_Survey_E03_PO.xlsx,E03_PO,1,15-19,5+,Development,Programming,153,Snippets,3 - Moderate / recurring,3,3 - Moderate,3,9,
Expert_Survey_E03_PO.xlsx,E03_PO,1,15-19,5+,Development,Programming,154,TypeScript,2 - Occasional / peripheral,2,4 - Difficult,4,8,
Expert_Survey_E03_PO.xlsx,E03_PO,1,15-19,5+,Development,Programming,155,Web API,3 - Moderate / recurring,3,3 - Moderate,3,9,
Expert_Survey_E03_PO.xlsx,E03_PO,1,15-19,5+,Development,Programming,156,XML,3 - Moderate / recurring,3,3 - Moderate,3,9,
Expert_Survey_E03_PO.xlsx,E03_PO,1,15-19,5+,Implementation,Runtime server installation,157,+Cloud Based Environment,3 - Moderate / recurring,3,4 - Difficult,4,12,
Expert_Survey_E03_PO.xlsx,E03_PO,1,15-19,5+,Implementation,Runtime server installation,158,API,2 - Occasional / peripheral,2,3 - Moderate,3,6,
Expert_Survey_E03_PO.xlsx,E03_PO,1,15-19,5+,Implementation,Runtime server installation,159,Compiler Service,3 - Moderate / recurring,3,3 - Moderate,3,9,
Expert_Survey_E03_PO.xlsx,E03_PO,1,15-19,5+,Implementation,Runtime server installation,160,Database Synchronization,3 - Moderate / recurring,3,4 - Difficult,4,12,
Expert_Survey_E03_PO.xlsx,E03_PO,1,15-19,5+,Implementation,Runtime server installation,161,Deployment Controller Service,3 - Moderate / recurring,3,3 - Moderate,3,9,
Expert_Survey_E03_PO.xlsx,E03_PO,1,15-19,5+,Implementation,Runtime server installation,162,Email Server (SMTP),2 - Occasional / peripheral,2,4 - Difficult,4,8,
Expert_Survey_E03_PO.xlsx,E03_PO,1,15-19,5+,Implementation,Runtime server installation,163,File Storage,3 - Moderate / recurring,3,2 - Easy,2,6,
Expert_Survey_E03_PO.xlsx,E03_PO,1,15-19,5+,Implementation,Runtime server installation,164,HTTPS Server,3 - Moderate / recurring,3,2 - Easy,2,6,
Expert_Survey_E03_PO.xlsx,E03_PO,1,15-19,5+,Implementation,Runtime server installation,165,Java,3 - Moderate / recurring,3,2 - Easy,2,6,
Expert_Survey_E03_PO.xlsx,E03_PO,1,15-19,5+,Implementation,Runtime server installation,166,Load Balancing,2 - Occasional / peripheral,2,5 - Very difficult,5,10,
Expert_Survey_E03_PO.xlsx,E03_PO,1,15-19,5+,Implementation,Runtime server installation,167,Log Service,2 - Occasional / peripheral,2,4 - Difficult,4,8,
Expert_Survey_E03_PO.xlsx,E03_PO,1,15-19,5+,Implementation,Runtime server installation,168,Mobile App,3 - Moderate / recurring,3,3 - Moderate,3,9,
Expert_Survey_E03_PO.xlsx,E03_PO,1,15-19,5+,Implementation,Runtime server installation,169,OQL,3 - Moderate / recurring,3,3 - Moderate,3,9,
Expert_Survey_E03_PO.xlsx,E03_PO,1,15-19,5+,Implementation,Runtime server installation,170,Proxy server,3 - Moderate / recurring,3,4 - Difficult,4,12,
Expert_Survey_E03_PO.xlsx,E03_PO,1,15-19,5+,Implementation,Runtime server installation,171,Relational Database,4 - Frequent / important,4,3 - Moderate,3,12,
Expert_Survey_E03_PO.xlsx,E03_PO,1,15-19,5+,Implementation,Runtime server installation,172,REST API,3 - Moderate / recurring,3,2 - Easy,2,6,
Expert_Survey_E03_PO.xlsx,E03_PO,1,15-19,5+,Implementation,Runtime server installation,173,SAML Authentication,2 - Occasional / peripheral,2,4 - Difficult,4,8,
Expert_Survey_E03_PO.xlsx,E03_PO,1,15-19,5+,Implementation,Runtime server installation,174,Scheduler Service,3 - Moderate / recurring,3,3 - Moderate,3,9,
Expert_Survey_E03_PO.xlsx,E03_PO,1,15-19,5+,Implementation,Runtime server installation,175,Shared Libraries,3 - Moderate / recurring,3,2 - Easy,2,6,
Expert_Survey_E03_PO.xlsx,E03_PO,1,15-19,5+,Implementation,Runtime server installation,176,SOAP,3 - Moderate / recurring,3,4 - Difficult,4,12,
Expert_Survey_E03_PO.xlsx,E03_PO,1,15-19,5+,Implementation,Runtime server installation,177,SSL Certificates,3 - Moderate / recurring,3,2 - Easy,2,6,
Expert_Survey_E03_PO.xlsx,E03_PO,1,15-19,5+,Implementation,Runtime server installation,178,Swagger,2 - Occasional / peripheral,2,2 - Easy,2,4,
Expert_Survey_E03_PO.xlsx,E03_PO,1,15-19,5+,Implementation,Runtime server installation,179,WSDL,3 - Moderate / recurring,3,4 - Difficult,4,12,
Expert_Survey_E03_PO.xlsx,E03_PO,1,15-19,5+,Implementation,Runtime server installation,180,XML/XPath,3 - Moderate / recurring,3,2 - Easy,2,6,
Expert_Survey_E03_PO.xlsx,E03_PO,1,15-19,5+,Implementation,Database installation,181,+Embedded Database,3 - Moderate / recurring,3,1 - Very easy,1,3,
Expert_Survey_E03_PO.xlsx,E03_PO,1,15-19,5+,Implementation,Database installation,182,File Storage,3 - Moderate / recurring,3,2 - Easy,2,6,
Expert_Survey_E03_PO.xlsx,E03_PO,1,15-19,5+,Implementation,Database installation,183,Relational Database,4 - Frequent / important,4,3 - Moderate,3,12,
Expert_Survey_E03_PO.xlsx,E03_PO,1,15-19,5+,Implementation,Database installation,184,REST API,2 - Occasional / peripheral,2,2 - Easy,2,4,
Expert_Survey_E03_PO.xlsx,E03_PO,1,15-19,5+,Implementation,Client module installation,185,.NET Framework,3 - Moderate / recurring,3,2 - Easy,2,6,
Expert_Survey_E03_PO.xlsx,E03_PO,1,15-19,5+,Implementation,Client module installation,186,+Mobile App,3 - Moderate / recurring,3,2 - Easy,2,6,
Expert_Survey_E03_PO.xlsx,E03_PO,1,15-19,5+,Implementation,Client module installation,187,+Web Browser,5 - Essential / continuous,5,1 - Very easy,1,5,
Expert_Survey_E03_PO.xlsx,E03_PO,1,15-19,5+,Implementation,Client module installation,188,API,3 - Moderate / recurring,3,2 - Easy,2,6,
Expert_Survey_E03_PO.xlsx,E03_PO,1,15-19,5+,Implementation,Client module installation,189,Binaries,3 - Moderate / recurring,3,2 - Easy,2,6,
Expert_Survey_E03_PO.xlsx,E03_PO,1,15-19,5+,Implementation,Client module installation,190,HTTPS Server,4 - Frequent / important,4,3 - Moderate,3,12,
Expert_Survey_E03_PO.xlsx,E03_PO,1,15-19,5+,Implementation,Client module installation,191,URL Configuration,4 - Frequent / important,4,2 - Easy,2,8,
Expert_Survey_E03_PO.xlsx,E03_PO,1,15-19,5+,Implementation,Client module installation,192,Web Services,3 - Moderate / recurring,3,3 - Moderate,3,9,
Expert_Survey_E03_PO.xlsx,E03_PO,1,15-19,5+,Implementation,Deployment,193,+App Gallery,4 - Frequent / important,4,3 - Moderate,3,12,
Expert_Survey_E03_PO.xlsx,E03_PO,1,15-19,5+,Implementation,Deployment,194,+Software as a Service,3 - Moderate / recurring,3,4 - Difficult,4,12,
Expert_Survey_E03_PO.xlsx,E03_PO,1,15-19,5+,Implementation,Deployment,195,Application IDE,3 - Moderate / recurring,3,3 - Moderate,3,9,
Expert_Survey_E03_PO.xlsx,E03_PO,1,15-19,5+,Implementation,Deployment,196,CI/CD,4 - Frequent / important,4,5 - Very difficult,5,20,
Expert_Survey_E03_PO.xlsx,E03_PO,1,15-19,5+,Implementation,Deployment,197,Cloud Computing,4 - Frequent / important,4,4 - Difficult,4,16,
Expert_Survey_E03_PO.xlsx,E03_PO,1,15-19,5+,Implementation,Deployment,198,Cloud Services,4 - Frequent / important,4,4 - Difficult,4,16,
Expert_Survey_E03_PO.xlsx,E03_PO,1,15-19,5+,Implementation,Deployment,199,Docker,4 - Frequent / important,4,4 - Difficult,4,16,
Expert_Survey_E03_PO.xlsx,E03_PO,1,15-19,5+,Implementation,Deployment,200,Import/Export,4 - Frequent / important,4,3 - Moderate,3,12,
Expert_Survey_E03_PO.xlsx,E03_PO,1,15-19,5+,Implementation,Deployment,201,Kubernetes,3 - Moderate / recurring,3,5 - Very difficult,5,15,
Expert_Survey_E03_PO.xlsx,E03_PO,1,15-19,5+,Implementation,Deployment,202,On-Premise,3 - Moderate / recurring,3,3 - Moderate,3,9,
Expert_Survey_E03_PO.xlsx,E03_PO,1,15-19,5+,Implementation,Deployment,203,On-premises Data Gateway,3 - Moderate / recurring,3,4 - Difficult,4,12,
Expert_Survey_E03_PO.xlsx,E03_PO,1,15-19,5+,Implementation,Deployment,204,REST API,3 - Moderate / recurring,3,3 - Moderate,3,9,
Expert_Survey_E03_PO.xlsx,E03_PO,1,15-19,5+,Implementation,Deployment,205,Scripts,4 - Frequent / important,4,3 - Moderate,3,12,
Expert_Survey_E03_PO.xlsx,E03_PO,1,15-19,5+,Implementation,Deployment,206,SOAP,2 - Occasional / peripheral,2,4 - Difficult,4,8,
Expert_Survey_E03_PO.xlsx,E03_PO,1,15-19,5+,Implementation,Version control,207,Code Repository Concept,5 - Essential / continuous,5,3 - Moderate,3,15,
Expert_Survey_E03_PO.xlsx,E03_PO,1,15-19,5+,Implementation,Version control,208,Custom Version Control,5 - Essential / continuous,5,4 - Difficult,4,20,
Expert_Survey_E03_PO.xlsx,E03_PO,1,15-19,5+,Implementation,Version control,209,Git,5 - Essential / continuous,5,3 - Moderate,3,15,
Expert_Survey_E04_JS.xlsx,E04_JS,1,15-19,3,Design,Workflow model,1,+BPMN Process Model,5 - Essential / continuous,5,2 - Easy,2,10,
Expert_Survey_E04_JS.xlsx,E04_JS,1,15-19,3,Design,Workflow model,2,Custom Process Model,5 - Essential / continuous,5,4 - Difficult,4,20,Usage Intensity
Expert_Survey_E04_JS.xlsx,E04_JS,1,15-19,3,Design,Database model,3,+Business Data Types,5 - Essential / continuous,5,2 - Easy,2,10,1 - Rare / avoidable
Expert_Survey_E04_JS.xlsx,E04_JS,1,15-19,3,Design,Database model,4,+Form-based Data,4 - Frequent / important,4,2 - Easy,2,8,2 - Occasional / peripheral
Expert_Survey_E04_JS.xlsx,E04_JS,1,15-19,3,Design,Database model,5,+Item-Detail,3 - Moderate / recurring,3,3 - Moderate,3,9,3 - Moderate / recurring
Expert_Survey_E04_JS.xlsx,E04_JS,1,15-19,3,Design,Database model,6,+Lookup/Drop-down,2 - Occasional / peripheral,2,3 - Moderate,3,6,4 - Frequent / important
Expert_Survey_E04_JS.xlsx,E04_JS,1,15-19,3,Design,Database model,7,+Predefined Entities,1 - Rare / avoidable,1,1 - Very easy,1,1,5 - Essential / continuous
Expert_Survey_E04_JS.xlsx,E04_JS,1,15-19,3,Design,Database model,8,Domain Model,4 - Frequent / important,4,4 - Difficult,4,16,
Expert_Survey_E04_JS.xlsx,E04_JS,1,15-19,3,Design,Database model,9,Conditional Expressions,4 - Frequent / important,4,2 - Easy,2,8,Difficulty of Acquisition
Expert_Survey_E04_JS.xlsx,E04_JS,1,15-19,3,Design,Database model,10,Constraints,4 - Frequent / important,4,3 - Moderate,3,12,1 - Very easy
Expert_Survey_E04_JS.xlsx,E04_JS,1,15-19,3,Design,Database model,11,Data Structure,4 - Frequent / important,4,4 - Difficult,4,16,2 - Easy
Expert_Survey_E04_JS.xlsx,E04_JS,1,15-19,3,Design,Database model,12,IT Data Types,2 - Occasional / peripheral,2,4 - Difficult,4,8,3 - Moderate
Expert_Survey_E04_JS.xlsx,E04_JS,1,15-19,3,Design,Database model,13,Denormalization,2 - Occasional / peripheral,2,5 - Very difficult,5,10,4 - Difficult
Expert_Survey_E04_JS.xlsx,E04_JS,1,15-19,3,Design,Database model,14,Entity Diagrams,3 - Moderate / recurring,3,3 - Moderate,3,9,5 - Very difficult
Expert_Survey_E04_JS.xlsx,E04_JS,1,15-19,3,Design,Database model,15,Enumerations,4 - Frequent / important,4,4 - Difficult,4,16,
Expert_Survey_E04_JS.xlsx,E04_JS,1,15-19,3,Design,Database model,16,Expressions,3 - Moderate / recurring,3,4 - Difficult,4,12,Instruction
Expert_Survey_E04_JS.xlsx,E04_JS,1,15-19,3,Design,Database model,17,Relational Database,3 - Moderate / recurring,3,2 - Easy,2,6,
Expert_Survey_E04_JS.xlsx,E04_JS,1,15-19,3,Design,Database model,18,XML/XPath,3 - Moderate / recurring,3,5 - Very difficult,5,15,
Expert_Survey_E04_JS.xlsx,E04_JS,1,15-19,3,Design,UI model,19,+App templates,3 - Moderate / recurring,3,2 - Easy,2,6,
Expert_Survey_E04_JS.xlsx,E04_JS,1,15-19,3,Design,UI model,20,+Business Data Types,3 - Moderate / recurring,3,2 - Easy,2,6,
Expert_Survey_E04_JS.xlsx,E04_JS,1,15-19,3,Design,UI model,21,+Screen Templates,3 - Moderate / recurring,3,2 - Easy,2,6,
Expert_Survey_E04_JS.xlsx,E04_JS,1,15-19,3,Design,UI model,22,+UI Branding,2 - Occasional / peripheral,2,2 - Easy,2,4,
Expert_Survey_E04_JS.xlsx,E04_JS,1,15-19,3,Design,UI model,23,+View Types,5 - Essential / continuous,5,2 - Easy,2,10,
Expert_Survey_E04_JS.xlsx,E04_JS,1,15-19,3,Design,UI model,24,Expressions,5 - Essential / continuous,5,4 - Difficult,4,20,
Expert_Survey_E04_JS.xlsx,E04_JS,1,15-19,3,Design,UI model,25,IT Data Types,4 - Frequent / important,4,3 - Moderate,3,12,
Expert_Survey_E04_JS.xlsx,E04_JS,1,15-19,3,Design,UI model,26,Functions,4 - Frequent / important,4,5 - Very difficult,5,20,
Expert_Survey_E04_JS.xlsx,E04_JS,1,15-19,3,Design,UI model,27,Model-driven Apps,4 - Frequent / important,4,5 - Very difficult,5,20,
Expert_Survey_E04_JS.xlsx,E04_JS,1,15-19,3,Design,UI model,28,Reactive Web App,4 - Frequent / important,4,5 - Very difficult,5,20,
Expert_Survey_E04_JS.xlsx,E04_JS,1,15-19,3,Design,UI model,29,Responsive Web Design,4 - Frequent / important,4,4 - Difficult,4,16,
Expert_Survey_E04_JS.xlsx,E04_JS,1,15-19,3,Design,UI model,30,Variables,5 - Essential / continuous,5,3 - Moderate,3,15,
Expert_Survey_E04_JS.xlsx,E04_JS,1,15-19,3,Design,Validations,31,+Business Rules,4 - Frequent / important,4,3 - Moderate,3,12,
Expert_Survey_E04_JS.xlsx,E04_JS,1,15-19,3,Design,Validations,32,+Lookup/Drop-down,4 - Frequent / important,4,3 - Moderate,3,12,
Expert_Survey_E04_JS.xlsx,E04_JS,1,15-19,3,Design,Validations,33,Expressions,4 - Frequent / important,4,4 - Difficult,4,16,
Expert_Survey_E04_JS.xlsx,E04_JS,1,15-19,3,Design,Validations,34,Enumerations,4 - Frequent / important,4,3 - Moderate,3,12,
Expert_Survey_E04_JS.xlsx,E04_JS,1,15-19,3,Design,Validations,35,JavaScript,4 - Frequent / important,4,5 - Very difficult,5,20,
Expert_Survey_E04_JS.xlsx,E04_JS,1,15-19,3,Design,Validations,36,Scripts,4 - Frequent / important,4,5 - Very difficult,5,20,
Expert_Survey_E04_JS.xlsx,E04_JS,1,15-19,3,Design,Validations,37,Transactions,4 - Frequent / important,4,4 - Difficult,4,16,
Expert_Survey_E04_JS.xlsx,E04_JS,1,15-19,3,Design,Application logic,38,+Actions,3 - Moderate / recurring,3,3 - Moderate,3,9,
Expert_Survey_E04_JS.xlsx,E04_JS,1,15-19,3,Design,Application logic,39,+Graphical actions,3 - Moderate / recurring,3,2 - Easy,2,6,
Expert_Survey_E04_JS.xlsx,E04_JS,1,15-19,3,Design,Application logic,40,+NLP,3 - Moderate / recurring,3,2 - Easy,2,6,
Expert_Survey_E04_JS.xlsx,E04_JS,1,15-19,3,Design,Application logic,41,+Custom Language,4 - Frequent / important,4,3 - Moderate,3,12,
Expert_Survey_E04_JS.xlsx,E04_JS,1,15-19,3,Design,Application logic,42,+Predefined Tasks,4 - Frequent / important,4,3 - Moderate,3,12,
Expert_Survey_E04_JS.xlsx,E04_JS,1,15-19,3,Design,Application logic,43,UML,4 - Frequent / important,4,4 - Difficult,4,16,
Expert_Survey_E04_JS.xlsx,E04_JS,1,15-19,3,Design,Application logic,44,Algorithms,5 - Essential / continuous,5,3 - Moderate,3,15,
Expert_Survey_E04_JS.xlsx,E04_JS,1,15-19,3,Design,Application logic,45,Expressions,5 - Essential / continuous,5,2 - Easy,2,10,
Expert_Survey_E04_JS.xlsx,E04_JS,1,15-19,3,Design,Application logic,46,Control Structures,4 - Frequent / important,4,3 - Moderate,3,12,
Expert_Survey_E04_JS.xlsx,E04_JS,1,15-19,3,Design,Application logic,47,IT Data Types,5 - Essential / continuous,5,3 - Moderate,3,15,
Expert_Survey_E04_JS.xlsx,E04_JS,1,15-19,3,Design,Application logic,48,Events,4 - Frequent / important,4,3 - Moderate,3,12,
Expert_Survey_E04_JS.xlsx,E04_JS,1,15-19,3,Design,Application logic,49,Formulas,5 - Essential / continuous,5,4 - Difficult,4,20,
Expert_Survey_E04_JS.xlsx,E04_JS,1,15-19,3,Design,Application logic,50,Functions,5 - Essential / continuous,5,5 - Very difficult,5,25,
Expert_Survey_E04_JS.xlsx,E04_JS,1,15-19,3,Design,Application logic,51,Java,4 - Frequent / important,4,5 - Very difficult,5,20,
Expert_Survey_E04_JS.xlsx,E04_JS,1,15-19,3,Design,Application logic,52,JavaScript,4 - Frequent / important,4,5 - Very difficult,5,20,
Expert_Survey_E04_JS.xlsx,E04_JS,1,15-19,3,Design,Application logic,53,Microservices,4 - Frequent / important,4,5 - Very difficult,5,20,
Expert_Survey_E04_JS.xlsx,E04_JS,1,15-19,3,Design,Application logic,54,SQL,4 - Frequent / important,4,5 - Very difficult,5,20,
Expert_Survey_E04_JS.xlsx,E04_JS,1,15-19,3,Design,Application logic,55,Variables,5 - Essential / continuous,5,3 - Moderate,3,15,
Expert_Survey_E04_JS.xlsx,E04_JS,1,15-19,3,Development,Workflow design and development,56,+BPMN Process Model,3 - Moderate / recurring,3,2 - Easy,2,6,
Expert_Survey_E04_JS.xlsx,E04_JS,1,15-19,3,Development,Workflow design and development,57,Expressions,4 - Frequent / important,4,4 - Difficult,4,16,
Expert_Survey_E04_JS.xlsx,E04_JS,1,15-19,3,Development,Workflow design and development,58,Custom Process Model,3 - Moderate / recurring,3,4 - Difficult,4,12,
Expert_Survey_E04_JS.xlsx,E04_JS,1,15-19,3,Development,Workflow design and development,59,Events,3 - Moderate / recurring,3,3 - Moderate,3,9,
Expert_Survey_E04_JS.xlsx,E04_JS,1,15-19,3,Development,Workflow design and development,60,Java API,4 - Frequent / important,4,5 - Very difficult,5,20,
Expert_Survey_E04_JS.xlsx,E04_JS,1,15-19,3,Development,Workflow design and development,61,JavaScript,4 - Frequent / important,4,5 - Very difficult,5,20,
Expert_Survey_E04_JS.xlsx,E04_JS,1,15-19,3,Development,Workflow design and development,62,REST API,3 - Moderate / recurring,3,5 - Very difficult,5,15,
Expert_Survey_E04_JS.xlsx,E04_JS,1,15-19,3,Development,Workflow design and development,63,Triggers,4 - Frequent / important,4,3 - Moderate,3,12,
Expert_Survey_E04_JS.xlsx,E04_JS,1,15-19,3,Development,Database design,64,+Business Data Types,5 - Essential / continuous,5,2 - Easy,2,10,
Expert_Survey_E04_JS.xlsx,E04_JS,1,15-19,3,Development,Database design,65,+Custom Database Model,5 - Essential / continuous,5,3 - Moderate,3,15,
Expert_Survey_E04_JS.xlsx,E04_JS,1,15-19,3,Development,Database design,66,+References,4 - Frequent / important,4,3 - Moderate,3,12,
Expert_Survey_E04_JS.xlsx,E04_JS,1,15-19,3,Development,Database design,67,+Slices,4 - Frequent / important,4,3 - Moderate,3,12,
Expert_Survey_E04_JS.xlsx,E04_JS,1,15-19,3,Development,Database design,68,Actions,4 - Frequent / important,4,3 - Moderate,3,12,
Expert_Survey_E04_JS.xlsx,E04_JS,1,15-19,3,Development,Database design,69,Expressions,3 - Moderate / recurring,3,4 - Difficult,4,12,
Expert_Survey_E04_JS.xlsx,E04_JS,1,15-19,3,Development,Database design,70,Relational Database,4 - Frequent / important,4,5 - Very difficult,5,20,
Expert_Survey_E04_JS.xlsx,E04_JS,1,15-19,3,Development,Database design,71,Entity Diagrams,4 - Frequent / important,4,3 - Moderate,3,12,
Expert_Survey_E04_JS.xlsx,E04_JS,1,15-19,3,Development,Database design,72,Functions,3 - Moderate / recurring,3,5 - Very difficult,5,15,
Expert_Survey_E04_JS.xlsx,E04_JS,1,15-19,3,Development,Database design,73,SQL,4 - Frequent / important,4,5 - Very difficult,5,20,
Expert_Survey_E04_JS.xlsx,E04_JS,1,15-19,3,Development,Database design,74,IT Data Types,5 - Essential / continuous,5,3 - Moderate,3,15,
Expert_Survey_E04_JS.xlsx,E04_JS,1,15-19,3,Development,Database design,75,Web API,3 - Moderate / recurring,3,5 - Very difficult,5,15,
Expert_Survey_E04_JS.xlsx,E04_JS,1,15-19,3,Development,Fetching data,76,.NET,3 - Moderate / recurring,3,5 - Very difficult,5,15,
Expert_Survey_E04_JS.xlsx,E04_JS,1,15-19,3,Development,Fetching data,77,+Cloud-based Spreadsheets,4 - Frequent / important,4,3 - Moderate,3,12,
Expert_Survey_E04_JS.xlsx,E04_JS,1,15-19,3,Development,Fetching data,78,+GUI Queries,4 - Frequent / important,4,3 - Moderate,3,12,
Expert_Survey_E04_JS.xlsx,E04_JS,1,15-19,3,Development,Fetching data,79,+Human Language,2 - Occasional / peripheral,2,2 - Easy,2,4,
Expert_Survey_E04_JS.xlsx,E04_JS,1,15-19,3,Development,Fetching data,80,+Integrated Data Sources,3 - Moderate / recurring,3,2 - Easy,2,6,
Expert_Survey_E04_JS.xlsx,E04_JS,1,15-19,3,Development,Fetching data,81,Cloud Services,2 - Occasional / peripheral,2,4 - Difficult,4,8,
Expert_Survey_E04_JS.xlsx,E04_JS,1,15-19,3,Development,Fetching data,82,Custom Query Language,2 - Occasional / peripheral,2,4 - Difficult,4,8,
Expert_Survey_E04_JS.xlsx,E04_JS,1,15-19,3,Development,Fetching data,83,Data Source Integration,2 - Occasional / peripheral,2,5 - Very difficult,5,10,
Expert_Survey_E04_JS.xlsx,E04_JS,1,15-19,3,Development,Fetching data,84,Formulas,2 - Occasional / peripheral,2,3 - Moderate,3,6,
Expert_Survey_E04_JS.xlsx,E04_JS,1,15-19,3,Development,Fetching data,85,Local Storage,2 - Occasional / peripheral,2,3 - Moderate,3,6,
Expert_Survey_E04_JS.xlsx,E04_JS,1,15-19,3,Development,Fetching data,86,OAuth,2 - Occasional / peripheral,2,4 - Difficult,4,8,
Expert_Survey_E04_JS.xlsx,E04_JS,1,15-19,3,Development,Fetching data,87,REST API,2 - Occasional / peripheral,2,4 - Difficult,4,8,
Expert_Survey_E04_JS.xlsx,E04_JS,1,15-19,3,Development,Fetching data,88,SDK,2 - Occasional / peripheral,2,4 - Difficult,4,8,
Expert_Survey_E04_JS.xlsx,E04_JS,1,15-19,3,Development,Fetching data,89,SQL,2 - Occasional / peripheral,2,4 - Difficult,4,8,
Expert_Survey_E04_JS.xlsx,E04_JS,1,15-19,3,Development,Fetching data,90,URL,2 - Occasional / peripheral,2,2 - Easy,2,4,
Expert_Survey_E04_JS.xlsx,E04_JS,1,15-19,3,Development,Fetching data,91,Web API,2 - Occasional / peripheral,2,4 - Difficult,4,8,
Expert_Survey_E04_JS.xlsx,E04_JS,1,15-19,3,Development,GUI design and development,92,+AI Support,2 - Occasional / peripheral,2,2 - Easy,2,4,
Expert_Survey_E04_JS.xlsx,E04_JS,1,15-19,3,Development,GUI design and development,93,+Business Data Types,4 - Frequent / important,4,2 - Easy,2,8,
Expert_Survey_E04_JS.xlsx,E04_JS,1,15-19,3,Development,GUI design and development,94,+Conditional Formatting,5 - Essential / continuous,5,2 - Easy,2,10,
Expert_Survey_E04_JS.xlsx,E04_JS,1,15-19,3,Development,GUI design and development,95,+GUI Style Editor,5 - Essential / continuous,5,2 - Easy,2,10,
Expert_Survey_E04_JS.xlsx,E04_JS,1,15-19,3,Development,GUI design and development,96,+Templatized Formulas,5 - Essential / continuous,5,2 - Easy,2,10,
Expert_Survey_E04_JS.xlsx,E04_JS,1,15-19,3,Development,GUI design and development,97,+UI Branding,2 - Occasional / peripheral,2,2 - Easy,2,4,
Expert_Survey_E04_JS.xlsx,E04_JS,1,15-19,3,Development,GUI design and development,98,+View Types,4 - Frequent / important,4,2 - Easy,2,8,
Expert_Survey_E04_JS.xlsx,E04_JS,1,15-19,3,Development,GUI design and development,99,+WYSIWYG,3 - Moderate / recurring,3,3 - Moderate,3,9,
Expert_Survey_E04_JS.xlsx,E04_JS,1,15-19,3,Development,GUI design and development,100,CSS/SCSS,2 - Occasional / peripheral,2,4 - Difficult,4,8,
Expert_Survey_E04_JS.xlsx,E04_JS,1,15-19,3,Development,GUI design and development,101,Event Propagation,3 - Moderate / recurring,3,4 - Difficult,4,12,
Expert_Survey_E04_JS.xlsx,E04_JS,1,15-19,3,Development,GUI design and development,102,Responsive Web Design,4 - Frequent / important,4,4 - Difficult,4,16,
Expert_Survey_E04_JS.xlsx,E04_JS,1,15-19,3,Development,GUI design and development,103,HTML,4 - Frequent / important,4,4 - Difficult,4,16,
Expert_Survey_E04_JS.xlsx,E04_JS,1,15-19,3,Development,GUI design and development,104,IT Data Types,5 - Essential / continuous,5,3 - Moderate,3,15,
Expert_Survey_E04_JS.xlsx,E04_JS,1,15-19,3,Development,GUI design and development,105,JavaScript,3 - Moderate / recurring,3,5 - Very difficult,5,15,
Expert_Survey_E04_JS.xlsx,E04_JS,1,15-19,3,Development,GUI design and development,106,Master Detail,5 - Essential / continuous,5,2 - Easy,2,10,
Expert_Survey_E04_JS.xlsx,E04_JS,1,15-19,3,Development,GUI design and development,107,Programming Functions,4 - Frequent / important,4,5 - Very difficult,5,20,
Expert_Survey_E04_JS.xlsx,E04_JS,1,15-19,3,Development,GUI design and development,108,Scripts,4 - Frequent / important,4,4 - Difficult,4,16,
Expert_Survey_E04_JS.xlsx,E04_JS,1,15-19,3,Development,GUI design and development,109,Snippets,3 - Moderate / recurring,3,5 - Very difficult,5,15,
Expert_Survey_E04_JS.xlsx,E04_JS,1,15-19,3,Development,GUI design and development,110,Variables,5 - Essential / continuous,5,3 - Moderate,3,15,
Expert_Survey_E04_JS.xlsx,E04_JS,1,15-19,3,Development,GUI design and development,111,XML,4 - Frequent / important,4,4 - Difficult,4,16,
Expert_Survey_E04_JS.xlsx,E04_JS,1,15-19,3,Development,Data validation development,112,+Business Rules,4 - Frequent / important,4,3 - Moderate,3,12,
Expert_Survey_E04_JS.xlsx,E04_JS,1,15-19,3,Development,Data validation development,113,+Column Expressions,4 - Frequent / important,4,3 - Moderate,3,12,
Expert_Survey_E04_JS.xlsx,E04_JS,1,15-19,3,Development,Data validation development,114,Expressions,4 - Frequent / important,4,3 - Moderate,3,12,
Expert_Survey_E04_JS.xlsx,E04_JS,1,15-19,3,Development,Data validation development,115,Data Fields,5 - Essential / continuous,5,3 - Moderate,3,15,
Expert_Survey_E04_JS.xlsx,E04_JS,1,15-19,3,Development,Data validation development,116,Domain Model,5 - Essential / continuous,5,4 - Difficult,4,20,
Expert_Survey_E04_JS.xlsx,E04_JS,1,15-19,3,Development,Data validation development,117,Scripts,3 - Moderate / recurring,3,4 - Difficult,4,12,
Expert_Survey_E04_JS.xlsx,E04_JS,1,15-19,3,Development,Actions design and development,118,+AI Assisted Development,2 - Occasional / peripheral,2,2 - Easy,2,4,
Expert_Survey_E04_JS.xlsx,E04_JS,1,15-19,3,Development,Actions design and development,119,+Automations,4 - Frequent / important,4,3 - Moderate,3,12,
Expert_Survey_E04_JS.xlsx,E04_JS,1,15-19,3,Development,Actions design and development,120,+Built-in Connectors,4 - Frequent / important,4,2 - Easy,2,8,
Expert_Survey_E04_JS.xlsx,E04_JS,1,15-19,3,Development,Actions design and development,121,API,3 - Moderate / recurring,3,5 - Very difficult,5,15,
Expert_Survey_E04_JS.xlsx,E04_JS,1,15-19,3,Development,Actions design and development,122,Expressions,5 - Essential / continuous,5,4 - Difficult,4,20,
Expert_Survey_E04_JS.xlsx,E04_JS,1,15-19,3,Development,Actions design and development,123,Functions,5 - Essential / continuous,5,5 - Very difficult,5,25,
Expert_Survey_E04_JS.xlsx,E04_JS,1,15-19,3,Development,Actions design and development,124,Java,4 - Frequent / important,4,5 - Very difficult,5,20,
Expert_Survey_E04_JS.xlsx,E04_JS,1,15-19,3,Development,Actions design and development,125,JavaScript,4 - Frequent / important,4,5 - Very difficult,5,20,
Expert_Survey_E04_JS.xlsx,E04_JS,1,15-19,3,Development,Actions design and development,126,Object Model,3 - Moderate / recurring,3,4 - Difficult,4,12,
Expert_Survey_E04_JS.xlsx,E04_JS,1,15-19,3,Development,Actions design and development,127,Scripts,4 - Frequent / important,4,4 - Difficult,4,16,
Expert_Survey_E04_JS.xlsx,E04_JS,1,15-19,3,Development,Actions design and development,128,SOAP,2 - Occasional / peripheral,2,5 - Very difficult,5,10,
Expert_Survey_E04_JS.xlsx,E04_JS,1,15-19,3,Development,Programming,129,.NET,2 - Occasional / peripheral,2,5 - Very difficult,5,10,
Expert_Survey_E04_JS.xlsx,E04_JS,1,15-19,3,Development,Programming,130,+Visual Programming,5 - Essential / continuous,5,3 - Moderate,3,15,
Expert_Survey_E04_JS.xlsx,E04_JS,1,15-19,3,Development,Programming,131,Expressions,5 - Essential / continuous,5,4 - Difficult,4,20,
Expert_Survey_E04_JS.xlsx,E04_JS,1,15-19,3,Development,Programming,132,CLI,1 - Rare / avoidable,1,5 - Very difficult,5,5,
Expert_Survey_E04_JS.xlsx,E04_JS,1,15-19,3,Development,Programming,133,IT Data Types,5 - Essential / continuous,5,3 - Moderate,3,15,
Expert_Survey_E04_JS.xlsx,E04_JS,1,15-19,3,Development,Programming,134,Eclipse,3 - Moderate / recurring,3,4 - Difficult,4,12,
Expert_Survey_E04_JS.xlsx,E04_JS,1,15-19,3,Development,Programming,135,Emulators,1 - Rare / avoidable,1,4 - Difficult,4,4,
Expert_Survey_E04_JS.xlsx,E04_JS,1,15-19,3,Development,Programming,136,Entity Types,5 - Essential / continuous,5,3 - Moderate,3,15,
Expert_Survey_E04_JS.xlsx,E04_JS,1,15-19,3,Development,Programming,137,Enumerations,5 - Essential / continuous,5,3 - Moderate,3,15,
Expert_Survey_E04_JS.xlsx,E04_JS,1,15-19,3,Development,Programming,138,Functions,3 - Moderate / recurring,3,4 - Difficult,4,12,
Expert_Survey_E04_JS.xlsx,E04_JS,1,15-19,3,Development,Programming,139,HTML,2 - Occasional / peripheral,2,3 - Moderate,3,6,
Expert_Survey_E04_JS.xlsx,E04_JS,1,15-19,3,Development,Programming,140,SDK/IDE,2 - Occasional / peripheral,2,5 - Very difficult,5,10,
Expert_Survey_E04_JS.xlsx,E04_JS,1,15-19,3,Development,Programming,141,Iteration Statements,4 - Frequent / important,4,3 - Moderate,3,12,
Expert_Survey_E04_JS.xlsx,E04_JS,1,15-19,3,Development,Programming,142,Java,2 - Occasional / peripheral,2,5 - Very difficult,5,10,
Expert_Survey_E04_JS.xlsx,E04_JS,1,15-19,3,Development,Programming,143,Java API,2 - Occasional / peripheral,2,5 - Very difficult,5,10,
Expert_Survey_E04_JS.xlsx,E04_JS,1,15-19,3,Development,Programming,144,JavaScript,2 - Occasional / peripheral,2,5 - Very difficult,5,10,
Expert_Survey_E04_JS.xlsx,E04_JS,1,15-19,3,Development,Programming,145,JSON,4 - Frequent / important,4,4 - Difficult,4,16,
Expert_Survey_E04_JS.xlsx,E04_JS,1,15-19,3,Development,Programming,146,Markup Language,3 - Moderate / recurring,3,2 - Easy,2,6,
Expert_Survey_E04_JS.xlsx,E04_JS,1,15-19,3,Development,Programming,147,Metadata,5 - Essential / continuous,5,3 - Moderate,3,15,
Expert_Survey_E04_JS.xlsx,E04_JS,1,15-19,3,Development,Programming,148,Native Mobile App,4 - Frequent / important,4,5 - Very difficult,5,20,
Expert_Survey_E04_JS.xlsx,E04_JS,1,15-19,3,Development,Programming,149,node.js,3 - Moderate / recurring,3,5 - Very difficult,5,15,
Expert_Survey_E04_JS.xlsx,E04_JS,1,15-19,3,Development,Programming,150,PWA,2 - Occasional / peripheral,2,5 - Very difficult,5,10,
Expert_Survey_E04_JS.xlsx,E04_JS,1,15-19,3,Development,Programming,151,Query Functions,4 - Frequent / important,4,3 - Moderate,3,12,
Expert_Survey_E04_JS.xlsx,E04_JS,1,15-19,3,Development,Programming,152,Scripts,3 - Moderate / recurring,3,4 - Difficult,4,12,
Expert_Survey_E04_JS.xlsx,E04_JS,1,15-19,3,Development,Programming,153,Snippets,2 - Occasional / peripheral,2,4 - Difficult,4,8,
Expert_Survey_E04_JS.xlsx,E04_JS,1,15-19,3,Development,Programming,154,TypeScript,3 - Moderate / recurring,3,4 - Difficult,4,12,
Expert_Survey_E04_JS.xlsx,E04_JS,1,15-19,3,Development,Programming,155,Web API,2 - Occasional / peripheral,2,5 - Very difficult,5,10,
Expert_Survey_E04_JS.xlsx,E04_JS,1,15-19,3,Development,Programming,156,XML,4 - Frequent / important,4,3 - Moderate,3,12,
Expert_Survey_E04_JS.xlsx,E04_JS,1,15-19,3,Implementation,Runtime server installation,157,+Cloud Based Environment,5 - Essential / continuous,5,4 - Difficult,4,20,
Expert_Survey_E04_JS.xlsx,E04_JS,1,15-19,3,Implementation,Runtime server installation,158,API,2 - Occasional / peripheral,2,5 - Very difficult,5,10,
Expert_Survey_E04_JS.xlsx,E04_JS,1,15-19,3,Implementation,Runtime server installation,159,Compiler Service,3 - Moderate / recurring,3,5 - Very difficult,5,15,
Expert_Survey_E04_JS.xlsx,E04_JS,1,15-19,3,Implementation,Runtime server installation,160,Database Synchronization,3 - Moderate / recurring,3,5 - Very difficult,5,15,
Expert_Survey_E04_JS.xlsx,E04_JS,1,15-19,3,Implementation,Runtime server installation,161,Deployment Controller Service,3 - Moderate / recurring,3,5 - Very difficult,5,15,
Expert_Survey_E04_JS.xlsx,E04_JS,1,15-19,3,Implementation,Runtime server installation,162,Email Server (SMTP),3 - Moderate / recurring,3,4 - Difficult,4,12,
Expert_Survey_E04_JS.xlsx,E04_JS,1,15-19,3,Implementation,Runtime server installation,163,File Storage,4 - Frequent / important,4,4 - Difficult,4,16,
Expert_Survey_E04_JS.xlsx,E04_JS,1,15-19,3,Implementation,Runtime server installation,164,HTTPS Server,4 - Frequent / important,4,4 - Difficult,4,16,
Expert_Survey_E04_JS.xlsx,E04_JS,1,15-19,3,Implementation,Runtime server installation,165,Java,4 - Frequent / important,4,4 - Difficult,4,16,
Expert_Survey_E04_JS.xlsx,E04_JS,1,15-19,3,Implementation,Runtime server installation,166,Load Balancing,2 - Occasional / peripheral,2,4 - Difficult,4,8,
Expert_Survey_E04_JS.xlsx,E04_JS,1,15-19,3,Implementation,Runtime server installation,167,Log Service,2 - Occasional / peripheral,2,3 - Moderate,3,6,
Expert_Survey_E04_JS.xlsx,E04_JS,1,15-19,3,Implementation,Runtime server installation,168,Mobile App,4 - Frequent / important,4,3 - Moderate,3,12,
Expert_Survey_E04_JS.xlsx,E04_JS,1,15-19,3,Implementation,Runtime server installation,169,OQL,3 - Moderate / recurring,3,4 - Difficult,4,12,
Expert_Survey_E04_JS.xlsx,E04_JS,1,15-19,3,Implementation,Runtime server installation,170,Proxy server,4 - Frequent / important,4,4 - Difficult,4,16,
Expert_Survey_E04_JS.xlsx,E04_JS,1,15-19,3,Implementation,Runtime server installation,171,Relational Database,5 - Essential / continuous,5,4 - Difficult,4,20,
Expert_Survey_E04_JS.xlsx,E04_JS,1,15-19,3,Implementation,Runtime server installation,172,REST API,4 - Frequent / important,4,4 - Difficult,4,16,
Expert_Survey_E04_JS.xlsx,E04_JS,1,15-19,3,Implementation,Runtime server installation,173,SAML Authentication,5 - Essential / continuous,5,5 - Very difficult,5,25,
Expert_Survey_E04_JS.xlsx,E04_JS,1,15-19,3,Implementation,Runtime server installation,174,Scheduler Service,3 - Moderate / recurring,3,4 - Difficult,4,12,
Expert_Survey_E04_JS.xlsx,E04_JS,1,15-19,3,Implementation,Runtime server installation,175,Shared Libraries,4 - Frequent / important,4,4 - Difficult,4,16,
Expert_Survey_E04_JS.xlsx,E04_JS,1,15-19,3,Implementation,Runtime server installation,176,SOAP,4 - Frequent / important,4,5 - Very difficult,5,20,
Expert_Survey_E04_JS.xlsx,E04_JS,1,15-19,3,Implementation,Runtime server installation,177,SSL Certificates,4 - Frequent / important,4,4 - Difficult,4,16,
Expert_Survey_E04_JS.xlsx,E04_JS,1,15-19,3,Implementation,Runtime server installation,178,Swagger,4 - Frequent / important,4,4 - Difficult,4,16,
Expert_Survey_E04_JS.xlsx,E04_JS,1,15-19,3,Implementation,Runtime server installation,179,WSDL,3 - Moderate / recurring,3,5 - Very difficult,5,15,
Expert_Survey_E04_JS.xlsx,E04_JS,1,15-19,3,Implementation,Runtime server installation,180,XML/XPath,4 - Frequent / important,4,4 - Difficult,4,16,
Expert_Survey_E04_JS.xlsx,E04_JS,1,15-19,3,Implementation,Database installation,181,+Embedded Database,3 - Moderate / recurring,3,3 - Moderate,3,9,
Expert_Survey_E04_JS.xlsx,E04_JS,1,15-19,3,Implementation,Database installation,182,File Storage,4 - Frequent / important,4,3 - Moderate,3,12,
Expert_Survey_E04_JS.xlsx,E04_JS,1,15-19,3,Implementation,Database installation,183,Relational Database,5 - Essential / continuous,5,4 - Difficult,4,20,
Expert_Survey_E04_JS.xlsx,E04_JS,1,15-19,3,Implementation,Database installation,184,REST API,3 - Moderate / recurring,3,4 - Difficult,4,12,
Expert_Survey_E04_JS.xlsx,E04_JS,1,15-19,3,Implementation,Client module installation,185,.NET Framework,4 - Frequent / important,4,4 - Difficult,4,16,
Expert_Survey_E04_JS.xlsx,E04_JS,1,15-19,3,Implementation,Client module installation,186,+Mobile App,4 - Frequent / important,4,4 - Difficult,4,16,
Expert_Survey_E04_JS.xlsx,E04_JS,1,15-19,3,Implementation,Client module installation,187,+Web Browser,5 - Essential / continuous,5,1 - Very easy,1,5,
Expert_Survey_E04_JS.xlsx,E04_JS,1,15-19,3,Implementation,Client module installation,188,API,3 - Moderate / recurring,3,4 - Difficult,4,12,
Expert_Survey_E04_JS.xlsx,E04_JS,1,15-19,3,Implementation,Client module installation,189,Binaries,4 - Frequent / important,4,3 - Moderate,3,12,
Expert_Survey_E04_JS.xlsx,E04_JS,1,15-19,3,Implementation,Client module installation,190,HTTPS Server,4 - Frequent / important,4,4 - Difficult,4,16,
Expert_Survey_E04_JS.xlsx,E04_JS,1,15-19,3,Implementation,Client module installation,191,URL Configuration,4 - Frequent / important,4,3 - Moderate,3,12,
Expert_Survey_E04_JS.xlsx,E04_JS,1,15-19,3,Implementation,Client module installation,192,Web Services,3 - Moderate / recurring,3,4 - Difficult,4,12,
Expert_Survey_E04_JS.xlsx,E04_JS,1,15-19,3,Implementation,Deployment,193,+App Gallery,4 - Frequent / important,4,1 - Very easy,1,4,
Expert_Survey_E04_JS.xlsx,E04_JS,1,15-19,3,Implementation,Deployment,194,+Software as a Service,4 - Frequent / important,4,1 - Very easy,1,4,
Expert_Survey_E04_JS.xlsx,E04_JS,1,15-19,3,Implementation,Deployment,195,Application IDE,4 - Frequent / important,4,4 - Difficult,4,16,
Expert_Survey_E04_JS.xlsx,E04_JS,1,15-19,3,Implementation,Deployment,196,CI/CD,5 - Essential / continuous,5,5 - Very difficult,5,25,
Expert_Survey_E04_JS.xlsx,E04_JS,1,15-19,3,Implementation,Deployment,197,Cloud Computing,4 - Frequent / important,4,4 - Difficult,4,16,
Expert_Survey_E04_JS.xlsx,E04_JS,1,15-19,3,Implementation,Deployment,198,Cloud Services,4 - Frequent / important,4,4 - Difficult,4,16,
Expert_Survey_E04_JS.xlsx,E04_JS,1,15-19,3,Implementation,Deployment,199,Docker,5 - Essential / continuous,5,5 - Very difficult,5,25,
Expert_Survey_E04_JS.xlsx,E04_JS,1,15-19,3,Implementation,Deployment,200,Import/Export,5 - Essential / continuous,5,3 - Moderate,3,15,
Expert_Survey_E04_JS.xlsx,E04_JS,1,15-19,3,Implementation,Deployment,201,Kubernetes,4 - Frequent / important,4,5 - Very difficult,5,20,
Expert_Survey_E04_JS.xlsx,E04_JS,1,15-19,3,Implementation,Deployment,202,On-Premise,4 - Frequent / important,4,3 - Moderate,3,12,
Expert_Survey_E04_JS.xlsx,E04_JS,1,15-19,3,Implementation,Deployment,203,On-premises Data Gateway,4 - Frequent / important,4,4 - Difficult,4,16,
Expert_Survey_E04_JS.xlsx,E04_JS,1,15-19,3,Implementation,Deployment,204,REST API,4 - Frequent / important,4,4 - Difficult,4,16,
Expert_Survey_E04_JS.xlsx,E04_JS,1,15-19,3,Implementation,Deployment,205,Scripts,5 - Essential / continuous,5,4 - Difficult,4,20,
Expert_Survey_E04_JS.xlsx,E04_JS,1,15-19,3,Implementation,Deployment,206,SOAP,2 - Occasional / peripheral,2,5 - Very difficult,5,10,
Expert_Survey_E04_JS.xlsx,E04_JS,1,15-19,3,Implementation,Version control,207,Code Repository Concept,5 - Essential / continuous,5,4 - Difficult,4,20,
Expert_Survey_E04_JS.xlsx,E04_JS,1,15-19,3,Implementation,Version control,208,Custom Version Control,5 - Essential / continuous,5,4 - Difficult,4,20,
Expert_Survey_E04_JS.xlsx,E04_JS,1,15-19,3,Implementation,Version control,209,Git,5 - Essential / continuous,5,4 - Difficult,4,20,
Expert_Survey_E05_WD.xlsx,E05_WD,1,20+,3,Design,Workflow model,1,+BPMN Process Model,5 - Essential / continuous,5,2 - Easy,2,10,
Expert_Survey_E05_WD.xlsx,E05_WD,1,20+,3,Design,Workflow model,2,Custom Process Model,3 - Moderate / recurring,3,4 - Difficult,4,12,Usage Intensity
Expert_Survey_E05_WD.xlsx,E05_WD,1,20+,3,Design,Database model,3,+Business Data Types,5 - Essential / continuous,5,1 - Very easy,1,5,1 - Rare / avoidable
Expert_Survey_E05_WD.xlsx,E05_WD,1,20+,3,Design,Database model,4,+Form-based Data,4 - Frequent / important,4,1 - Very easy,1,4,2 - Occasional / peripheral
Expert_Survey_E05_WD.xlsx,E05_WD,1,20+,3,Design,Database model,5,+Item-Detail,4 - Frequent / important,4,1 - Very easy,1,4,3 - Moderate / recurring
Expert_Survey_E05_WD.xlsx,E05_WD,1,20+,3,Design,Database model,6,+Lookup/Drop-down,4 - Frequent / important,4,1 - Very easy,1,4,4 - Frequent / important
Expert_Survey_E05_WD.xlsx,E05_WD,1,20+,3,Design,Database model,7,+Predefined Entities,3 - Moderate / recurring,3,1 - Very easy,1,3,5 - Essential / continuous
Expert_Survey_E05_WD.xlsx,E05_WD,1,20+,3,Design,Database model,8,Domain Model,3 - Moderate / recurring,3,3 - Moderate,3,9,
Expert_Survey_E05_WD.xlsx,E05_WD,1,20+,3,Design,Database model,9,Conditional Expressions,4 - Frequent / important,4,3 - Moderate,3,12,Difficulty of Acquisition
Expert_Survey_E05_WD.xlsx,E05_WD,1,20+,3,Design,Database model,10,Constraints,3 - Moderate / recurring,3,3 - Moderate,3,9,1 - Very easy
Expert_Survey_E05_WD.xlsx,E05_WD,1,20+,3,Design,Database model,11,Data Structure,3 - Moderate / recurring,3,3 - Moderate,3,9,2 - Easy
Expert_Survey_E05_WD.xlsx,E05_WD,1,20+,3,Design,Database model,12,IT Data Types,3 - Moderate / recurring,3,4 - Difficult,4,12,3 - Moderate
Expert_Survey_E05_WD.xlsx,E05_WD,1,20+,3,Design,Database model,13,Denormalization,2 - Occasional / peripheral,2,5 - Very difficult,5,10,4 - Difficult
Expert_Survey_E05_WD.xlsx,E05_WD,1,20+,3,Design,Database model,14,Entity Diagrams,3 - Moderate / recurring,3,3 - Moderate,3,9,5 - Very difficult
Expert_Survey_E05_WD.xlsx,E05_WD,1,20+,3,Design,Database model,15,Enumerations,3 - Moderate / recurring,3,2 - Easy,2,6,
Expert_Survey_E05_WD.xlsx,E05_WD,1,20+,3,Design,Database model,16,Expressions,4 - Frequent / important,4,3 - Moderate,3,12,Instruction
Expert_Survey_E05_WD.xlsx,E05_WD,1,20+,3,Design,Database model,17,Relational Database,2 - Occasional / peripheral,2,5 - Very difficult,5,10,
Expert_Survey_E05_WD.xlsx,E05_WD,1,20+,3,Design,Database model,18,XML/XPath,1 - Rare / avoidable,1,5 - Very difficult,5,5,
Expert_Survey_E05_WD.xlsx,E05_WD,1,20+,3,Design,UI model,19,+App templates,5 - Essential / continuous,5,1 - Very easy,1,5,
Expert_Survey_E05_WD.xlsx,E05_WD,1,20+,3,Design,UI model,20,+Business Data Types,5 - Essential / continuous,5,1 - Very easy,1,5,
Expert_Survey_E05_WD.xlsx,E05_WD,1,20+,3,Design,UI model,21,+Screen Templates,5 - Essential / continuous,5,1 - Very easy,1,5,
Expert_Survey_E05_WD.xlsx,E05_WD,1,20+,3,Design,UI model,22,+UI Branding,3 - Moderate / recurring,3,2 - Easy,2,6,
Expert_Survey_E05_WD.xlsx,E05_WD,1,20+,3,Design,UI model,23,+View Types,4 - Frequent / important,4,1 - Very easy,1,4,
Expert_Survey_E05_WD.xlsx,E05_WD,1,20+,3,Design,UI model,24,Expressions,4 - Frequent / important,4,3 - Moderate,3,12,
Expert_Survey_E05_WD.xlsx,E05_WD,1,20+,3,Design,UI model,25,IT Data Types,3 - Moderate / recurring,3,4 - Difficult,4,12,
Expert_Survey_E05_WD.xlsx,E05_WD,1,20+,3,Design,UI model,26,Functions,4 - Frequent / important,4,3 - Moderate,3,12,
Expert_Survey_E05_WD.xlsx,E05_WD,1,20+,3,Design,UI model,27,Model-driven Apps,4 - Frequent / important,4,2 - Easy,2,8,
Expert_Survey_E05_WD.xlsx,E05_WD,1,20+,3,Design,UI model,28,Reactive Web App,3 - Moderate / recurring,3,3 - Moderate,3,9,
Expert_Survey_E05_WD.xlsx,E05_WD,1,20+,3,Design,UI model,29,Responsive Web Design,4 - Frequent / important,4,3 - Moderate,3,12,
Expert_Survey_E05_WD.xlsx,E05_WD,1,20+,3,Design,UI model,30,Variables,4 - Frequent / important,4,2 - Easy,2,8,
Expert_Survey_E05_WD.xlsx,E05_WD,1,20+,3,Design,Validations,31,+Business Rules,4 - Frequent / important,4,1 - Very easy,1,4,
Expert_Survey_E05_WD.xlsx,E05_WD,1,20+,3,Design,Validations,32,+Lookup/Drop-down,4 - Frequent / important,4,1 - Very easy,1,4,
Expert_Survey_E05_WD.xlsx,E05_WD,1,20+,3,Design,Validations,33,Expressions,4 - Frequent / important,4,3 - Moderate,3,12,
Expert_Survey_E05_WD.xlsx,E05_WD,1,20+,3,Design,Validations,34,Enumerations,3 - Moderate / recurring,3,2 - Easy,2,6,
Expert_Survey_E05_WD.xlsx,E05_WD,1,20+,3,Design,Validations,35,JavaScript,2 - Occasional / peripheral,2,5 - Very difficult,5,10,
Expert_Survey_E05_WD.xlsx,E05_WD,1,20+,3,Design,Validations,36,Scripts,2 - Occasional / peripheral,2,5 - Very difficult,5,10,
Expert_Survey_E05_WD.xlsx,E05_WD,1,20+,3,Design,Validations,37,Transactions,2 - Occasional / peripheral,2,4 - Difficult,4,8,
Expert_Survey_E05_WD.xlsx,E05_WD,1,20+,3,Design,Application logic,38,+Actions,5 - Essential / continuous,5,1 - Very easy,1,5,
Expert_Survey_E05_WD.xlsx,E05_WD,1,20+,3,Design,Application logic,39,+Graphical actions,4 - Frequent / important,4,1 - Very easy,1,4,
Expert_Survey_E05_WD.xlsx,E05_WD,1,20+,3,Design,Application logic,40,+NLP,2 - Occasional / peripheral,2,2 - Easy,2,4,
Expert_Survey_E05_WD.xlsx,E05_WD,1,20+,3,Design,Application logic,41,+Custom Language,2 - Occasional / peripheral,2,3 - Moderate,3,6,
Expert_Survey_E05_WD.xlsx,E05_WD,1,20+,3,Design,Application logic,42,+Predefined Tasks,4 - Frequent / important,4,1 - Very easy,1,4,
Expert_Survey_E05_WD.xlsx,E05_WD,1,20+,3,Design,Application logic,43,UML,2 - Occasional / peripheral,2,3 - Moderate,3,6,
Expert_Survey_E05_WD.xlsx,E05_WD,1,20+,3,Design,Application logic,44,Algorithms,2 - Occasional / peripheral,2,4 - Difficult,4,8,
Expert_Survey_E05_WD.xlsx,E05_WD,1,20+,3,Design,Application logic,45,Expressions,4 - Frequent / important,4,3 - Moderate,3,12,
Expert_Survey_E05_WD.xlsx,E05_WD,1,20+,3,Design,Application logic,46,Control Structures,3 - Moderate / recurring,3,4 - Difficult,4,12,
Expert_Survey_E05_WD.xlsx,E05_WD,1,20+,3,Design,Application logic,47,IT Data Types,3 - Moderate / recurring,3,4 - Difficult,4,12,
Expert_Survey_E05_WD.xlsx,E05_WD,1,20+,3,Design,Application logic,48,Events,3 - Moderate / recurring,3,3 - Moderate,3,9,
Expert_Survey_E05_WD.xlsx,E05_WD,1,20+,3,Design,Application logic,49,Formulas,4 - Frequent / important,4,2 - Easy,2,8,
Expert_Survey_E05_WD.xlsx,E05_WD,1,20+,3,Design,Application logic,50,Functions,4 - Frequent / important,4,3 - Moderate,3,12,
Expert_Survey_E05_WD.xlsx,E05_WD,1,20+,3,Design,Application logic,51,Java,1 - Rare / avoidable,1,5 - Very difficult,5,5,
Expert_Survey_E05_WD.xlsx,E05_WD,1,20+,3,Design,Application logic,52,JavaScript,2 - Occasional / peripheral,2,5 - Very difficult,5,10,
Expert_Survey_E05_WD.xlsx,E05_WD,1,20+,3,Design,Application logic,53,Microservices,1 - Rare / avoidable,1,5 - Very difficult,5,5,
Expert_Survey_E05_WD.xlsx,E05_WD,1,20+,3,Design,Application logic,54,SQL,2 - Occasional / peripheral,2,5 - Very difficult,5,10,
Expert_Survey_E05_WD.xlsx,E05_WD,1,20+,3,Design,Application logic,55,Variables,4 - Frequent / important,4,2 - Easy,2,8,
Expert_Survey_E05_WD.xlsx,E05_WD,1,20+,3,Development,Workflow design and development,56,+BPMN Process Model,5 - Essential / continuous,5,2 - Easy,2,10,
Expert_Survey_E05_WD.xlsx,E05_WD,1,20+,3,Development,Workflow design and development,57,Expressions,4 - Frequent / important,4,3 - Moderate,3,12,
Expert_Survey_E05_WD.xlsx,E05_WD,1,20+,3,Development,Workflow design and development,58,Custom Process Model,3 - Moderate / recurring,3,4 - Difficult,4,12,
Expert_Survey_E05_WD.xlsx,E05_WD,1,20+,3,Development,Workflow design and development,59,Events,3 - Moderate / recurring,3,3 - Moderate,3,9,
Expert_Survey_E05_WD.xlsx,E05_WD,1,20+,3,Development,Workflow design and development,60,Java API,2 - Occasional / peripheral,2,5 - Very difficult,5,10,
Expert_Survey_E05_WD.xlsx,E05_WD,1,20+,3,Development,Workflow design and development,61,JavaScript,2 - Occasional / peripheral,2,5 - Very difficult,5,10,
Expert_Survey_E05_WD.xlsx,E05_WD,1,20+,3,Development,Workflow design and development,62,REST API,3 - Moderate / recurring,3,5 - Very difficult,5,15,
Expert_Survey_E05_WD.xlsx,E05_WD,1,20+,3,Development,Workflow design and development,63,Triggers,3 - Moderate / recurring,3,4 - Difficult,4,12,
Expert_Survey_E05_WD.xlsx,E05_WD,1,20+,3,Development,Database design,64,+Business Data Types,5 - Essential / continuous,5,1 - Very easy,1,5,
Expert_Survey_E05_WD.xlsx,E05_WD,1,20+,3,Development,Database design,65,+Custom Database Model,3 - Moderate / recurring,3,2 - Easy,2,6,
Expert_Survey_E05_WD.xlsx,E05_WD,1,20+,3,Development,Database design,66,+References,4 - Frequent / important,4,1 - Very easy,1,4,
Expert_Survey_E05_WD.xlsx,E05_WD,1,20+,3,Development,Database design,67,+Slices,3 - Moderate / recurring,3,2 - Easy,2,6,
Expert_Survey_E05_WD.xlsx,E05_WD,1,20+,3,Development,Database design,68,Actions,3 - Moderate / recurring,3,3 - Moderate,3,9,
Expert_Survey_E05_WD.xlsx,E05_WD,1,20+,3,Development,Database design,69,Expressions,4 - Frequent / important,4,3 - Moderate,3,12,
Expert_Survey_E05_WD.xlsx,E05_WD,1,20+,3,Development,Database design,70,Relational Database,2 - Occasional / peripheral,2,5 - Very difficult,5,10,
Expert_Survey_E05_WD.xlsx,E05_WD,1,20+,3,Development,Database design,71,Entity Diagrams,3 - Moderate / recurring,3,3 - Moderate,3,9,
Expert_Survey_E05_WD.xlsx,E05_WD,1,20+,3,Development,Database design,72,Functions,3 - Moderate / recurring,3,3 - Moderate,3,9,
Expert_Survey_E05_WD.xlsx,E05_WD,1,20+,3,Development,Database design,73,SQL,2 - Occasional / peripheral,2,5 - Very difficult,5,10,
Expert_Survey_E05_WD.xlsx,E05_WD,1,20+,3,Development,Database design,74,IT Data Types,3 - Moderate / recurring,3,4 - Difficult,4,12,
Expert_Survey_E05_WD.xlsx,E05_WD,1,20+,3,Development,Database design,75,Web API,2 - Occasional / peripheral,2,4 - Difficult,4,8,
Expert_Survey_E05_WD.xlsx,E05_WD,1,20+,3,Development,Fetching data,76,.NET,1 - Rare / avoidable,1,5 - Very difficult,5,5,
Expert_Survey_E05_WD.xlsx,E05_WD,1,20+,3,Development,Fetching data,77,+Cloud-based Spreadsheets,3 - Moderate / recurring,3,2 - Easy,2,6,
Expert_Survey_E05_WD.xlsx,E05_WD,1,20+,3,Development,Fetching data,78,+GUI Queries,4 - Frequent / important,4,2 - Easy,2,8,
Expert_Survey_E05_WD.xlsx,E05_WD,1,20+,3,Development,Fetching data,79,+Human Language,2 - Occasional / peripheral,2,2 - Easy,2,4,
Expert_Survey_E05_WD.xlsx,E05_WD,1,20+,3,Development,Fetching data,80,+Integrated Data Sources,4 - Frequent / important,4,1 - Very easy,1,4,
Expert_Survey_E05_WD.xlsx,E05_WD,1,20+,3,Development,Fetching data,81,Cloud Services,2 - Occasional / peripheral,2,4 - Difficult,4,8,
Expert_Survey_E05_WD.xlsx,E05_WD,1,20+,3,Development,Fetching data,82,Custom Query Language,1 - Rare / avoidable,1,5 - Very difficult,5,5,
Expert_Survey_E05_WD.xlsx,E05_WD,1,20+,3,Development,Fetching data,83,Data Source Integration,2 - Occasional / peripheral,2,4 - Difficult,4,8,
Expert_Survey_E05_WD.xlsx,E05_WD,1,20+,3,Development,Fetching data,84,Formulas,4 - Frequent / important,4,2 - Easy,2,8,
Expert_Survey_E05_WD.xlsx,E05_WD,1,20+,3,Development,Fetching data,85,Local Storage,2 - Occasional / peripheral,2,3 - Moderate,3,6,
Expert_Survey_E05_WD.xlsx,E05_WD,1,20+,3,Development,Fetching data,86,OAuth,2 - Occasional / peripheral,2,5 - Very difficult,5,10,
Expert_Survey_E05_WD.xlsx,E05_WD,1,20+,3,Development,Fetching data,87,REST API,3 - Moderate / recurring,3,5 - Very difficult,5,15,
Expert_Survey_E05_WD.xlsx,E05_WD,1,20+,3,Development,Fetching data,88,SDK,1 - Rare / avoidable,1,5 - Very difficult,5,5,
Expert_Survey_E05_WD.xlsx,E05_WD,1,20+,3,Development,Fetching data,89,SQL,2 - Occasional / peripheral,2,5 - Very difficult,5,10,
Expert_Survey_E05_WD.xlsx,E05_WD,1,20+,3,Development,Fetching data,90,URL,3 - Moderate / recurring,3,2 - Easy,2,6,
Expert_Survey_E05_WD.xlsx,E05_WD,1,20+,3,Development,Fetching data,91,Web API,2 - Occasional / peripheral,2,4 - Difficult,4,8,
Expert_Survey_E05_WD.xlsx,E05_WD,1,20+,3,Development,GUI design and development,92,+AI Support,2 - Occasional / peripheral,2,2 - Easy,2,4,
Expert_Survey_E05_WD.xlsx,E05_WD,1,20+,3,Development,GUI design and development,93,+Business Data Types,5 - Essential / continuous,5,1 - Very easy,1,5,
Expert_Survey_E05_WD.xlsx,E05_WD,1,20+,3,Development,GUI design and development,94,+Conditional Formatting,4 - Frequent / important,4,1 - Very easy,1,4,
Expert_Survey_E05_WD.xlsx,E05_WD,1,20+,3,Development,GUI design and development,95,+GUI Style Editor,4 - Frequent / important,4,1 - Very easy,1,4,
Expert_Survey_E05_WD.xlsx,E05_WD,1,20+,3,Development,GUI design and development,96,+Templatized Formulas,3 - Moderate / recurring,3,2 - Easy,2,6,
Expert_Survey_E05_WD.xlsx,E05_WD,1,20+,3,Development,GUI design and development,97,+UI Branding,3 - Moderate / recurring,3,2 - Easy,2,6,
Expert_Survey_E05_WD.xlsx,E05_WD,1,20+,3,Development,GUI design and development,98,+View Types,4 - Frequent / important,4,1 - Very easy,1,4,
Expert_Survey_E05_WD.xlsx,E05_WD,1,20+,3,Development,GUI design and development,99,+WYSIWYG,4 - Frequent / important,4,1 - Very easy,1,4,
Expert_Survey_E05_WD.xlsx,E05_WD,1,20+,3,Development,GUI design and development,100,CSS/SCSS,2 - Occasional / peripheral,2,4 - Difficult,4,8,
Expert_Survey_E05_WD.xlsx,E05_WD,1,20+,3,Development,GUI design and development,101,Event Propagation,2 - Occasional / peripheral,2,4 - Difficult,4,8,
Expert_Survey_E05_WD.xlsx,E05_WD,1,20+,3,Development,GUI design and development,102,Responsive Web Design,4 - Frequent / important,4,3 - Moderate,3,12,
Expert_Survey_E05_WD.xlsx,E05_WD,1,20+,3,Development,GUI design and development,103,HTML,2 - Occasional / peripheral,2,4 - Difficult,4,8,
Expert_Survey_E05_WD.xlsx,E05_WD,1,20+,3,Development,GUI design and development,104,IT Data Types,3 - Moderate / recurring,3,4 - Difficult,4,12,
Expert_Survey_E05_WD.xlsx,E05_WD,1,20+,3,Development,GUI design and development,105,JavaScript,2 - Occasional / peripheral,2,5 - Very difficult,5,10,
Expert_Survey_E05_WD.xlsx,E05_WD,1,20+,3,Development,GUI design and development,106,Master Detail,3 - Moderate / recurring,3,2 - Easy,2,6,
Expert_Survey_E05_WD.xlsx,E05_WD,1,20+,3,Development,GUI design and development,107,Programming Functions,2 - Occasional / peripheral,2,4 - Difficult,4,8,
Expert_Survey_E05_WD.xlsx,E05_WD,1,20+,3,Development,GUI design and development,108,Scripts,2 - Occasional / peripheral,2,5 - Very difficult,5,10,
Expert_Survey_E05_WD.xlsx,E05_WD,1,20+,3,Development,GUI design and development,109,Snippets,3 - Moderate / recurring,3,3 - Moderate,3,9,
Expert_Survey_E05_WD.xlsx,E05_WD,1,20+,3,Development,GUI design and development,110,Variables,4 - Frequent / important,4,2 - Easy,2,8,
Expert_Survey_E05_WD.xlsx,E05_WD,1,20+,3,Development,GUI design and development,111,XML,1 - Rare / avoidable,1,5 - Very difficult,5,5,
Expert_Survey_E05_WD.xlsx,E05_WD,1,20+,3,Development,Data validation development,112,+Business Rules,4 - Frequent / important,4,1 - Very easy,1,4,
Expert_Survey_E05_WD.xlsx,E05_WD,1,20+,3,Development,Data validation development,113,+Column Expressions,4 - Frequent / important,4,1 - Very easy,1,4,
Expert_Survey_E05_WD.xlsx,E05_WD,1,20+,3,Development,Data validation development,114,Expressions,4 - Frequent / important,4,3 - Moderate,3,12,
Expert_Survey_E05_WD.xlsx,E05_WD,1,20+,3,Development,Data validation development,115,Data Fields,3 - Moderate / recurring,3,2 - Easy,2,6,
Expert_Survey_E05_WD.xlsx,E05_WD,1,20+,3,Development,Data validation development,116,Domain Model,3 - Moderate / recurring,3,3 - Moderate,3,9,
Expert_Survey_E05_WD.xlsx,E05_WD,1,20+,3,Development,Data validation development,117,Scripts,2 - Occasional / peripheral,2,5 - Very difficult,5,10,
Expert_Survey_E05_WD.xlsx,E05_WD,1,20+,3,Development,Actions design and development,118,+AI Assisted Development,2 - Occasional / peripheral,2,2 - Easy,2,4,
Expert_Survey_E05_WD.xlsx,E05_WD,1,20+,3,Development,Actions design and development,119,+Automations,4 - Frequent / important,4,2 - Easy,2,8,
Expert_Survey_E05_WD.xlsx,E05_WD,1,20+,3,Development,Actions design and development,120,+Built-in Connectors,4 - Frequent / important,4,1 - Very easy,1,4,
Expert_Survey_E05_WD.xlsx,E05_WD,1,20+,3,Development,Actions design and development,121,API,2 - Occasional / peripheral,2,4 - Difficult,4,8,
Expert_Survey_E05_WD.xlsx,E05_WD,1,20+,3,Development,Actions design and development,122,Expressions,4 - Frequent / important,4,3 - Moderate,3,12,
Expert_Survey_E05_WD.xlsx,E05_WD,1,20+,3,Development,Actions design and development,123,Functions,3 - Moderate / recurring,3,3 - Moderate,3,9,
Expert_Survey_E05_WD.xlsx,E05_WD,1,20+,3,Development,Actions design and development,124,Java,1 - Rare / avoidable,1,5 - Very difficult,5,5,
Expert_Survey_E05_WD.xlsx,E05_WD,1,20+,3,Development,Actions design and development,125,JavaScript,2 - Occasional / peripheral,2,5 - Very difficult,5,10,
Expert_Survey_E05_WD.xlsx,E05_WD,1,20+,3,Development,Actions design and development,126,Object Model,2 - Occasional / peripheral,2,4 - Difficult,4,8,
Expert_Survey_E05_WD.xlsx,E05_WD,1,20+,3,Development,Actions design and development,127,Scripts,2 - Occasional / peripheral,2,5 - Very difficult,5,10,
Expert_Survey_E05_WD.xlsx,E05_WD,1,20+,3,Development,Actions design and development,128,SOAP,1 - Rare / avoidable,1,5 - Very difficult,5,5,
Expert_Survey_E05_WD.xlsx,E05_WD,1,20+,3,Development,Programming,129,.NET,1 - Rare / avoidable,1,5 - Very difficult,5,5,
Expert_Survey_E05_WD.xlsx,E05_WD,1,20+,3,Development,Programming,130,+Visual Programming,4 - Frequent / important,4,2 - Easy,2,8,
Expert_Survey_E05_WD.xlsx,E05_WD,1,20+,3,Development,Programming,131,Expressions,4 - Frequent / important,4,3 - Moderate,3,12,
Expert_Survey_E05_WD.xlsx,E05_WD,1,20+,3,Development,Programming,132,CLI,1 - Rare / avoidable,1,5 - Very difficult,5,5,
Expert_Survey_E05_WD.xlsx,E05_WD,1,20+,3,Development,Programming,133,IT Data Types,3 - Moderate / recurring,3,4 - Difficult,4,12,
Expert_Survey_E05_WD.xlsx,E05_WD,1,20+,3,Development,Programming,134,Eclipse,1 - Rare / avoidable,1,5 - Very difficult,5,5,
Expert_Survey_E05_WD.xlsx,E05_WD,1,20+,3,Development,Programming,135,Emulators,1 - Rare / avoidable,1,5 - Very difficult,5,5,
Expert_Survey_E05_WD.xlsx,E05_WD,1,20+,3,Development,Programming,136,Entity Types,3 - Moderate / recurring,3,3 - Moderate,3,9,
Expert_Survey_E05_WD.xlsx,E05_WD,1,20+,3,Development,Programming,137,Enumerations,3 - Moderate / recurring,3,2 - Easy,2,6,
Expert_Survey_E05_WD.xlsx,E05_WD,1,20+,3,Development,Programming,138,Functions,3 - Moderate / recurring,3,3 - Moderate,3,9,
Expert_Survey_E05_WD.xlsx,E05_WD,1,20+,3,Development,Programming,139,HTML,2 - Occasional / peripheral,2,4 - Difficult,4,8,
Expert_Survey_E05_WD.xlsx,E05_WD,1,20+,3,Development,Programming,140,SDK/IDE,1 - Rare / avoidable,1,5 - Very difficult,5,5,
Expert_Survey_E05_WD.xlsx,E05_WD,1,20+,3,Development,Programming,141,Iteration Statements,2 - Occasional / peripheral,2,4 - Difficult,4,8,
Expert_Survey_E05_WD.xlsx,E05_WD,1,20+,3,Development,Programming,142,Java,1 - Rare / avoidable,1,5 - Very difficult,5,5,
Expert_Survey_E05_WD.xlsx,E05_WD,1,20+,3,Development,Programming,143,Java API,1 - Rare / avoidable,1,5 - Very difficult,5,5,
Expert_Survey_E05_WD.xlsx,E05_WD,1,20+,3,Development,Programming,144,JavaScript,2 - Occasional / peripheral,2,5 - Very difficult,5,10,
Expert_Survey_E05_WD.xlsx,E05_WD,1,20+,3,Development,Programming,145,JSON,2 - Occasional / peripheral,2,4 - Difficult,4,8,
Expert_Survey_E05_WD.xlsx,E05_WD,1,20+,3,Development,Programming,146,Markup Language,1 - Rare / avoidable,1,5 - Very difficult,5,5,
Expert_Survey_E05_WD.xlsx,E05_WD,1,20+,3,Development,Programming,147,Metadata,2 - Occasional / peripheral,2,4 - Difficult,4,8,
Expert_Survey_E05_WD.xlsx,E05_WD,1,20+,3,Development,Programming,148,Native Mobile App,1 - Rare / avoidable,1,5 - Very difficult,5,5,
Expert_Survey_E05_WD.xlsx,E05_WD,1,20+,3,Development,Programming,149,node.js,1 - Rare / avoidable,1,5 - Very difficult,5,5,
Expert_Survey_E05_WD.xlsx,E05_WD,1,20+,3,Development,Programming,150,PWA,2 - Occasional / peripheral,2,3 - Moderate,3,6,
Expert_Survey_E05_WD.xlsx,E05_WD,1,20+,3,Development,Programming,151,Query Functions,2 - Occasional / peripheral,2,4 - Difficult,4,8,
Expert_Survey_E05_WD.xlsx,E05_WD,1,20+,3,Development,Programming,152,Scripts,2 - Occasional / peripheral,2,5 - Very difficult,5,10,
Expert_Survey_E05_WD.xlsx,E05_WD,1,20+,3,Development,Programming,153,Snippets,3 - Moderate / recurring,3,3 - Moderate,3,9,
Expert_Survey_E05_WD.xlsx,E05_WD,1,20+,3,Development,Programming,154,TypeScript,1 - Rare / avoidable,1,5 - Very difficult,5,5,
Expert_Survey_E05_WD.xlsx,E05_WD,1,20+,3,Development,Programming,155,Web API,2 - Occasional / peripheral,2,4 - Difficult,4,8,
Expert_Survey_E05_WD.xlsx,E05_WD,1,20+,3,Development,Programming,156,XML,1 - Rare / avoidable,1,5 - Very difficult,5,5,
Expert_Survey_E05_WD.xlsx,E05_WD,1,20+,3,Implementation,Runtime server installation,157,+Cloud Based Environment,4 - Frequent / important,4,2 - Easy,2,8,
Expert_Survey_E05_WD.xlsx,E05_WD,1,20+,3,Implementation,Runtime server installation,158,API,2 - Occasional / peripheral,2,4 - Difficult,4,8,
Expert_Survey_E05_WD.xlsx,E05_WD,1,20+,3,Implementation,Runtime server installation,159,Compiler Service,1 - Rare / avoidable,1,5 - Very difficult,5,5,
Expert_Survey_E05_WD.xlsx,E05_WD,1,20+,3,Implementation,Runtime server installation,160,Database Synchronization,2 - Occasional / peripheral,2,4 - Difficult,4,8,
Expert_Survey_E05_WD.xlsx,E05_WD,1,20+,3,Implementation,Runtime server installation,161,Deployment Controller Service,1 - Rare / avoidable,1,5 - Very difficult,5,5,
Expert_Survey_E05_WD.xlsx,E05_WD,1,20+,3,Implementation,Runtime server installation,162,Email Server (SMTP),2 - Occasional / peripheral,2,4 - Difficult,4,8,
Expert_Survey_E05_WD.xlsx,E05_WD,1,20+,3,Implementation,Runtime server installation,163,File Storage,2 - Occasional / peripheral,2,3 - Moderate,3,6,
Expert_Survey_E05_WD.xlsx,E05_WD,1,20+,3,Implementation,Runtime server installation,164,HTTPS Server,2 - Occasional / peripheral,2,4 - Difficult,4,8,
Expert_Survey_E05_WD.xlsx,E05_WD,1,20+,3,Implementation,Runtime server installation,165,Java,1 - Rare / avoidable,1,5 - Very difficult,5,5,
Expert_Survey_E05_WD.xlsx,E05_WD,1,20+,3,Implementation,Runtime server installation,166,Load Balancing,1 - Rare / avoidable,1,5 - Very difficult,5,5,
Expert_Survey_E05_WD.xlsx,E05_WD,1,20+,3,Implementation,Runtime server installation,167,Log Service,2 - Occasional / peripheral,2,3 - Moderate,3,6,
Expert_Survey_E05_WD.xlsx,E05_WD,1,20+,3,Implementation,Runtime server installation,168,Mobile App,2 - Occasional / peripheral,2,3 - Moderate,3,6,
Expert_Survey_E05_WD.xlsx,E05_WD,1,20+,3,Implementation,Runtime server installation,169,OQL,1 - Rare / avoidable,1,5 - Very difficult,5,5,
Expert_Survey_E05_WD.xlsx,E05_WD,1,20+,3,Implementation,Runtime server installation,170,Proxy server,1 - Rare / avoidable,1,5 - Very difficult,5,5,
Expert_Survey_E05_WD.xlsx,E05_WD,1,20+,3,Implementation,Runtime server installation,171,Relational Database,2 - Occasional / peripheral,2,5 - Very difficult,5,10,
Expert_Survey_E05_WD.xlsx,E05_WD,1,20+,3,Implementation,Runtime server installation,172,REST API,2 - Occasional / peripheral,2,5 - Very difficult,5,10,
Expert_Survey_E05_WD.xlsx,E05_WD,1,20+,3,Implementation,Runtime server installation,173,SAML Authentication,1 - Rare / avoidable,1,5 - Very difficult,5,5,
Expert_Survey_E05_WD.xlsx,E05_WD,1,20+,3,Implementation,Runtime server installation,174,Scheduler Service,2 - Occasional / peripheral,2,4 - Difficult,4,8,
Expert_Survey_E05_WD.xlsx,E05_WD,1,20+,3,Implementation,Runtime server installation,175,Shared Libraries,1 - Rare / avoidable,1,5 - Very difficult,5,5,
Expert_Survey_E05_WD.xlsx,E05_WD,1,20+,3,Implementation,Runtime server installation,176,SOAP,1 - Rare / avoidable,1,5 - Very difficult,5,5,
Expert_Survey_E05_WD.xlsx,E05_WD,1,20+,3,Implementation,Runtime server installation,177,SSL Certificates,1 - Rare / avoidable,1,5 - Very difficult,5,5,
Expert_Survey_E05_WD.xlsx,E05_WD,1,20+,3,Implementation,Runtime server installation,178,Swagger,1 - Rare / avoidable,1,5 - Very difficult,5,5,
Expert_Survey_E05_WD.xlsx,E05_WD,1,20+,3,Implementation,Runtime server installation,179,WSDL,1 - Rare / avoidable,1,5 - Very difficult,5,5,
Expert_Survey_E05_WD.xlsx,E05_WD,1,20+,3,Implementation,Runtime server installation,180,XML/XPath,1 - Rare / avoidable,1,5 - Very difficult,5,5,
Expert_Survey_E05_WD.xlsx,E05_WD,1,20+,3,Implementation,Database installation,181,+Embedded Database,3 - Moderate / recurring,3,2 - Easy,2,6,
Expert_Survey_E05_WD.xlsx,E05_WD,1,20+,3,Implementation,Database installation,182,File Storage,2 - Occasional / peripheral,2,3 - Moderate,3,6,
Expert_Survey_E05_WD.xlsx,E05_WD,1,20+,3,Implementation,Database installation,183,Relational Database,2 - Occasional / peripheral,2,5 - Very difficult,5,10,
Expert_Survey_E05_WD.xlsx,E05_WD,1,20+,3,Implementation,Database installation,184,REST API,2 - Occasional / peripheral,2,5 - Very difficult,5,10,
Expert_Survey_E05_WD.xlsx,E05_WD,1,20+,3,Implementation,Client module installation,185,.NET Framework,1 - Rare / avoidable,1,5 - Very difficult,5,5,
Expert_Survey_E05_WD.xlsx,E05_WD,1,20+,3,Implementation,Client module installation,186,+Mobile App,3 - Moderate / recurring,3,2 - Easy,2,6,
Expert_Survey_E05_WD.xlsx,E05_WD,1,20+,3,Implementation,Client module installation,187,+Web Browser,4 - Frequent / important,4,1 - Very easy,1,4,
Expert_Survey_E05_WD.xlsx,E05_WD,1,20+,3,Implementation,Client module installation,188,API,2 - Occasional / peripheral,2,4 - Difficult,4,8,
Expert_Survey_E05_WD.xlsx,E05_WD,1,20+,3,Implementation,Client module installation,189,Binaries,1 - Rare / avoidable,1,5 - Very difficult,5,5,
Expert_Survey_E05_WD.xlsx,E05_WD,1,20+,3,Implementation,Client module installation,190,HTTPS Server,2 - Occasional / peripheral,2,4 - Difficult,4,8,
Expert_Survey_E05_WD.xlsx,E05_WD,1,20+,3,Implementation,Client module installation,191,URL Configuration,3 - Moderate / recurring,3,2 - Easy,2,6,
Expert_Survey_E05_WD.xlsx,E05_WD,1,20+,3,Implementation,Client module installation,192,Web Services,2 - Occasional / peripheral,2,4 - Difficult,4,8,
Expert_Survey_E05_WD.xlsx,E05_WD,1,20+,3,Implementation,Deployment,193,+App Gallery,4 - Frequent / important,4,1 - Very easy,1,4,
Expert_Survey_E05_WD.xlsx,E05_WD,1,20+,3,Implementation,Deployment,194,+Software as a Service,4 - Frequent / important,4,1 - Very easy,1,4,
Expert_Survey_E05_WD.xlsx,E05_WD,1,20+,3,Implementation,Deployment,195,Application IDE,2 - Occasional / peripheral,2,3 - Moderate,3,6,
Expert_Survey_E05_WD.xlsx,E05_WD,1,20+,3,Implementation,Deployment,196,CI/CD,1 - Rare / avoidable,1,5 - Very difficult,5,5,
Expert_Survey_E05_WD.xlsx,E05_WD,1,20+,3,Implementation,Deployment,197,Cloud Computing,2 - Occasional / peripheral,2,4 - Difficult,4,8,
Expert_Survey_E05_WD.xlsx,E05_WD,1,20+,3,Implementation,Deployment,198,Cloud Services,2 - Occasional / peripheral,2,4 - Difficult,4,8,
Expert_Survey_E05_WD.xlsx,E05_WD,1,20+,3,Implementation,Deployment,199,Docker,1 - Rare / avoidable,1,5 - Very difficult,5,5,
Expert_Survey_E05_WD.xlsx,E05_WD,1,20+,3,Implementation,Deployment,200,Import/Export,3 - Moderate / recurring,3,2 - Easy,2,6,
Expert_Survey_E05_WD.xlsx,E05_WD,1,20+,3,Implementation,Deployment,201,Kubernetes,1 - Rare / avoidable,1,5 - Very difficult,5,5,
Expert_Survey_E05_WD.xlsx,E05_WD,1,20+,3,Implementation,Deployment,202,On-Premise,2 - Occasional / peripheral,2,4 - Difficult,4,8,
Expert_Survey_E05_WD.xlsx,E05_WD,1,20+,3,Implementation,Deployment,203,On-premises Data Gateway,1 - Rare / avoidable,1,5 - Very difficult,5,5,
Expert_Survey_E05_WD.xlsx,E05_WD,1,20+,3,Implementation,Deployment,204,REST API,2 - Occasional / peripheral,2,5 - Very difficult,5,10,
Expert_Survey_E05_WD.xlsx,E05_WD,1,20+,3,Implementation,Deployment,205,Scripts,2 - Occasional / peripheral,2,5 - Very difficult,5,10,
Expert_Survey_E05_WD.xlsx,E05_WD,1,20+,3,Implementation,Deployment,206,SOAP,1 - Rare / avoidable,1,5 - Very difficult,5,5,
Expert_Survey_E05_WD.xlsx,E05_WD,1,20+,3,Implementation,Version control,207,Code Repository Concept,2 - Occasional / peripheral,2,3 - Moderate,3,6,
Expert_Survey_E05_WD.xlsx,E05_WD,1,20+,3,Implementation,Version control,208,Custom Version Control,1 - Rare / avoidable,1,5 - Very difficult,5,5,
Expert_Survey_E05_WD.xlsx,E05_WD,1,20+,3,Implementation,Version control,209,Git,2 - Occasional / peripheral,2,4 - Difficult,4,8,
Expert_Survey_E06_PM.xlsx,E06_PM,1,20+,5+,Design,Workflow model,1,+BPMN Process Model,3 - Moderate / recurring,3,3 - Moderate,3,9,
Expert_Survey_E06_PM.xlsx,E06_PM,1,20+,5+,Design,Workflow model,2,Custom Process Model,2 - Occasional / peripheral,2,4 - Difficult,4,8,Usage Intensity
Expert_Survey_E06_PM.xlsx,E06_PM,1,20+,5+,Design,Database model,3,+Business Data Types,4 - Frequent / important,4,2 - Easy,2,8,1 - Rare / avoidable
Expert_Survey_E06_PM.xlsx,E06_PM,1,20+,5+,Design,Database model,4,+Form-based Data,5 - Essential / continuous,5,1 - Very easy,1,5,2 - Occasional / peripheral
Expert_Survey_E06_PM.xlsx,E06_PM,1,20+,5+,Design,Database model,5,+Item-Detail,4 - Frequent / important,4,2 - Easy,2,8,3 - Moderate / recurring
Expert_Survey_E06_PM.xlsx,E06_PM,1,20+,5+,Design,Database model,6,+Lookup/Drop-down,5 - Essential / continuous,5,1 - Very easy,1,5,4 - Frequent / important
Expert_Survey_E06_PM.xlsx,E06_PM,1,20+,5+,Design,Database model,7,+Predefined Entities,4 - Frequent / important,4,2 - Easy,2,8,5 - Essential / continuous
Expert_Survey_E06_PM.xlsx,E06_PM,1,20+,5+,Design,Database model,8,Domain Model,3 - Moderate / recurring,3,3 - Moderate,3,9,
Expert_Survey_E06_PM.xlsx,E06_PM,1,20+,5+,Design,Database model,9,Conditional Expressions,3 - Moderate / recurring,3,3 - Moderate,3,9,Difficulty of Acquisition
Expert_Survey_E06_PM.xlsx,E06_PM,1,20+,5+,Design,Database model,10,Constraints,2 - Occasional / peripheral,2,4 - Difficult,4,8,1 - Very easy
Expert_Survey_E06_PM.xlsx,E06_PM,1,20+,5+,Design,Database model,11,Data Structure,3 - Moderate / recurring,3,3 - Moderate,3,9,2 - Easy
Expert_Survey_E06_PM.xlsx,E06_PM,1,20+,5+,Design,Database model,12,IT Data Types,2 - Occasional / peripheral,2,4 - Difficult,4,8,3 - Moderate
Expert_Survey_E06_PM.xlsx,E06_PM,1,20+,5+,Design,Database model,13,Denormalization,1 - Rare / avoidable,1,5 - Very difficult,5,5,4 - Difficult
Expert_Survey_E06_PM.xlsx,E06_PM,1,20+,5+,Design,Database model,14,Entity Diagrams,2 - Occasional / peripheral,2,4 - Difficult,4,8,5 - Very difficult
Expert_Survey_E06_PM.xlsx,E06_PM,1,20+,5+,Design,Database model,15,Enumerations,3 - Moderate / recurring,3,2 - Easy,2,6,
Expert_Survey_E06_PM.xlsx,E06_PM,1,20+,5+,Design,Database model,16,Expressions,4 - Frequent / important,4,3 - Moderate,3,12,Instruction
Expert_Survey_E06_PM.xlsx,E06_PM,1,20+,5+,Design,Database model,17,Relational Database,2 - Occasional / peripheral,2,5 - Very difficult,5,10,
Expert_Survey_E06_PM.xlsx,E06_PM,1,20+,5+,Design,Database model,18,XML/XPath,1 - Rare / avoidable,1,5 - Very difficult,5,5,
Expert_Survey_E06_PM.xlsx,E06_PM,1,20+,5+,Design,UI model,19,+App templates,5 - Essential / continuous,5,1 - Very easy,1,5,
Expert_Survey_E06_PM.xlsx,E06_PM,1,20+,5+,Design,UI model,20,+Business Data Types,4 - Frequent / important,4,2 - Easy,2,8,
Expert_Survey_E06_PM.xlsx,E06_PM,1,20+,5+,Design,UI model,21,+Screen Templates,5 - Essential / continuous,5,1 - Very easy,1,5,
Expert_Survey_E06_PM.xlsx,E06_PM,1,20+,5+,Design,UI model,22,+UI Branding,3 - Moderate / recurring,3,2 - Easy,2,6,
Expert_Survey_E06_PM.xlsx,E06_PM,1,20+,5+,Design,UI model,23,+View Types,4 - Frequent / important,4,2 - Easy,2,8,
Expert_Survey_E06_PM.xlsx,E06_PM,1,20+,5+,Design,UI model,24,Expressions,4 - Frequent / important,4,3 - Moderate,3,12,
Expert_Survey_E06_PM.xlsx,E06_PM,1,20+,5+,Design,UI model,25,IT Data Types,2 - Occasional / peripheral,2,4 - Difficult,4,8,
Expert_Survey_E06_PM.xlsx,E06_PM,1,20+,5+,Design,UI model,26,Functions,3 - Moderate / recurring,3,3 - Moderate,3,9,
Expert_Survey_E06_PM.xlsx,E06_PM,1,20+,5+,Design,UI model,27,Model-driven Apps,3 - Moderate / recurring,3,3 - Moderate,3,9,
Expert_Survey_E06_PM.xlsx,E06_PM,1,20+,5+,Design,UI model,28,Reactive Web App,2 - Occasional / peripheral,2,4 - Difficult,4,8,
Expert_Survey_E06_PM.xlsx,E06_PM,1,20+,5+,Design,UI model,29,Responsive Web Design,2 - Occasional / peripheral,2,4 - Difficult,4,8,
Expert_Survey_E06_PM.xlsx,E06_PM,1,20+,5+,Design,UI model,30,Variables,4 - Frequent / important,4,3 - Moderate,3,12,
Expert_Survey_E06_PM.xlsx,E06_PM,1,20+,5+,Design,Validations,31,+Business Rules,5 - Essential / continuous,5,2 - Easy,2,10,
Expert_Survey_E06_PM.xlsx,E06_PM,1,20+,5+,Design,Validations,32,+Lookup/Drop-down,5 - Essential / continuous,5,1 - Very easy,1,5,
Expert_Survey_E06_PM.xlsx,E06_PM,1,20+,5+,Design,Validations,33,Expressions,4 - Frequent / important,4,3 - Moderate,3,12,
Expert_Survey_E06_PM.xlsx,E06_PM,1,20+,5+,Design,Validations,34,Enumerations,3 - Moderate / recurring,3,2 - Easy,2,6,
Expert_Survey_E06_PM.xlsx,E06_PM,1,20+,5+,Design,Validations,35,JavaScript,1 - Rare / avoidable,1,5 - Very difficult,5,5,
Expert_Survey_E06_PM.xlsx,E06_PM,1,20+,5+,Design,Validations,36,Scripts,1 - Rare / avoidable,1,5 - Very difficult,5,5,
Expert_Survey_E06_PM.xlsx,E06_PM,1,20+,5+,Design,Validations,37,Transactions,2 - Occasional / peripheral,2,5 - Very difficult,5,10,
Expert_Survey_E06_PM.xlsx,E06_PM,1,20+,5+,Design,Application logic,38,+Actions,5 - Essential / continuous,5,2 - Easy,2,10,
Expert_Survey_E06_PM.xlsx,E06_PM,1,20+,5+,Design,Application logic,39,+Graphical actions,5 - Essential / continuous,5,1 - Very easy,1,5,
Expert_Survey_E06_PM.xlsx,E06_PM,1,20+,5+,Design,Application logic,40,+NLP,2 - Occasional / peripheral,2,4 - Difficult,4,8,
Expert_Survey_E06_PM.xlsx,E06_PM,1,20+,5+,Design,Application logic,41,+Custom Language,1 - Rare / avoidable,1,5 - Very difficult,5,5,
Expert_Survey_E06_PM.xlsx,E06_PM,1,20+,5+,Design,Application logic,42,+Predefined Tasks,4 - Frequent / important,4,2 - Easy,2,8,
Expert_Survey_E06_PM.xlsx,E06_PM,1,20+,5+,Design,Application logic,43,UML,1 - Rare / avoidable,1,5 - Very difficult,5,5,
Expert_Survey_E06_PM.xlsx,E06_PM,1,20+,5+,Design,Application logic,44,Algorithms,1 - Rare / avoidable,1,5 - Very difficult,5,5,
Expert_Survey_E06_PM.xlsx,E06_PM,1,20+,5+,Design,Application logic,45,Expressions,4 - Frequent / important,4,3 - Moderate,3,12,
Expert_Survey_E06_PM.xlsx,E06_PM,1,20+,5+,Design,Application logic,46,Control Structures,2 - Occasional / peripheral,2,4 - Difficult,4,8,
Expert_Survey_E06_PM.xlsx,E06_PM,1,20+,5+,Design,Application logic,47,IT Data Types,2 - Occasional / peripheral,2,4 - Difficult,4,8,
Expert_Survey_E06_PM.xlsx,E06_PM,1,20+,5+,Design,Application logic,48,Events,3 - Moderate / recurring,3,3 - Moderate,3,9,
Expert_Survey_E06_PM.xlsx,E06_PM,1,20+,5+,Design,Application logic,49,Formulas,3 - Moderate / recurring,3,3 - Moderate,3,9,
Expert_Survey_E06_PM.xlsx,E06_PM,1,20+,5+,Design,Application logic,50,Functions,3 - Moderate / recurring,3,3 - Moderate,3,9,
Expert_Survey_E06_PM.xlsx,E06_PM,1,20+,5+,Design,Application logic,51,Java,1 - Rare / avoidable,1,5 - Very difficult,5,5,
Expert_Survey_E06_PM.xlsx,E06_PM,1,20+,5+,Design,Application logic,52,JavaScript,1 - Rare / avoidable,1,5 - Very difficult,5,5,
Expert_Survey_E06_PM.xlsx,E06_PM,1,20+,5+,Design,Application logic,53,Microservices,1 - Rare / avoidable,1,5 - Very difficult,5,5,
Expert_Survey_E06_PM.xlsx,E06_PM,1,20+,5+,Design,Application logic,54,SQL,2 - Occasional / peripheral,2,5 - Very difficult,5,10,
Expert_Survey_E06_PM.xlsx,E06_PM,1,20+,5+,Design,Application logic,55,Variables,4 - Frequent / important,4,3 - Moderate,3,12,
Expert_Survey_E06_PM.xlsx,E06_PM,1,20+,5+,Development,Workflow design and development,56,+BPMN Process Model,3 - Moderate / recurring,3,3 - Moderate,3,9,
Expert_Survey_E06_PM.xlsx,E06_PM,1,20+,5+,Development,Workflow design and development,57,Expressions,4 - Frequent / important,4,3 - Moderate,3,12,
Expert_Survey_E06_PM.xlsx,E06_PM,1,20+,5+,Development,Workflow design and development,58,Custom Process Model,2 - Occasional / peripheral,2,4 - Difficult,4,8,
Expert_Survey_E06_PM.xlsx,E06_PM,1,20+,5+,Development,Workflow design and development,59,Events,3 - Moderate / recurring,3,3 - Moderate,3,9,
Expert_Survey_E06_PM.xlsx,E06_PM,1,20+,5+,Development,Workflow design and development,60,Java API,1 - Rare / avoidable,1,5 - Very difficult,5,5,
Expert_Survey_E06_PM.xlsx,E06_PM,1,20+,5+,Development,Workflow design and development,61,JavaScript,1 - Rare / avoidable,1,5 - Very difficult,5,5,
Expert_Survey_E06_PM.xlsx,E06_PM,1,20+,5+,Development,Workflow design and development,62,REST API,2 - Occasional / peripheral,2,5 - Very difficult,5,10,
Expert_Survey_E06_PM.xlsx,E06_PM,1,20+,5+,Development,Workflow design and development,63,Triggers,2 - Occasional / peripheral,2,4 - Difficult,4,8,
Expert_Survey_E06_PM.xlsx,E06_PM,1,20+,5+,Development,Database design,64,+Business Data Types,4 - Frequent / important,4,2 - Easy,2,8,
Expert_Survey_E06_PM.xlsx,E06_PM,1,20+,5+,Development,Database design,65,+Custom Database Model,3 - Moderate / recurring,3,3 - Moderate,3,9,
Expert_Survey_E06_PM.xlsx,E06_PM,1,20+,5+,Development,Database design,66,+References,5 - Essential / continuous,5,1 - Very easy,1,5,
Expert_Survey_E06_PM.xlsx,E06_PM,1,20+,5+,Development,Database design,67,+Slices,4 - Frequent / important,4,2 - Easy,2,8,
Expert_Survey_E06_PM.xlsx,E06_PM,1,20+,5+,Development,Database design,68,Actions,4 - Frequent / important,4,3 - Moderate,3,12,
Expert_Survey_E06_PM.xlsx,E06_PM,1,20+,5+,Development,Database design,69,Expressions,4 - Frequent / important,4,3 - Moderate,3,12,
Expert_Survey_E06_PM.xlsx,E06_PM,1,20+,5+,Development,Database design,70,Relational Database,2 - Occasional / peripheral,2,5 - Very difficult,5,10,
Expert_Survey_E06_PM.xlsx,E06_PM,1,20+,5+,Development,Database design,71,Entity Diagrams,2 - Occasional / peripheral,2,4 - Difficult,4,8,
Expert_Survey_E06_PM.xlsx,E06_PM,1,20+,5+,Development,Database design,72,Functions,3 - Moderate / recurring,3,3 - Moderate,3,9,
Expert_Survey_E06_PM.xlsx,E06_PM,1,20+,5+,Development,Database design,73,SQL,2 - Occasional / peripheral,2,5 - Very difficult,5,10,
Expert_Survey_E06_PM.xlsx,E06_PM,1,20+,5+,Development,Database design,74,IT Data Types,2 - Occasional / peripheral,2,4 - Difficult,4,8,
Expert_Survey_E06_PM.xlsx,E06_PM,1,20+,5+,Development,Database design,75,Web API,2 - Occasional / peripheral,2,5 - Very difficult,5,10,
Expert_Survey_E06_PM.xlsx,E06_PM,1,20+,5+,Development,Fetching data,76,.NET,1 - Rare / avoidable,1,5 - Very difficult,5,5,
Expert_Survey_E06_PM.xlsx,E06_PM,1,20+,5+,Development,Fetching data,77,+Cloud-based Spreadsheets,4 - Frequent / important,4,2 - Easy,2,8,
Expert_Survey_E06_PM.xlsx,E06_PM,1,20+,5+,Development,Fetching data,78,+GUI Queries,5 - Essential / continuous,5,1 - Very easy,1,5,
Expert_Survey_E06_PM.xlsx,E06_PM,1,20+,5+,Development,Fetching data,79,+Human Language,4 - Frequent / important,4,2 - Easy,2,8,
Expert_Survey_E06_PM.xlsx,E06_PM,1,20+,5+,Development,Fetching data,80,+Integrated Data Sources,5 - Essential / continuous,5,2 - Easy,2,10,
Expert_Survey_E06_PM.xlsx,E06_PM,1,20+,5+,Development,Fetching data,81,Cloud Services,2 - Occasional / peripheral,2,4 - Difficult,4,8,
Expert_Survey_E06_PM.xlsx,E06_PM,1,20+,5+,Development,Fetching data,82,Custom Query Language,1 - Rare / avoidable,1,5 - Very difficult,5,5,
Expert_Survey_E06_PM.xlsx,E06_PM,1,20+,5+,Development,Fetching data,83,Data Source Integration,2 - Occasional / peripheral,2,4 - Difficult,4,8,
Expert_Survey_E06_PM.xlsx,E06_PM,1,20+,5+,Development,Fetching data,84,Formulas,3 - Moderate / recurring,3,3 - Moderate,3,9,
Expert_Survey_E06_PM.xlsx,E06_PM,1,20+,5+,Development,Fetching data,85,Local Storage,2 - Occasional / peripheral,2,3 - Moderate,3,6,
Expert_Survey_E06_PM.xlsx,E06_PM,1,20+,5+,Development,Fetching data,86,OAuth,1 - Rare / avoidable,1,5 - Very difficult,5,5,
Expert_Survey_E06_PM.xlsx,E06_PM,1,20+,5+,Development,Fetching data,87,REST API,2 - Occasional / peripheral,2,5 - Very difficult,5,10,
Expert_Survey_E06_PM.xlsx,E06_PM,1,20+,5+,Development,Fetching data,88,SDK,1 - Rare / avoidable,1,5 - Very difficult,5,5,
Expert_Survey_E06_PM.xlsx,E06_PM,1,20+,5+,Development,Fetching data,89,SQL,2 - Occasional / peripheral,2,5 - Very difficult,5,10,
Expert_Survey_E06_PM.xlsx,E06_PM,1,20+,5+,Development,Fetching data,90,URL,3 - Moderate / recurring,3,2 - Easy,2,6,
Expert_Survey_E06_PM.xlsx,E06_PM,1,20+,5+,Development,Fetching data,91,Web API,2 - Occasional / peripheral,2,5 - Very difficult,5,10,
Expert_Survey_E06_PM.xlsx,E06_PM,1,20+,5+,Development,GUI design and development,92,+AI Support,3 - Moderate / recurring,3,3 - Moderate,3,9,
Expert_Survey_E06_PM.xlsx,E06_PM,1,20+,5+,Development,GUI design and development,93,+Business Data Types,4 - Frequent / important,4,2 - Easy,2,8,
Expert_Survey_E06_PM.xlsx,E06_PM,1,20+,5+,Development,GUI design and development,94,+Conditional Formatting,5 - Essential / continuous,5,1 - Very easy,1,5,
Expert_Survey_E06_PM.xlsx,E06_PM,1,20+,5+,Development,GUI design and development,95,+GUI Style Editor,4 - Frequent / important,4,2 - Easy,2,8,
Expert_Survey_E06_PM.xlsx,E06_PM,1,20+,5+,Development,GUI design and development,96,+Templatized Formulas,4 - Frequent / important,4,2 - Easy,2,8,
Expert_Survey_E06_PM.xlsx,E06_PM,1,20+,5+,Development,GUI design and development,97,+UI Branding,3 - Moderate / recurring,3,2 - Easy,2,6,
Expert_Survey_E06_PM.xlsx,E06_PM,1,20+,5+,Development,GUI design and development,98,+View Types,4 - Frequent / important,4,2 - Easy,2,8,
Expert_Survey_E06_PM.xlsx,E06_PM,1,20+,5+,Development,GUI design and development,99,+WYSIWYG,5 - Essential / continuous,5,1 - Very easy,1,5,
Expert_Survey_E06_PM.xlsx,E06_PM,1,20+,5+,Development,GUI design and development,100,CSS/SCSS,2 - Occasional / peripheral,2,4 - Difficult,4,8,
Expert_Survey_E06_PM.xlsx,E06_PM,1,20+,5+,Development,GUI design and development,101,Event Propagation,1 - Rare / avoidable,1,5 - Very difficult,5,5,
Expert_Survey_E06_PM.xlsx,E06_PM,1,20+,5+,Development,GUI design and development,102,Responsive Web Design,2 - Occasional / peripheral,2,4 - Difficult,4,8,
Expert_Survey_E06_PM.xlsx,E06_PM,1,20+,5+,Development,GUI design and development,103,HTML,2 - Occasional / peripheral,2,4 - Difficult,4,8,
Expert_Survey_E06_PM.xlsx,E06_PM,1,20+,5+,Development,GUI design and development,104,IT Data Types,2 - Occasional / peripheral,2,4 - Difficult,4,8,
Expert_Survey_E06_PM.xlsx,E06_PM,1,20+,5+,Development,GUI design and development,105,JavaScript,1 - Rare / avoidable,1,5 - Very difficult,5,5,
Expert_Survey_E06_PM.xlsx,E06_PM,1,20+,5+,Development,GUI design and development,106,Master Detail,3 - Moderate / recurring,3,3 - Moderate,3,9,
Expert_Survey_E06_PM.xlsx,E06_PM,1,20+,5+,Development,GUI design and development,107,Programming Functions,1 - Rare / avoidable,1,5 - Very difficult,5,5,
Expert_Survey_E06_PM.xlsx,E06_PM,1,20+,5+,Development,GUI design and development,108,Scripts,1 - Rare / avoidable,1,5 - Very difficult,5,5,
Expert_Survey_E06_PM.xlsx,E06_PM,1,20+,5+,Development,GUI design and development,109,Snippets,2 - Occasional / peripheral,2,3 - Moderate,3,6,
Expert_Survey_E06_PM.xlsx,E06_PM,1,20+,5+,Development,GUI design and development,110,Variables,4 - Frequent / important,4,3 - Moderate,3,12,
Expert_Survey_E06_PM.xlsx,E06_PM,1,20+,5+,Development,GUI design and development,111,XML,1 - Rare / avoidable,1,5 - Very difficult,5,5,
Expert_Survey_E06_PM.xlsx,E06_PM,1,20+,5+,Development,Data validation development,112,+Business Rules,5 - Essential / continuous,5,2 - Easy,2,10,
Expert_Survey_E06_PM.xlsx,E06_PM,1,20+,5+,Development,Data validation development,113,+Column Expressions,4 - Frequent / important,4,2 - Easy,2,8,
Expert_Survey_E06_PM.xlsx,E06_PM,1,20+,5+,Development,Data validation development,114,Expressions,4 - Frequent / important,4,3 - Moderate,3,12,
Expert_Survey_E06_PM.xlsx,E06_PM,1,20+,5+,Development,Data validation development,115,Data Fields,4 - Frequent / important,4,2 - Easy,2,8,
Expert_Survey_E06_PM.xlsx,E06_PM,1,20+,5+,Development,Data validation development,116,Domain Model,3 - Moderate / recurring,3,3 - Moderate,3,9,
Expert_Survey_E06_PM.xlsx,E06_PM,1,20+,5+,Development,Data validation development,117,Scripts,1 - Rare / avoidable,1,5 - Very difficult,5,5,
Expert_Survey_E06_PM.xlsx,E06_PM,1,20+,5+,Development,Actions design and development,118,+AI Assisted Development,3 - Moderate / recurring,3,3 - Moderate,3,9,
Expert_Survey_E06_PM.xlsx,E06_PM,1,20+,5+,Development,Actions design and development,119,+Automations,5 - Essential / continuous,5,2 - Easy,2,10,
Expert_Survey_E06_PM.xlsx,E06_PM,1,20+,5+,Development,Actions design and development,120,+Built-in Connectors,5 - Essential / continuous,5,2 - Easy,2,10,
Expert_Survey_E06_PM.xlsx,E06_PM,1,20+,5+,Development,Actions design and development,121,API,2 - Occasional / peripheral,2,5 - Very difficult,5,10,
Expert_Survey_E06_PM.xlsx,E06_PM,1,20+,5+,Development,Actions design and development,122,Expressions,4 - Frequent / important,4,3 - Moderate,3,12,
Expert_Survey_E06_PM.xlsx,E06_PM,1,20+,5+,Development,Actions design and development,123,Functions,3 - Moderate / recurring,3,3 - Moderate,3,9,
Expert_Survey_E06_PM.xlsx,E06_PM,1,20+,5+,Development,Actions design and development,124,Java,1 - Rare / avoidable,1,5 - Very difficult,5,5,
Expert_Survey_E06_PM.xlsx,E06_PM,1,20+,5+,Development,Actions design and development,125,JavaScript,1 - Rare / avoidable,1,5 - Very difficult,5,5,
Expert_Survey_E06_PM.xlsx,E06_PM,1,20+,5+,Development,Actions design and development,126,Object Model,2 - Occasional / peripheral,2,4 - Difficult,4,8,
Expert_Survey_E06_PM.xlsx,E06_PM,1,20+,5+,Development,Actions design and development,127,Scripts,1 - Rare / avoidable,1,5 - Very difficult,5,5,
Expert_Survey_E06_PM.xlsx,E06_PM,1,20+,5+,Development,Actions design and development,128,SOAP,1 - Rare / avoidable,1,5 - Very difficult,5,5,
Expert_Survey_E06_PM.xlsx,E06_PM,1,20+,5+,Development,Programming,129,.NET,1 - Rare / avoidable,1,5 - Very difficult,5,5,
Expert_Survey_E06_PM.xlsx,E06_PM,1,20+,5+,Development,Programming,130,+Visual Programming,5 - Essential / continuous,5,1 - Very easy,1,5,
Expert_Survey_E06_PM.xlsx,E06_PM,1,20+,5+,Development,Programming,131,Expressions,4 - Frequent / important,4,3 - Moderate,3,12,
Expert_Survey_E06_PM.xlsx,E06_PM,1,20+,5+,Development,Programming,132,CLI,1 - Rare / avoidable,1,5 - Very difficult,5,5,
Expert_Survey_E06_PM.xlsx,E06_PM,1,20+,5+,Development,Programming,133,IT Data Types,2 - Occasional / peripheral,2,4 - Difficult,4,8,
Expert_Survey_E06_PM.xlsx,E06_PM,1,20+,5+,Development,Programming,134,Eclipse,1 - Rare / avoidable,1,5 - Very difficult,5,5,
Expert_Survey_E06_PM.xlsx,E06_PM,1,20+,5+,Development,Programming,135,Emulators,1 - Rare / avoidable,1,4 - Difficult,4,4,
Expert_Survey_E06_PM.xlsx,E06_PM,1,20+,5+,Development,Programming,136,Entity Types,3 - Moderate / recurring,3,3 - Moderate,3,9,
Expert_Survey_E06_PM.xlsx,E06_PM,1,20+,5+,Development,Programming,137,Enumerations,3 - Moderate / recurring,3,2 - Easy,2,6,
Expert_Survey_E06_PM.xlsx,E06_PM,1,20+,5+,Development,Programming,138,Functions,3 - Moderate / recurring,3,3 - Moderate,3,9,
Expert_Survey_E06_PM.xlsx,E06_PM,1,20+,5+,Development,Programming,139,HTML,2 - Occasional / peripheral,2,4 - Difficult,4,8,
Expert_Survey_E06_PM.xlsx,E06_PM,1,20+,5+,Development,Programming,140,SDK/IDE,1 - Rare / avoidable,1,5 - Very difficult,5,5,
Expert_Survey_E06_PM.xlsx,E06_PM,1,20+,5+,Development,Programming,141,Iteration Statements,2 - Occasional / peripheral,2,4 - Difficult,4,8,
Expert_Survey_E06_PM.xlsx,E06_PM,1,20+,5+,Development,Programming,142,Java,1 - Rare / avoidable,1,5 - Very difficult,5,5,
Expert_Survey_E06_PM.xlsx,E06_PM,1,20+,5+,Development,Programming,143,Java API,1 - Rare / avoidable,1,5 - Very difficult,5,5,
Expert_Survey_E06_PM.xlsx,E06_PM,1,20+,5+,Development,Programming,144,JavaScript,1 - Rare / avoidable,1,5 - Very difficult,5,5,
Expert_Survey_E06_PM.xlsx,E06_PM,1,20+,5+,Development,Programming,145,JSON,2 - Occasional / peripheral,2,4 - Difficult,4,8,
Expert_Survey_E06_PM.xlsx,E06_PM,1,20+,5+,Development,Programming,146,Markup Language,2 - Occasional / peripheral,2,3 - Moderate,3,6,
Expert_Survey_E06_PM.xlsx,E06_PM,1,20+,5+,Development,Programming,147,Metadata,2 - Occasional / peripheral,2,4 - Difficult,4,8,
Expert_Survey_E06_PM.xlsx,E06_PM,1,20+,5+,Development,Programming,148,Native Mobile App,2 - Occasional / peripheral,2,5 - Very difficult,5,10,
Expert_Survey_E06_PM.xlsx,E06_PM,1,20+,5+,Development,Programming,149,node.js,1 - Rare / avoidable,1,5 - Very difficult,5,5,
Expert_Survey_E06_PM.xlsx,E06_PM,1,20+,5+,Development,Programming,150,PWA,1 - Rare / avoidable,1,5 - Very difficult,5,5,
Expert_Survey_E06_PM.xlsx,E06_PM,1,20+,5+,Development,Programming,151,Query Functions,2 - Occasional / peripheral,2,4 - Difficult,4,8,
Expert_Survey_E06_PM.xlsx,E06_PM,1,20+,5+,Development,Programming,152,Scripts,1 - Rare / avoidable,1,5 - Very difficult,5,5,
Expert_Survey_E06_PM.xlsx,E06_PM,1,20+,5+,Development,Programming,153,Snippets,2 - Occasional / peripheral,2,3 - Moderate,3,6,
Expert_Survey_E06_PM.xlsx,E06_PM,1,20+,5+,Development,Programming,154,TypeScript,1 - Rare / avoidable,1,5 - Very difficult,5,5,
Expert_Survey_E06_PM.xlsx,E06_PM,1,20+,5+,Development,Programming,155,Web API,2 - Occasional / peripheral,2,5 - Very difficult,5,10,
Expert_Survey_E06_PM.xlsx,E06_PM,1,20+,5+,Development,Programming,156,XML,1 - Rare / avoidable,1,5 - Very difficult,5,5,
Expert_Survey_E06_PM.xlsx,E06_PM,1,20+,5+,Implementation,Runtime server installation,157,+Cloud Based Environment,4 - Frequent / important,4,3 - Moderate,3,12,
Expert_Survey_E06_PM.xlsx,E06_PM,1,20+,5+,Implementation,Runtime server installation,158,API,2 - Occasional / peripheral,2,5 - Very difficult,5,10,
Expert_Survey_E06_PM.xlsx,E06_PM,1,20+,5+,Implementation,Runtime server installation,159,Compiler Service,1 - Rare / avoidable,1,5 - Very difficult,5,5,
Expert_Survey_E06_PM.xlsx,E06_PM,1,20+,5+,Implementation,Runtime server installation,160,Database Synchronization,2 - Occasional / peripheral,2,4 - Difficult,4,8,
Expert_Survey_E06_PM.xlsx,E06_PM,1,20+,5+,Implementation,Runtime server installation,161,Deployment Controller Service,2 - Occasional / peripheral,2,5 - Very difficult,5,10,
Expert_Survey_E06_PM.xlsx,E06_PM,1,20+,5+,Implementation,Runtime server installation,162,Email Server (SMTP),2 - Occasional / peripheral,2,4 - Difficult,4,8,
Expert_Survey_E06_PM.xlsx,E06_PM,1,20+,5+,Implementation,Runtime server installation,163,File Storage,2 - Occasional / peripheral,2,3 - Moderate,3,6,
Expert_Survey_E06_PM.xlsx,E06_PM,1,20+,5+,Implementation,Runtime server installation,164,HTTPS Server,1 - Rare / avoidable,1,5 - Very difficult,5,5,
Expert_Survey_E06_PM.xlsx,E06_PM,1,20+,5+,Implementation,Runtime server installation,165,Java,1 - Rare / avoidable,1,5 - Very difficult,5,5,
Expert_Survey_E06_PM.xlsx,E06_PM,1,20+,5+,Implementation,Runtime server installation,166,Load Balancing,1 - Rare / avoidable,1,5 - Very difficult,5,5,
Expert_Survey_E06_PM.xlsx,E06_PM,1,20+,5+,Implementation,Runtime server installation,167,Log Service,2 - Occasional / peripheral,2,4 - Difficult,4,8,
Expert_Survey_E06_PM.xlsx,E06_PM,1,20+,5+,Implementation,Runtime server installation,168,Mobile App,2 - Occasional / peripheral,2,4 - Difficult,4,8,
Expert_Survey_E06_PM.xlsx,E06_PM,1,20+,5+,Implementation,Runtime server installation,169,OQL,1 - Rare / avoidable,1,5 - Very difficult,5,5,
Expert_Survey_E06_PM.xlsx,E06_PM,1,20+,5+,Implementation,Runtime server installation,170,Proxy server,1 - Rare / avoidable,1,5 - Very difficult,5,5,
Expert_Survey_E06_PM.xlsx,E06_PM,1,20+,5+,Implementation,Runtime server installation,171,Relational Database,2 - Occasional / peripheral,2,5 - Very difficult,5,10,
Expert_Survey_E06_PM.xlsx,E06_PM,1,20+,5+,Implementation,Runtime server installation,172,REST API,2 - Occasional / peripheral,2,5 - Very difficult,5,10,
Expert_Survey_E06_PM.xlsx,E06_PM,1,20+,5+,Implementation,Runtime server installation,173,SAML Authentication,1 - Rare / avoidable,1,5 - Very difficult,5,5,
Expert_Survey_E06_PM.xlsx,E06_PM,1,20+,5+,Implementation,Runtime server installation,174,Scheduler Service,2 - Occasional / peripheral,2,4 - Difficult,4,8,
Expert_Survey_E06_PM.xlsx,E06_PM,1,20+,5+,Implementation,Runtime server installation,175,Shared Libraries,1 - Rare / avoidable,1,5 - Very difficult,5,5,
Expert_Survey_E06_PM.xlsx,E06_PM,1,20+,5+,Implementation,Runtime server installation,176,SOAP,1 - Rare / avoidable,1,5 - Very difficult,5,5,
Expert_Survey_E06_PM.xlsx,E06_PM,1,20+,5+,Implementation,Runtime server installation,177,SSL Certificates,1 - Rare / avoidable,1,5 - Very difficult,5,5,
Expert_Survey_E06_PM.xlsx,E06_PM,1,20+,5+,Implementation,Runtime server installation,178,Swagger,1 - Rare / avoidable,1,5 - Very difficult,5,5,
Expert_Survey_E06_PM.xlsx,E06_PM,1,20+,5+,Implementation,Runtime server installation,179,WSDL,1 - Rare / avoidable,1,5 - Very difficult,5,5,
Expert_Survey_E06_PM.xlsx,E06_PM,1,20+,5+,Implementation,Runtime server installation,180,XML/XPath,1 - Rare / avoidable,1,5 - Very difficult,5,5,
Expert_Survey_E06_PM.xlsx,E06_PM,1,20+,5+,Implementation,Database installation,181,+Embedded Database,3 - Moderate / recurring,3,3 - Moderate,3,9,
Expert_Survey_E06_PM.xlsx,E06_PM,1,20+,5+,Implementation,Database installation,182,File Storage,2 - Occasional / peripheral,2,3 - Moderate,3,6,
Expert_Survey_E06_PM.xlsx,E06_PM,1,20+,5+,Implementation,Database installation,183,Relational Database,2 - Occasional / peripheral,2,5 - Very difficult,5,10,
Expert_Survey_E06_PM.xlsx,E06_PM,1,20+,5+,Implementation,Database installation,184,REST API,2 - Occasional / peripheral,2,5 - Very difficult,5,10,
Expert_Survey_E06_PM.xlsx,E06_PM,1,20+,5+,Implementation,Client module installation,185,.NET Framework,1 - Rare / avoidable,1,5 - Very difficult,5,5,
Expert_Survey_E06_PM.xlsx,E06_PM,1,20+,5+,Implementation,Client module installation,186,+Mobile App,3 - Moderate / recurring,3,3 - Moderate,3,9,
Expert_Survey_E06_PM.xlsx,E06_PM,1,20+,5+,Implementation,Client module installation,187,+Web Browser,4 - Frequent / important,4,1 - Very easy,1,4,
Expert_Survey_E06_PM.xlsx,E06_PM,1,20+,5+,Implementation,Client module installation,188,API,2 - Occasional / peripheral,2,5 - Very difficult,5,10,
Expert_Survey_E06_PM.xlsx,E06_PM,1,20+,5+,Implementation,Client module installation,189,Binaries,1 - Rare / avoidable,1,5 - Very difficult,5,5,
Expert_Survey_E06_PM.xlsx,E06_PM,1,20+,5+,Implementation,Client module installation,190,HTTPS Server,1 - Rare / avoidable,1,5 - Very difficult,5,5,
Expert_Survey_E06_PM.xlsx,E06_PM,1,20+,5+,Implementation,Client module installation,191,URL Configuration,3 - Moderate / recurring,3,3 - Moderate,3,9,
Expert_Survey_E06_PM.xlsx,E06_PM,1,20+,5+,Implementation,Client module installation,192,Web Services,2 - Occasional / peripheral,2,5 - Very difficult,5,10,
Expert_Survey_E06_PM.xlsx,E06_PM,1,20+,5+,Implementation,Deployment,193,+App Gallery,4 - Frequent / important,4,1 - Very easy,1,4,
Expert_Survey_E06_PM.xlsx,E06_PM,1,20+,5+,Implementation,Deployment,194,+Software as a Service,4 - Frequent / important,4,2 - Easy,2,8,
Expert_Survey_E06_PM.xlsx,E06_PM,1,20+,5+,Implementation,Deployment,195,Application IDE,2 - Occasional / peripheral,2,4 - Difficult,4,8,
Expert_Survey_E06_PM.xlsx,E06_PM,1,20+,5+,Implementation,Deployment,196,CI/CD,1 - Rare / avoidable,1,5 - Very difficult,5,5,
Expert_Survey_E06_PM.xlsx,E06_PM,1,20+,5+,Implementation,Deployment,197,Cloud Computing,2 - Occasional / peripheral,2,4 - Difficult,4,8,
Expert_Survey_E06_PM.xlsx,E06_PM,1,20+,5+,Implementation,Deployment,198,Cloud Services,2 - Occasional / peripheral,2,4 - Difficult,4,8,
Expert_Survey_E06_PM.xlsx,E06_PM,1,20+,5+,Implementation,Deployment,199,Docker,1 - Rare / avoidable,1,5 - Very difficult,5,5,
Expert_Survey_E06_PM.xlsx,E06_PM,1,20+,5+,Implementation,Deployment,200,Import/Export,4 - Frequent / important,4,2 - Easy,2,8,
Expert_Survey_E06_PM.xlsx,E06_PM,1,20+,5+,Implementation,Deployment,201,Kubernetes,1 - Rare / avoidable,1,5 - Very difficult,5,5,
Expert_Survey_E06_PM.xlsx,E06_PM,1,20+,5+,Implementation,Deployment,202,On-Premise,2 - Occasional / peripheral,2,4 - Difficult,4,8,
Expert_Survey_E06_PM.xlsx,E06_PM,1,20+,5+,Implementation,Deployment,203,On-premises Data Gateway,2 - Occasional / peripheral,2,4 - Difficult,4,8,
Expert_Survey_E06_PM.xlsx,E06_PM,1,20+,5+,Implementation,Deployment,204,REST API,2 - Occasional / peripheral,2,5 - Very difficult,5,10,
Expert_Survey_E06_PM.xlsx,E06_PM,1,20+,5+,Implementation,Deployment,205,Scripts,1 - Rare / avoidable,1,5 - Very difficult,5,5,
Expert_Survey_E06_PM.xlsx,E06_PM,1,20+,5+,Implementation,Deployment,206,SOAP,1 - Rare / avoidable,1,5 - Very difficult,5,5,
Expert_Survey_E06_PM.xlsx,E06_PM,1,20+,5+,Implementation,Version control,207,Code Repository Concept,2 - Occasional / peripheral,2,4 - Difficult,4,8,
Expert_Survey_E06_PM.xlsx,E06_PM,1,20+,5+,Implementation,Version control,208,Custom Version Control,1 - Rare / avoidable,1,5 - Very difficult,5,5,
Expert_Survey_E06_PM.xlsx,E06_PM,1,20+,5+,Implementation,Version control,209,Git,2 - Occasional / peripheral,2,5 - Very difficult,5,10,
Expert_Survey_E07_BK.xlsx,E07_BK,1,10-14,3,Design,Workflow model,1,+BPMN Process Model,3 - Moderate / recurring,3,2 - Easy,2,6,
Expert_Survey_E07_BK.xlsx,E07_BK,1,10-14,3,Design,Workflow model,2,Custom Process Model,4 - Frequent / important,4,3 - Moderate,3,12,Usage Intensity
Expert_Survey_E07_BK.xlsx,E07_BK,1,10-14,3,Design,Database model,3,+Business Data Types,4 - Frequent / important,4,1 - Very easy,1,4,1 - Rare / avoidable
Expert_Survey_E07_BK.xlsx,E07_BK,1,10-14,3,Design,Database model,4,+Form-based Data,5 - Essential / continuous,5,1 - Very easy,1,5,2 - Occasional / peripheral
Expert_Survey_E07_BK.xlsx,E07_BK,1,10-14,3,Design,Database model,5,+Item-Detail,4 - Frequent / important,4,1 - Very easy,1,4,3 - Moderate / recurring
Expert_Survey_E07_BK.xlsx,E07_BK,1,10-14,3,Design,Database model,6,+Lookup/Drop-down,5 - Essential / continuous,5,1 - Very easy,1,5,4 - Frequent / important
Expert_Survey_E07_BK.xlsx,E07_BK,1,10-14,3,Design,Database model,7,+Predefined Entities,4 - Frequent / important,4,1 - Very easy,1,4,5 - Essential / continuous
Expert_Survey_E07_BK.xlsx,E07_BK,1,10-14,3,Design,Database model,8,Domain Model,5 - Essential / continuous,5,3 - Moderate,3,15,
Expert_Survey_E07_BK.xlsx,E07_BK,1,10-14,3,Design,Database model,9,Conditional Expressions,4 - Frequent / important,4,2 - Easy,2,8,Difficulty of Acquisition
Expert_Survey_E07_BK.xlsx,E07_BK,1,10-14,3,Design,Database model,10,Constraints,3 - Moderate / recurring,3,2 - Easy,2,6,1 - Very easy
Expert_Survey_E07_BK.xlsx,E07_BK,1,10-14,3,Design,Database model,11,Data Structure,4 - Frequent / important,4,2 - Easy,2,8,2 - Easy
Expert_Survey_E07_BK.xlsx,E07_BK,1,10-14,3,Design,Database model,12,IT Data Types,3 - Moderate / recurring,3,3 - Moderate,3,9,3 - Moderate
Expert_Survey_E07_BK.xlsx,E07_BK,1,10-14,3,Design,Database model,13,Denormalization,2 - Occasional / peripheral,2,4 - Difficult,4,8,4 - Difficult
Expert_Survey_E07_BK.xlsx,E07_BK,1,10-14,3,Design,Database model,14,Entity Diagrams,3 - Moderate / recurring,3,2 - Easy,2,6,5 - Very difficult
Expert_Survey_E07_BK.xlsx,E07_BK,1,10-14,3,Design,Database model,15,Enumerations,4 - Frequent / important,4,2 - Easy,2,8,
Expert_Survey_E07_BK.xlsx,E07_BK,1,10-14,3,Design,Database model,16,Expressions,5 - Essential / continuous,5,2 - Easy,2,10,Instruction
Expert_Survey_E07_BK.xlsx,E07_BK,1,10-14,3,Design,Database model,17,Relational Database,4 - Frequent / important,4,4 - Difficult,4,16,
Expert_Survey_E07_BK.xlsx,E07_BK,1,10-14,3,Design,Database model,18,XML/XPath,2 - Occasional / peripheral,2,4 - Difficult,4,8,
Expert_Survey_E07_BK.xlsx,E07_BK,1,10-14,3,Design,UI model,19,+App templates,4 - Frequent / important,4,1 - Very easy,1,4,
Expert_Survey_E07_BK.xlsx,E07_BK,1,10-14,3,Design,UI model,20,+Business Data Types,4 - Frequent / important,4,1 - Very easy,1,4,
Expert_Survey_E07_BK.xlsx,E07_BK,1,10-14,3,Design,UI model,21,+Screen Templates,5 - Essential / continuous,5,1 - Very easy,1,5,
Expert_Survey_E07_BK.xlsx,E07_BK,1,10-14,3,Design,UI model,22,+UI Branding,3 - Moderate / recurring,3,2 - Easy,2,6,
Expert_Survey_E07_BK.xlsx,E07_BK,1,10-14,3,Design,UI model,23,+View Types,4 - Frequent / important,4,1 - Very easy,1,4,
Expert_Survey_E07_BK.xlsx,E07_BK,1,10-14,3,Design,UI model,24,Expressions,5 - Essential / continuous,5,2 - Easy,2,10,
Expert_Survey_E07_BK.xlsx,E07_BK,1,10-14,3,Design,UI model,25,IT Data Types,3 - Moderate / recurring,3,3 - Moderate,3,9,
Expert_Survey_E07_BK.xlsx,E07_BK,1,10-14,3,Design,UI model,26,Functions,4 - Frequent / important,4,2 - Easy,2,8,
Expert_Survey_E07_BK.xlsx,E07_BK,1,10-14,3,Design,UI model,27,Model-driven Apps,5 - Essential / continuous,5,2 - Easy,2,10,
Expert_Survey_E07_BK.xlsx,E07_BK,1,10-14,3,Design,UI model,28,Reactive Web App,4 - Frequent / important,4,3 - Moderate,3,12,
Expert_Survey_E07_BK.xlsx,E07_BK,1,10-14,3,Design,UI model,29,Responsive Web Design,4 - Frequent / important,4,3 - Moderate,3,12,
Expert_Survey_E07_BK.xlsx,E07_BK,1,10-14,3,Design,UI model,30,Variables,5 - Essential / continuous,5,2 - Easy,2,10,
Expert_Survey_E07_BK.xlsx,E07_BK,1,10-14,3,Design,Validations,31,+Business Rules,5 - Essential / continuous,5,1 - Very easy,1,5,
Expert_Survey_E07_BK.xlsx,E07_BK,1,10-14,3,Design,Validations,32,+Lookup/Drop-down,5 - Essential / continuous,5,1 - Very easy,1,5,
Expert_Survey_E07_BK.xlsx,E07_BK,1,10-14,3,Design,Validations,33,Expressions,5 - Essential / continuous,5,2 - Easy,2,10,
Expert_Survey_E07_BK.xlsx,E07_BK,1,10-14,3,Design,Validations,34,Enumerations,3 - Moderate / recurring,3,2 - Easy,2,6,
Expert_Survey_E07_BK.xlsx,E07_BK,1,10-14,3,Design,Validations,35,JavaScript,2 - Occasional / peripheral,2,5 - Very difficult,5,10,
Expert_Survey_E07_BK.xlsx,E07_BK,1,10-14,3,Design,Validations,36,Scripts,2 - Occasional / peripheral,2,4 - Difficult,4,8,
Expert_Survey_E07_BK.xlsx,E07_BK,1,10-14,3,Design,Validations,37,Transactions,3 - Moderate / recurring,3,4 - Difficult,4,12,
Expert_Survey_E07_BK.xlsx,E07_BK,1,10-14,3,Design,Application logic,38,+Actions,5 - Essential / continuous,5,1 - Very easy,1,5,
Expert_Survey_E07_BK.xlsx,E07_BK,1,10-14,3,Design,Application logic,39,+Graphical actions,5 - Essential / continuous,5,1 - Very easy,1,5,
Expert_Survey_E07_BK.xlsx,E07_BK,1,10-14,3,Design,Application logic,40,+NLP,1 - Rare / avoidable,1,3 - Moderate,3,3,
Expert_Survey_E07_BK.xlsx,E07_BK,1,10-14,3,Design,Application logic,41,+Custom Language,2 - Occasional / peripheral,2,4 - Difficult,4,8,
Expert_Survey_E07_BK.xlsx,E07_BK,1,10-14,3,Design,Application logic,42,+Predefined Tasks,4 - Frequent / important,4,1 - Very easy,1,4,
Expert_Survey_E07_BK.xlsx,E07_BK,1,10-14,3,Design,Application logic,43,UML,2 - Occasional / peripheral,2,3 - Moderate,3,6,
Expert_Survey_E07_BK.xlsx,E07_BK,1,10-14,3,Design,Application logic,44,Algorithms,2 - Occasional / peripheral,2,4 - Difficult,4,8,
Expert_Survey_E07_BK.xlsx,E07_BK,1,10-14,3,Design,Application logic,45,Expressions,5 - Essential / continuous,5,2 - Easy,2,10,
Expert_Survey_E07_BK.xlsx,E07_BK,1,10-14,3,Design,Application logic,46,Control Structures,4 - Frequent / important,4,3 - Moderate,3,12,
Expert_Survey_E07_BK.xlsx,E07_BK,1,10-14,3,Design,Application logic,47,IT Data Types,3 - Moderate / recurring,3,3 - Moderate,3,9,
Expert_Survey_E07_BK.xlsx,E07_BK,1,10-14,3,Design,Application logic,48,Events,4 - Frequent / important,4,3 - Moderate,3,12,
Expert_Survey_E07_BK.xlsx,E07_BK,1,10-14,3,Design,Application logic,49,Formulas,4 - Frequent / important,4,2 - Easy,2,8,
Expert_Survey_E07_BK.xlsx,E07_BK,1,10-14,3,Design,Application logic,50,Functions,4 - Frequent / important,4,2 - Easy,2,8,
Expert_Survey_E07_BK.xlsx,E07_BK,1,10-14,3,Design,Application logic,51,Java,1 - Rare / avoidable,1,5 - Very difficult,5,5,
Expert_Survey_E07_BK.xlsx,E07_BK,1,10-14,3,Design,Application logic,52,JavaScript,2 - Occasional / peripheral,2,5 - Very difficult,5,10,
Expert_Survey_E07_BK.xlsx,E07_BK,1,10-14,3,Design,Application logic,53,Microservices,2 - Occasional / peripheral,2,4 - Difficult,4,8,
Expert_Survey_E07_BK.xlsx,E07_BK,1,10-14,3,Design,Application logic,54,SQL,3 - Moderate / recurring,3,4 - Difficult,4,12,
Expert_Survey_E07_BK.xlsx,E07_BK,1,10-14,3,Design,Application logic,55,Variables,5 - Essential / continuous,5,2 - Easy,2,10,
Expert_Survey_E07_BK.xlsx,E07_BK,1,10-14,3,Development,Workflow design and development,56,+BPMN Process Model,3 - Moderate / recurring,3,2 - Easy,2,6,
Expert_Survey_E07_BK.xlsx,E07_BK,1,10-14,3,Development,Workflow design and development,57,Expressions,5 - Essential / continuous,5,2 - Easy,2,10,
Expert_Survey_E07_BK.xlsx,E07_BK,1,10-14,3,Development,Workflow design and development,58,Custom Process Model,4 - Frequent / important,4,3 - Moderate,3,12,
Expert_Survey_E07_BK.xlsx,E07_BK,1,10-14,3,Development,Workflow design and development,59,Events,4 - Frequent / important,4,3 - Moderate,3,12,
Expert_Survey_E07_BK.xlsx,E07_BK,1,10-14,3,Development,Workflow design and development,60,Java API,1 - Rare / avoidable,1,5 - Very difficult,5,5,
Expert_Survey_E07_BK.xlsx,E07_BK,1,10-14,3,Development,Workflow design and development,61,JavaScript,2 - Occasional / peripheral,2,5 - Very difficult,5,10,
Expert_Survey_E07_BK.xlsx,E07_BK,1,10-14,3,Development,Workflow design and development,62,REST API,4 - Frequent / important,4,4 - Difficult,4,16,
Expert_Survey_E07_BK.xlsx,E07_BK,1,10-14,3,Development,Workflow design and development,63,Triggers,3 - Moderate / recurring,3,4 - Difficult,4,12,
Expert_Survey_E07_BK.xlsx,E07_BK,1,10-14,3,Development,Database design,64,+Business Data Types,4 - Frequent / important,4,1 - Very easy,1,4,
Expert_Survey_E07_BK.xlsx,E07_BK,1,10-14,3,Development,Database design,65,+Custom Database Model,3 - Moderate / recurring,3,3 - Moderate,3,9,
Expert_Survey_E07_BK.xlsx,E07_BK,1,10-14,3,Development,Database design,66,+References,4 - Frequent / important,4,2 - Easy,2,8,
Expert_Survey_E07_BK.xlsx,E07_BK,1,10-14,3,Development,Database design,67,+Slices,3 - Moderate / recurring,3,2 - Easy,2,6,
Expert_Survey_E07_BK.xlsx,E07_BK,1,10-14,3,Development,Database design,68,Actions,5 - Essential / continuous,5,2 - Easy,2,10,
Expert_Survey_E07_BK.xlsx,E07_BK,1,10-14,3,Development,Database design,69,Expressions,5 - Essential / continuous,5,2 - Easy,2,10,
Expert_Survey_E07_BK.xlsx,E07_BK,1,10-14,3,Development,Database design,70,Relational Database,4 - Frequent / important,4,4 - Difficult,4,16,
Expert_Survey_E07_BK.xlsx,E07_BK,1,10-14,3,Development,Database design,71,Entity Diagrams,3 - Moderate / recurring,3,2 - Easy,2,6,
Expert_Survey_E07_BK.xlsx,E07_BK,1,10-14,3,Development,Database design,72,Functions,4 - Frequent / important,4,2 - Easy,2,8,
Expert_Survey_E07_BK.xlsx,E07_BK,1,10-14,3,Development,Database design,73,SQL,3 - Moderate / recurring,3,4 - Difficult,4,12,
Expert_Survey_E07_BK.xlsx,E07_BK,1,10-14,3,Development,Database design,74,IT Data Types,3 - Moderate / recurring,3,3 - Moderate,3,9,
Expert_Survey_E07_BK.xlsx,E07_BK,1,10-14,3,Development,Database design,75,Web API,3 - Moderate / recurring,3,4 - Difficult,4,12,
Expert_Survey_E07_BK.xlsx,E07_BK,1,10-14,3,Development,Fetching data,76,.NET,1 - Rare / avoidable,1,5 - Very difficult,5,5,
Expert_Survey_E07_BK.xlsx,E07_BK,1,10-14,3,Development,Fetching data,77,+Cloud-based Spreadsheets,2 - Occasional / peripheral,2,2 - Easy,2,4,
Expert_Survey_E07_BK.xlsx,E07_BK,1,10-14,3,Development,Fetching data,78,+GUI Queries,4 - Frequent / important,4,2 - Easy,2,8,
Expert_Survey_E07_BK.xlsx,E07_BK,1,10-14,3,Development,Fetching data,79,+Human Language,2 - Occasional / peripheral,2,1 - Very easy,1,2,
Expert_Survey_E07_BK.xlsx,E07_BK,1,10-14,3,Development,Fetching data,80,+Integrated Data Sources,5 - Essential / continuous,5,1 - Very easy,1,5,
Expert_Survey_E07_BK.xlsx,E07_BK,1,10-14,3,Development,Fetching data,81,Cloud Services,3 - Moderate / recurring,3,3 - Moderate,3,9,
Expert_Survey_E07_BK.xlsx,E07_BK,1,10-14,3,Development,Fetching data,82,Custom Query Language,2 - Occasional / peripheral,2,4 - Difficult,4,8,
Expert_Survey_E07_BK.xlsx,E07_BK,1,10-14,3,Development,Fetching data,83,Data Source Integration,4 - Frequent / important,4,3 - Moderate,3,12,
Expert_Survey_E07_BK.xlsx,E07_BK,1,10-14,3,Development,Fetching data,84,Formulas,4 - Frequent / important,4,2 - Easy,2,8,
Expert_Survey_E07_BK.xlsx,E07_BK,1,10-14,3,Development,Fetching data,85,Local Storage,2 - Occasional / peripheral,2,2 - Easy,2,4,
Expert_Survey_E07_BK.xlsx,E07_BK,1,10-14,3,Development,Fetching data,86,OAuth,3 - Moderate / recurring,3,4 - Difficult,4,12,
Expert_Survey_E07_BK.xlsx,E07_BK,1,10-14,3,Development,Fetching data,87,REST API,4 - Frequent / important,4,4 - Difficult,4,16,
Expert_Survey_E07_BK.xlsx,E07_BK,1,10-14,3,Development,Fetching data,88,SDK,2 - Occasional / peripheral,2,5 - Very difficult,5,10,
Expert_Survey_E07_BK.xlsx,E07_BK,1,10-14,3,Development,Fetching data,89,SQL,3 - Moderate / recurring,3,4 - Difficult,4,12,
Expert_Survey_E07_BK.xlsx,E07_BK,1,10-14,3,Development,Fetching data,90,URL,4 - Frequent / important,4,1 - Very easy,1,4,
Expert_Survey_E07_BK.xlsx,E07_BK,1,10-14,3,Development,Fetching data,91,Web API,3 - Moderate / recurring,3,4 - Difficult,4,12,
Expert_Survey_E07_BK.xlsx,E07_BK,1,10-14,3,Development,GUI design and development,92,+AI Support,2 - Occasional / peripheral,2,2 - Easy,2,4,
Expert_Survey_E07_BK.xlsx,E07_BK,1,10-14,3,Development,GUI design and development,93,+Business Data Types,4 - Frequent / important,4,1 - Very easy,1,4,
Expert_Survey_E07_BK.xlsx,E07_BK,1,10-14,3,Development,GUI design and development,94,+Conditional Formatting,4 - Frequent / important,4,1 - Very easy,1,4,
Expert_Survey_E07_BK.xlsx,E07_BK,1,10-14,3,Development,GUI design and development,95,+GUI Style Editor,4 - Frequent / important,4,2 - Easy,2,8,
Expert_Survey_E07_BK.xlsx,E07_BK,1,10-14,3,Development,GUI design and development,96,+Templatized Formulas,3 - Moderate / recurring,3,2 - Easy,2,6,
Expert_Survey_E07_BK.xlsx,E07_BK,1,10-14,3,Development,GUI design and development,97,+UI Branding,3 - Moderate / recurring,3,2 - Easy,2,6,
Expert_Survey_E07_BK.xlsx,E07_BK,1,10-14,3,Development,GUI design and development,98,+View Types,4 - Frequent / important,4,1 - Very easy,1,4,
Expert_Survey_E07_BK.xlsx,E07_BK,1,10-14,3,Development,GUI design and development,99,+WYSIWYG,5 - Essential / continuous,5,1 - Very easy,1,5,
Expert_Survey_E07_BK.xlsx,E07_BK,1,10-14,3,Development,GUI design and development,100,CSS/SCSS,2 - Occasional / peripheral,2,4 - Difficult,4,8,
Expert_Survey_E07_BK.xlsx,E07_BK,1,10-14,3,Development,GUI design and development,101,Event Propagation,3 - Moderate / recurring,3,4 - Difficult,4,12,
Expert_Survey_E07_BK.xlsx,E07_BK,1,10-14,3,Development,GUI design and development,102,Responsive Web Design,4 - Frequent / important,4,3 - Moderate,3,12,
Expert_Survey_E07_BK.xlsx,E07_BK,1,10-14,3,Development,GUI design and development,103,HTML,2 - Occasional / peripheral,2,3 - Moderate,3,6,
Expert_Survey_E07_BK.xlsx,E07_BK,1,10-14,3,Development,GUI design and development,104,IT Data Types,3 - Moderate / recurring,3,3 - Moderate,3,9,
Expert_Survey_E07_BK.xlsx,E07_BK,1,10-14,3,Development,GUI design and development,105,JavaScript,2 - Occasional / peripheral,2,5 - Very difficult,5,10,
Expert_Survey_E07_BK.xlsx,E07_BK,1,10-14,3,Development,GUI design and development,106,Master Detail,4 - Frequent / important,4,2 - Easy,2,8,
Expert_Survey_E07_BK.xlsx,E07_BK,1,10-14,3,Development,GUI design and development,107,Programming Functions,3 - Moderate / recurring,3,4 - Difficult,4,12,
Expert_Survey_E07_BK.xlsx,E07_BK,1,10-14,3,Development,GUI design and development,108,Scripts,2 - Occasional / peripheral,2,4 - Difficult,4,8,
Expert_Survey_E07_BK.xlsx,E07_BK,1,10-14,3,Development,GUI design and development,109,Snippets,2 - Occasional / peripheral,2,3 - Moderate,3,6,
Expert_Survey_E07_BK.xlsx,E07_BK,1,10-14,3,Development,GUI design and development,110,Variables,5 - Essential / continuous,5,2 - Easy,2,10,
Expert_Survey_E07_BK.xlsx,E07_BK,1,10-14,3,Development,GUI design and development,111,XML,1 - Rare / avoidable,1,3 - Moderate,3,3,
Expert_Survey_E07_BK.xlsx,E07_BK,1,10-14,3,Development,Data validation development,112,+Business Rules,1 - Rare / avoidable,1,1 - Very easy,1,1,
Expert_Survey_E07_BK.xlsx,E07_BK,1,10-14,3,Development,Data validation development,113,+Column Expressions,4 - Frequent / important,4,2 - Easy,2,8,
Expert_Survey_E07_BK.xlsx,E07_BK,1,10-14,3,Development,Data validation development,114,Expressions,5 - Essential / continuous,5,2 - Easy,2,10,
Expert_Survey_E07_BK.xlsx,E07_BK,1,10-14,3,Development,Data validation development,115,Data Fields,4 - Frequent / important,4,1 - Very easy,1,4,
Expert_Survey_E07_BK.xlsx,E07_BK,1,10-14,3,Development,Data validation development,116,Domain Model,4 - Frequent / important,4,3 - Moderate,3,12,
Expert_Survey_E07_BK.xlsx,E07_BK,1,10-14,3,Development,Data validation development,117,Scripts,2 - Occasional / peripheral,2,4 - Difficult,4,8,
Expert_Survey_E07_BK.xlsx,E07_BK,1,10-14,3,Development,Actions design and development,118,+AI Assisted Development,2 - Occasional / peripheral,2,2 - Easy,2,4,
Expert_Survey_E07_BK.xlsx,E07_BK,1,10-14,3,Development,Actions design and development,119,+Automations,5 - Essential / continuous,5,1 - Very easy,1,5,
Expert_Survey_E07_BK.xlsx,E07_BK,1,10-14,3,Development,Actions design and development,120,+Built-in Connectors,5 - Essential / continuous,5,1 - Very easy,1,5,
Expert_Survey_E07_BK.xlsx,E07_BK,1,10-14,3,Development,Actions design and development,121,API,3 - Moderate / recurring,3,4 - Difficult,4,12,
Expert_Survey_E07_BK.xlsx,E07_BK,1,10-14,3,Development,Actions design and development,122,Expressions,5 - Essential / continuous,5,2 - Easy,2,10,
Expert_Survey_E07_BK.xlsx,E07_BK,1,10-14,3,Development,Actions design and development,123,Functions,4 - Frequent / important,4,2 - Easy,2,8,
Expert_Survey_E07_BK.xlsx,E07_BK,1,10-14,3,Development,Actions design and development,124,Java,1 - Rare / avoidable,1,5 - Very difficult,5,5,
Expert_Survey_E07_BK.xlsx,E07_BK,1,10-14,3,Development,Actions design and development,125,JavaScript,2 - Occasional / peripheral,2,5 - Very difficult,5,10,
Expert_Survey_E07_BK.xlsx,E07_BK,1,10-14,3,Development,Actions design and development,126,Object Model,3 - Moderate / recurring,3,3 - Moderate,3,9,
Expert_Survey_E07_BK.xlsx,E07_BK,1,10-14,3,Development,Actions design and development,127,Scripts,2 - Occasional / peripheral,2,4 - Difficult,4,8,
Expert_Survey_E07_BK.xlsx,E07_BK,1,10-14,3,Development,Actions design and development,128,SOAP,1 - Rare / avoidable,1,4 - Difficult,4,4,
Expert_Survey_E07_BK.xlsx,E07_BK,1,10-14,3,Development,Programming,129,.NET,1 - Rare / avoidable,1,5 - Very difficult,5,5,
Expert_Survey_E07_BK.xlsx,E07_BK,1,10-14,3,Development,Programming,130,+Visual Programming,5 - Essential / continuous,5,1 - Very easy,1,5,
Expert_Survey_E07_BK.xlsx,E07_BK,1,10-14,3,Development,Programming,131,Expressions,5 - Essential / continuous,5,2 - Easy,2,10,
Expert_Survey_E07_BK.xlsx,E07_BK,1,10-14,3,Development,Programming,132,CLI,1 - Rare / avoidable,1,4 - Difficult,4,4,
Expert_Survey_E07_BK.xlsx,E07_BK,1,10-14,3,Development,Programming,133,IT Data Types,3 - Moderate / recurring,3,3 - Moderate,3,9,
Expert_Survey_E07_BK.xlsx,E07_BK,1,10-14,3,Development,Programming,134,Eclipse,1 - Rare / avoidable,1,4 - Difficult,4,4,
Expert_Survey_E07_BK.xlsx,E07_BK,1,10-14,3,Development,Programming,135,Emulators,2 - Occasional / peripheral,2,3 - Moderate,3,6,
Expert_Survey_E07_BK.xlsx,E07_BK,1,10-14,3,Development,Programming,136,Entity Types,4 - Frequent / important,4,2 - Easy,2,8,
Expert_Survey_E07_BK.xlsx,E07_BK,1,10-14,3,Development,Programming,137,Enumerations,3 - Moderate / recurring,3,2 - Easy,2,6,
Expert_Survey_E07_BK.xlsx,E07_BK,1,10-14,3,Development,Programming,138,Functions,4 - Frequent / important,4,2 - Easy,2,8,
Expert_Survey_E07_BK.xlsx,E07_BK,1,10-14,3,Development,Programming,139,HTML,2 - Occasional / peripheral,2,3 - Moderate,3,6,
Expert_Survey_E07_BK.xlsx,E07_BK,1,10-14,3,Development,Programming,140,SDK/IDE,2 - Occasional / peripheral,2,4 - Difficult,4,8,
Expert_Survey_E07_BK.xlsx,E07_BK,1,10-14,3,Development,Programming,141,Iteration Statements,3 - Moderate / recurring,3,3 - Moderate,3,9,
Expert_Survey_E07_BK.xlsx,E07_BK,1,10-14,3,Development,Programming,142,Java,1 - Rare / avoidable,1,5 - Very difficult,5,5,
Expert_Survey_E07_BK.xlsx,E07_BK,1,10-14,3,Development,Programming,143,Java API,1 - Rare / avoidable,1,5 - Very difficult,5,5,
Expert_Survey_E07_BK.xlsx,E07_BK,1,10-14,3,Development,Programming,144,JavaScript,2 - Occasional / peripheral,2,5 - Very difficult,5,10,
Expert_Survey_E07_BK.xlsx,E07_BK,1,10-14,3,Development,Programming,145,JSON,3 - Moderate / recurring,3,3 - Moderate,3,9,
Expert_Survey_E07_BK.xlsx,E07_BK,1,10-14,3,Development,Programming,146,Markup Language,2 - Occasional / peripheral,2,3 - Moderate,3,6,
Expert_Survey_E07_BK.xlsx,E07_BK,1,10-14,3,Development,Programming,147,Metadata,3 - Moderate / recurring,3,3 - Moderate,3,9,
Expert_Survey_E07_BK.xlsx,E07_BK,1,10-14,3,Development,Programming,148,Native Mobile App,2 - Occasional / peripheral,2,4 - Difficult,4,8,
Expert_Survey_E07_BK.xlsx,E07_BK,1,10-14,3,Development,Programming,149,node.js,1 - Rare / avoidable,1,5 - Very difficult,5,5,
Expert_Survey_E07_BK.xlsx,E07_BK,1,10-14,3,Development,Programming,150,PWA,2 - Occasional / peripheral,2,4 - Difficult,4,8,
Expert_Survey_E07_BK.xlsx,E07_BK,1,10-14,3,Development,Programming,151,Query Functions,3 - Moderate / recurring,3,3 - Moderate,3,9,
Expert_Survey_E07_BK.xlsx,E07_BK,1,10-14,3,Development,Programming,152,Scripts,2 - Occasional / peripheral,2,4 - Difficult,4,8,
Expert_Survey_E07_BK.xlsx,E07_BK,1,10-14,3,Development,Programming,153,Snippets,2 - Occasional / peripheral,2,3 - Moderate,3,6,
Expert_Survey_E07_BK.xlsx,E07_BK,1,10-14,3,Development,Programming,154,TypeScript,1 - Rare / avoidable,1,5 - Very difficult,5,5,
Expert_Survey_E07_BK.xlsx,E07_BK,1,10-14,3,Development,Programming,155,Web API,3 - Moderate / recurring,3,4 - Difficult,4,12,
Expert_Survey_E07_BK.xlsx,E07_BK,1,10-14,3,Development,Programming,156,XML,2 - Occasional / peripheral,2,4 - Difficult,4,8,
Expert_Survey_E07_BK.xlsx,E07_BK,1,10-14,3,Implementation,Runtime server installation,157,+Cloud Based Environment,4 - Frequent / important,4,2 - Easy,2,8,
Expert_Survey_E07_BK.xlsx,E07_BK,1,10-14,3,Implementation,Runtime server installation,158,API,3 - Moderate / recurring,3,4 - Difficult,4,12,
Expert_Survey_E07_BK.xlsx,E07_BK,1,10-14,3,Implementation,Runtime server installation,159,Compiler Service,1 - Rare / avoidable,1,4 - Difficult,4,4,
Expert_Survey_E07_BK.xlsx,E07_BK,1,10-14,3,Implementation,Runtime server installation,160,Database Synchronization,3 - Moderate / recurring,3,4 - Difficult,4,12,
Expert_Survey_E07_BK.xlsx,E07_BK,1,10-14,3,Implementation,Runtime server installation,161,Deployment Controller Service,2 - Occasional / peripheral,2,4 - Difficult,4,8,
Expert_Survey_E07_BK.xlsx,E07_BK,1,10-14,3,Implementation,Runtime server installation,162,Email Server (SMTP),2 - Occasional / peripheral,2,3 - Moderate,3,6,
Expert_Survey_E07_BK.xlsx,E07_BK,1,10-14,3,Implementation,Runtime server installation,163,File Storage,3 - Moderate / recurring,3,2 - Easy,2,6,
Expert_Survey_E07_BK.xlsx,E07_BK,1,10-14,3,Implementation,Runtime server installation,164,HTTPS Server,2 - Occasional / peripheral,2,3 - Moderate,3,6,
Expert_Survey_E07_BK.xlsx,E07_BK,1,10-14,3,Implementation,Runtime server installation,165,Java,1 - Rare / avoidable,1,5 - Very difficult,5,5,
Expert_Survey_E07_BK.xlsx,E07_BK,1,10-14,3,Implementation,Runtime server installation,166,Load Balancing,1 - Rare / avoidable,1,4 - Difficult,4,4,
Expert_Survey_E07_BK.xlsx,E07_BK,1,10-14,3,Implementation,Runtime server installation,167,Log Service,2 - Occasional / peripheral,2,3 - Moderate,3,6,
Expert_Survey_E07_BK.xlsx,E07_BK,1,10-14,3,Implementation,Runtime server installation,168,Mobile App,3 - Moderate / recurring,3,3 - Moderate,3,9,
Expert_Survey_E07_BK.xlsx,E07_BK,1,10-14,3,Implementation,Runtime server installation,169,OQL,1 - Rare / avoidable,1,4 - Difficult,4,4,
Expert_Survey_E07_BK.xlsx,E07_BK,1,10-14,3,Implementation,Runtime server installation,170,Proxy server,1 - Rare / avoidable,1,4 - Difficult,4,4,
Expert_Survey_E07_BK.xlsx,E07_BK,1,10-14,3,Implementation,Runtime server installation,171,Relational Database,3 - Moderate / recurring,3,4 - Difficult,4,12,
Expert_Survey_E07_BK.xlsx,E07_BK,1,10-14,3,Implementation,Runtime server installation,172,REST API,3 - Moderate / recurring,3,4 - Difficult,4,12,
Expert_Survey_E07_BK.xlsx,E07_BK,1,10-14,3,Implementation,Runtime server installation,173,SAML Authentication,2 - Occasional / peripheral,2,4 - Difficult,4,8,
Expert_Survey_E07_BK.xlsx,E07_BK,1,10-14,3,Implementation,Runtime server installation,174,Scheduler Service,3 - Moderate / recurring,3,3 - Moderate,3,9,
Expert_Survey_E07_BK.xlsx,E07_BK,1,10-14,3,Implementation,Runtime server installation,175,Shared Libraries,2 - Occasional / peripheral,2,4 - Difficult,4,8,
Expert_Survey_E07_BK.xlsx,E07_BK,1,10-14,3,Implementation,Runtime server installation,176,SOAP,1 - Rare / avoidable,1,4 - Difficult,4,4,
Expert_Survey_E07_BK.xlsx,E07_BK,1,10-14,3,Implementation,Runtime server installation,177,SSL Certificates,2 - Occasional / peripheral,2,4 - Difficult,4,8,
Expert_Survey_E07_BK.xlsx,E07_BK,1,10-14,3,Implementation,Runtime server installation,178,Swagger,2 - Occasional / peripheral,2,3 - Moderate,3,6,
Expert_Survey_E07_BK.xlsx,E07_BK,1,10-14,3,Implementation,Runtime server installation,179,WSDL,1 - Rare / avoidable,1,4 - Difficult,4,4,
Expert_Survey_E07_BK.xlsx,E07_BK,1,10-14,3,Implementation,Runtime server installation,180,XML/XPath,1 - Rare / avoidable,1,4 - Difficult,4,4,
Expert_Survey_E07_BK.xlsx,E07_BK,1,10-14,3,Implementation,Database installation,181,+Embedded Database,3 - Moderate / recurring,3,2 - Easy,2,6,
Expert_Survey_E07_BK.xlsx,E07_BK,1,10-14,3,Implementation,Database installation,182,File Storage,3 - Moderate / recurring,3,2 - Easy,2,6,
Expert_Survey_E07_BK.xlsx,E07_BK,1,10-14,3,Implementation,Database installation,183,Relational Database,3 - Moderate / recurring,3,4 - Difficult,4,12,
Expert_Survey_E07_BK.xlsx,E07_BK,1,10-14,3,Implementation,Database installation,184,REST API,3 - Moderate / recurring,3,4 - Difficult,4,12,
Expert_Survey_E07_BK.xlsx,E07_BK,1,10-14,3,Implementation,Client module installation,185,.NET Framework,1 - Rare / avoidable,1,5 - Very difficult,5,5,
Expert_Survey_E07_BK.xlsx,E07_BK,1,10-14,3,Implementation,Client module installation,186,+Mobile App,4 - Frequent / important,4,2 - Easy,2,8,
Expert_Survey_E07_BK.xlsx,E07_BK,1,10-14,3,Implementation,Client module installation,187,+Web Browser,5 - Essential / continuous,5,1 - Very easy,1,5,
Expert_Survey_E07_BK.xlsx,E07_BK,1,10-14,3,Implementation,Client module installation,188,API,3 - Moderate / recurring,3,4 - Difficult,4,12,
Expert_Survey_E07_BK.xlsx,E07_BK,1,10-14,3,Implementation,Client module installation,189,Binaries,1 - Rare / avoidable,1,4 - Difficult,4,4,
Expert_Survey_E07_BK.xlsx,E07_BK,1,10-14,3,Implementation,Client module installation,190,HTTPS Server,2 - Occasional / peripheral,2,3 - Moderate,3,6,
Expert_Survey_E07_BK.xlsx,E07_BK,1,10-14,3,Implementation,Client module installation,191,URL Configuration,3 - Moderate / recurring,3,2 - Easy,2,6,
Expert_Survey_E07_BK.xlsx,E07_BK,1,10-14,3,Implementation,Client module installation,192,Web Services,2 - Occasional / peripheral,2,4 - Difficult,4,8,
Expert_Survey_E07_BK.xlsx,E07_BK,1,10-14,3,Implementation,Deployment,193,+App Gallery,4 - Frequent / important,4,1 - Very easy,1,4,
Expert_Survey_E07_BK.xlsx,E07_BK,1,10-14,3,Implementation,Deployment,194,+Software as a Service,4 - Frequent / important,4,2 - Easy,2,8,
Expert_Survey_E07_BK.xlsx,E07_BK,1,10-14,3,Implementation,Deployment,195,Application IDE,4 - Frequent / important,4,2 - Easy,2,8,
Expert_Survey_E07_BK.xlsx,E07_BK,1,10-14,3,Implementation,Deployment,196,CI/CD,3 - Moderate / recurring,3,4 - Difficult,4,12,
Expert_Survey_E07_BK.xlsx,E07_BK,1,10-14,3,Implementation,Deployment,197,Cloud Computing,3 - Moderate / recurring,3,3 - Moderate,3,9,
Expert_Survey_E07_BK.xlsx,E07_BK,1,10-14,3,Implementation,Deployment,198,Cloud Services,3 - Moderate / recurring,3,3 - Moderate,3,9,
Expert_Survey_E07_BK.xlsx,E07_BK,1,10-14,3,Implementation,Deployment,199,Docker,1 - Rare / avoidable,1,5 - Very difficult,5,5,
Expert_Survey_E07_BK.xlsx,E07_BK,1,10-14,3,Implementation,Deployment,200,Import/Export,4 - Frequent / important,4,1 - Very easy,1,4,
Expert_Survey_E07_BK.xlsx,E07_BK,1,10-14,3,Implementation,Deployment,201,Kubernetes,1 - Rare / avoidable,1,5 - Very difficult,5,5,
Expert_Survey_E07_BK.xlsx,E07_BK,1,10-14,3,Implementation,Deployment,202,On-Premise,3 - Moderate / recurring,3,3 - Moderate,3,9,
Expert_Survey_E07_BK.xlsx,E07_BK,1,10-14,3,Implementation,Deployment,203,On-premises Data Gateway,2 - Occasional / peripheral,2,4 - Difficult,4,8,
Expert_Survey_E07_BK.xlsx,E07_BK,1,10-14,3,Implementation,Deployment,204,REST API,3 - Moderate / recurring,3,4 - Difficult,4,12,
Expert_Survey_E07_BK.xlsx,E07_BK,1,10-14,3,Implementation,Deployment,205,Scripts,2 - Occasional / peripheral,2,4 - Difficult,4,8,
Expert_Survey_E07_BK.xlsx,E07_BK,1,10-14,3,Implementation,Deployment,206,SOAP,1 - Rare / avoidable,1,4 - Difficult,4,4,
Expert_Survey_E07_BK.xlsx,E07_BK,1,10-14,3,Implementation,Version control,207,Code Repository Concept,3 - Moderate / recurring,3,3 - Moderate,3,9,
Expert_Survey_E07_BK.xlsx,E07_BK,1,10-14,3,Implementation,Version control,208,Custom Version Control,2 - Occasional / peripheral,2,4 - Difficult,4,8,
Expert_Survey_E07_BK.xlsx,E07_BK,1,10-14,3,Implementation,Version control,209,Git,3 - Moderate / recurring,3,4 - Difficult,4,12,
Expert_Survey_E08_JA.xlsx,E08_JA,1,20+,4,Design,Workflow model,1,+BPMN Process Model,4 - Frequent / important,4,3 - Moderate,3,12,
Expert_Survey_E08_JA.xlsx,E08_JA,1,20+,4,Design,Workflow model,2,Custom Process Model,4 - Frequent / important,4,3 - Moderate,3,12,Usage Intensity
Expert_Survey_E08_JA.xlsx,E08_JA,1,20+,4,Design,Database model,3,+Business Data Types,5 - Essential / continuous,5,4 - Difficult,4,20,1 - Rare / avoidable
Expert_Survey_E08_JA.xlsx,E08_JA,1,20+,4,Design,Database model,4,+Form-based Data,5 - Essential / continuous,5,4 - Difficult,4,20,2 - Occasional / peripheral
Expert_Survey_E08_JA.xlsx,E08_JA,1,20+,4,Design,Database model,5,+Item-Detail,3 - Moderate / recurring,3,3 - Moderate,3,9,3 - Moderate / recurring
Expert_Survey_E08_JA.xlsx,E08_JA,1,20+,4,Design,Database model,6,+Lookup/Drop-down,3 - Moderate / recurring,3,3 - Moderate,3,9,4 - Frequent / important
Expert_Survey_E08_JA.xlsx,E08_JA,1,20+,4,Design,Database model,7,+Predefined Entities,3 - Moderate / recurring,3,3 - Moderate,3,9,5 - Essential / continuous
Expert_Survey_E08_JA.xlsx,E08_JA,1,20+,4,Design,Database model,8,Domain Model,4 - Frequent / important,4,3 - Moderate,3,12,
Expert_Survey_E08_JA.xlsx,E08_JA,1,20+,4,Design,Database model,9,Conditional Expressions,3 - Moderate / recurring,3,3 - Moderate,3,9,Difficulty of Acquisition
Expert_Survey_E08_JA.xlsx,E08_JA,1,20+,4,Design,Database model,10,Constraints,3 - Moderate / recurring,3,3 - Moderate,3,9,1 - Very easy
Expert_Survey_E08_JA.xlsx,E08_JA,1,20+,4,Design,Database model,11,Data Structure,5 - Essential / continuous,5,4 - Difficult,4,20,2 - Easy
Expert_Survey_E08_JA.xlsx,E08_JA,1,20+,4,Design,Database model,12,IT Data Types,5 - Essential / continuous,5,4 - Difficult,4,20,3 - Moderate
Expert_Survey_E08_JA.xlsx,E08_JA,1,20+,4,Design,Database model,13,Denormalization,3 - Moderate / recurring,3,3 - Moderate,3,9,4 - Difficult
Expert_Survey_E08_JA.xlsx,E08_JA,1,20+,4,Design,Database model,14,Entity Diagrams,3 - Moderate / recurring,3,3 - Moderate,3,9,5 - Very difficult
Expert_Survey_E08_JA.xlsx,E08_JA,1,20+,4,Design,Database model,15,Enumerations,3 - Moderate / recurring,3,3 - Moderate,3,9,
Expert_Survey_E08_JA.xlsx,E08_JA,1,20+,4,Design,Database model,16,Expressions,3 - Moderate / recurring,3,3 - Moderate,3,9,Instruction
Expert_Survey_E08_JA.xlsx,E08_JA,1,20+,4,Design,Database model,17,Relational Database,5 - Essential / continuous,5,4 - Difficult,4,20,
Expert_Survey_E08_JA.xlsx,E08_JA,1,20+,4,Design,Database model,18,XML/XPath,3 - Moderate / recurring,3,3 - Moderate,3,9,
Expert_Survey_E08_JA.xlsx,E08_JA,1,20+,4,Design,UI model,19,+App templates,3 - Moderate / recurring,3,3 - Moderate,3,9,
Expert_Survey_E08_JA.xlsx,E08_JA,1,20+,4,Design,UI model,20,+Business Data Types,5 - Essential / continuous,5,4 - Difficult,4,20,
Expert_Survey_E08_JA.xlsx,E08_JA,1,20+,4,Design,UI model,21,+Screen Templates,3 - Moderate / recurring,3,3 - Moderate,3,9,
Expert_Survey_E08_JA.xlsx,E08_JA,1,20+,4,Design,UI model,22,+UI Branding,4 - Frequent / important,4,2 - Easy,2,8,
Expert_Survey_E08_JA.xlsx,E08_JA,1,20+,4,Design,UI model,23,+View Types,3 - Moderate / recurring,3,3 - Moderate,3,9,
Expert_Survey_E08_JA.xlsx,E08_JA,1,20+,4,Design,UI model,24,Expressions,3 - Moderate / recurring,3,3 - Moderate,3,9,
Expert_Survey_E08_JA.xlsx,E08_JA,1,20+,4,Design,UI model,25,IT Data Types,5 - Essential / continuous,5,4 - Difficult,4,20,
Expert_Survey_E08_JA.xlsx,E08_JA,1,20+,4,Design,UI model,26,Functions,3 - Moderate / recurring,3,3 - Moderate,3,9,
Expert_Survey_E08_JA.xlsx,E08_JA,1,20+,4,Design,UI model,27,Model-driven Apps,4 - Frequent / important,4,3 - Moderate,3,12,
Expert_Survey_E08_JA.xlsx,E08_JA,1,20+,4,Design,UI model,28,Reactive Web App,3 - Moderate / recurring,3,3 - Moderate,3,9,
Expert_Survey_E08_JA.xlsx,E08_JA,1,20+,4,Design,UI model,29,Responsive Web Design,3 - Moderate / recurring,3,3 - Moderate,3,9,
Expert_Survey_E08_JA.xlsx,E08_JA,1,20+,4,Design,UI model,30,Variables,3 - Moderate / recurring,3,3 - Moderate,3,9,
Expert_Survey_E08_JA.xlsx,E08_JA,1,20+,4,Design,Validations,31,+Business Rules,3 - Moderate / recurring,3,3 - Moderate,3,9,
Expert_Survey_E08_JA.xlsx,E08_JA,1,20+,4,Design,Validations,32,+Lookup/Drop-down,3 - Moderate / recurring,3,3 - Moderate,3,9,
Expert_Survey_E08_JA.xlsx,E08_JA,1,20+,4,Design,Validations,33,Expressions,3 - Moderate / recurring,3,3 - Moderate,3,9,
Expert_Survey_E08_JA.xlsx,E08_JA,1,20+,4,Design,Validations,34,Enumerations,3 - Moderate / recurring,3,3 - Moderate,3,9,
Expert_Survey_E08_JA.xlsx,E08_JA,1,20+,4,Design,Validations,35,JavaScript,2 - Occasional / peripheral,2,5 - Very difficult,5,10,
Expert_Survey_E08_JA.xlsx,E08_JA,1,20+,4,Design,Validations,36,Scripts,2 - Occasional / peripheral,2,5 - Very difficult,5,10,
Expert_Survey_E08_JA.xlsx,E08_JA,1,20+,4,Design,Validations,37,Transactions,3 - Moderate / recurring,3,3 - Moderate,3,9,
Expert_Survey_E08_JA.xlsx,E08_JA,1,20+,4,Design,Application logic,38,+Actions,3 - Moderate / recurring,3,3 - Moderate,3,9,
Expert_Survey_E08_JA.xlsx,E08_JA,1,20+,4,Design,Application logic,39,+Graphical actions,3 - Moderate / recurring,3,3 - Moderate,3,9,
Expert_Survey_E08_JA.xlsx,E08_JA,1,20+,4,Design,Application logic,40,+NLP,3 - Moderate / recurring,3,3 - Moderate,3,9,
Expert_Survey_E08_JA.xlsx,E08_JA,1,20+,4,Design,Application logic,41,+Custom Language,3 - Moderate / recurring,3,3 - Moderate,3,9,
Expert_Survey_E08_JA.xlsx,E08_JA,1,20+,4,Design,Application logic,42,+Predefined Tasks,3 - Moderate / recurring,3,3 - Moderate,3,9,
Expert_Survey_E08_JA.xlsx,E08_JA,1,20+,4,Design,Application logic,43,UML,3 - Moderate / recurring,3,3 - Moderate,3,9,
Expert_Survey_E08_JA.xlsx,E08_JA,1,20+,4,Design,Application logic,44,Algorithms,3 - Moderate / recurring,3,3 - Moderate,3,9,
Expert_Survey_E08_JA.xlsx,E08_JA,1,20+,4,Design,Application logic,45,Expressions,3 - Moderate / recurring,3,3 - Moderate,3,9,
Expert_Survey_E08_JA.xlsx,E08_JA,1,20+,4,Design,Application logic,46,Control Structures,3 - Moderate / recurring,3,3 - Moderate,3,9,
Expert_Survey_E08_JA.xlsx,E08_JA,1,20+,4,Design,Application logic,47,IT Data Types,5 - Essential / continuous,5,4 - Difficult,4,20,
Expert_Survey_E08_JA.xlsx,E08_JA,1,20+,4,Design,Application logic,48,Events,3 - Moderate / recurring,3,3 - Moderate,3,9,
Expert_Survey_E08_JA.xlsx,E08_JA,1,20+,4,Design,Application logic,49,Formulas,4 - Frequent / important,4,2 - Easy,2,8,
Expert_Survey_E08_JA.xlsx,E08_JA,1,20+,4,Design,Application logic,50,Functions,3 - Moderate / recurring,3,3 - Moderate,3,9,
Expert_Survey_E08_JA.xlsx,E08_JA,1,20+,4,Design,Application logic,51,Java,3 - Moderate / recurring,3,3 - Moderate,3,9,
Expert_Survey_E08_JA.xlsx,E08_JA,1,20+,4,Design,Application logic,52,JavaScript,2 - Occasional / peripheral,2,5 - Very difficult,5,10,
Expert_Survey_E08_JA.xlsx,E08_JA,1,20+,4,Design,Application logic,53,Microservices,3 - Moderate / recurring,3,3 - Moderate,3,9,
Expert_Survey_E08_JA.xlsx,E08_JA,1,20+,4,Design,Application logic,54,SQL,3 - Moderate / recurring,3,3 - Moderate,3,9,
Expert_Survey_E08_JA.xlsx,E08_JA,1,20+,4,Design,Application logic,55,Variables,3 - Moderate / recurring,3,3 - Moderate,3,9,
Expert_Survey_E08_JA.xlsx,E08_JA,1,20+,4,Development,Workflow design and development,56,+BPMN Process Model,4 - Frequent / important,4,3 - Moderate,3,12,
Expert_Survey_E08_JA.xlsx,E08_JA,1,20+,4,Development,Workflow design and development,57,Expressions,3 - Moderate / recurring,3,3 - Moderate,3,9,
Expert_Survey_E08_JA.xlsx,E08_JA,1,20+,4,Development,Workflow design and development,58,Custom Process Model,4 - Frequent / important,4,3 - Moderate,3,12,
Expert_Survey_E08_JA.xlsx,E08_JA,1,20+,4,Development,Workflow design and development,59,Events,3 - Moderate / recurring,3,3 - Moderate,3,9,
Expert_Survey_E08_JA.xlsx,E08_JA,1,20+,4,Development,Workflow design and development,60,Java API,3 - Moderate / recurring,3,4 - Difficult,4,12,
Expert_Survey_E08_JA.xlsx,E08_JA,1,20+,4,Development,Workflow design and development,61,JavaScript,2 - Occasional / peripheral,2,5 - Very difficult,5,10,
Expert_Survey_E08_JA.xlsx,E08_JA,1,20+,4,Development,Workflow design and development,62,REST API,3 - Moderate / recurring,3,4 - Difficult,4,12,
Expert_Survey_E08_JA.xlsx,E08_JA,1,20+,4,Development,Workflow design and development,63,Triggers,3 - Moderate / recurring,3,3 - Moderate,3,9,
Expert_Survey_E08_JA.xlsx,E08_JA,1,20+,4,Development,Database design,64,+Business Data Types,5 - Essential / continuous,5,4 - Difficult,4,20,
Expert_Survey_E08_JA.xlsx,E08_JA,1,20+,4,Development,Database design,65,+Custom Database Model,4 - Frequent / important,4,3 - Moderate,3,12,
Expert_Survey_E08_JA.xlsx,E08_JA,1,20+,4,Development,Database design,66,+References,3 - Moderate / recurring,3,3 - Moderate,3,9,
Expert_Survey_E08_JA.xlsx,E08_JA,1,20+,4,Development,Database design,67,+Slices,3 - Moderate / recurring,3,3 - Moderate,3,9,
Expert_Survey_E08_JA.xlsx,E08_JA,1,20+,4,Development,Database design,68,Actions,3 - Moderate / recurring,3,3 - Moderate,3,9,
Expert_Survey_E08_JA.xlsx,E08_JA,1,20+,4,Development,Database design,69,Expressions,3 - Moderate / recurring,3,3 - Moderate,3,9,
Expert_Survey_E08_JA.xlsx,E08_JA,1,20+,4,Development,Database design,70,Relational Database,5 - Essential / continuous,5,4 - Difficult,4,20,
Expert_Survey_E08_JA.xlsx,E08_JA,1,20+,4,Development,Database design,71,Entity Diagrams,3 - Moderate / recurring,3,3 - Moderate,3,9,
Expert_Survey_E08_JA.xlsx,E08_JA,1,20+,4,Development,Database design,72,Functions,3 - Moderate / recurring,3,3 - Moderate,3,9,
Expert_Survey_E08_JA.xlsx,E08_JA,1,20+,4,Development,Database design,73,SQL,3 - Moderate / recurring,3,3 - Moderate,3,9,
Expert_Survey_E08_JA.xlsx,E08_JA,1,20+,4,Development,Database design,74,IT Data Types,5 - Essential / continuous,5,4 - Difficult,4,20,
Expert_Survey_E08_JA.xlsx,E08_JA,1,20+,4,Development,Database design,75,Web API,3 - Moderate / recurring,3,4 - Difficult,4,12,
Expert_Survey_E08_JA.xlsx,E08_JA,1,20+,4,Development,Fetching data,76,.NET,3 - Moderate / recurring,3,3 - Moderate,3,9,
Expert_Survey_E08_JA.xlsx,E08_JA,1,20+,4,Development,Fetching data,77,+Cloud-based Spreadsheets,3 - Moderate / recurring,3,3 - Moderate,3,9,
Expert_Survey_E08_JA.xlsx,E08_JA,1,20+,4,Development,Fetching data,78,+GUI Queries,4 - Frequent / important,4,2 - Easy,2,8,
Expert_Survey_E08_JA.xlsx,E08_JA,1,20+,4,Development,Fetching data,79,+Human Language,3 - Moderate / recurring,3,3 - Moderate,3,9,
Expert_Survey_E08_JA.xlsx,E08_JA,1,20+,4,Development,Fetching data,80,+Integrated Data Sources,5 - Essential / continuous,5,4 - Difficult,4,20,
Expert_Survey_E08_JA.xlsx,E08_JA,1,20+,4,Development,Fetching data,81,Cloud Services,3 - Moderate / recurring,3,3 - Moderate,3,9,
Expert_Survey_E08_JA.xlsx,E08_JA,1,20+,4,Development,Fetching data,82,Custom Query Language,3 - Moderate / recurring,3,3 - Moderate,3,9,
Expert_Survey_E08_JA.xlsx,E08_JA,1,20+,4,Development,Fetching data,83,Data Source Integration,5 - Essential / continuous,5,4 - Difficult,4,20,
Expert_Survey_E08_JA.xlsx,E08_JA,1,20+,4,Development,Fetching data,84,Formulas,4 - Frequent / important,4,2 - Easy,2,8,
Expert_Survey_E08_JA.xlsx,E08_JA,1,20+,4,Development,Fetching data,85,Local Storage,3 - Moderate / recurring,3,3 - Moderate,3,9,
Expert_Survey_E08_JA.xlsx,E08_JA,1,20+,4,Development,Fetching data,86,OAuth,3 - Moderate / recurring,3,3 - Moderate,3,9,
Expert_Survey_E08_JA.xlsx,E08_JA,1,20+,4,Development,Fetching data,87,REST API,3 - Moderate / recurring,3,4 - Difficult,4,12,
Expert_Survey_E08_JA.xlsx,E08_JA,1,20+,4,Development,Fetching data,88,SDK,3 - Moderate / recurring,3,3 - Moderate,3,9,
Expert_Survey_E08_JA.xlsx,E08_JA,1,20+,4,Development,Fetching data,89,SQL,3 - Moderate / recurring,3,3 - Moderate,3,9,
Expert_Survey_E08_JA.xlsx,E08_JA,1,20+,4,Development,Fetching data,90,URL,3 - Moderate / recurring,3,3 - Moderate,3,9,
Expert_Survey_E08_JA.xlsx,E08_JA,1,20+,4,Development,Fetching data,91,Web API,3 - Moderate / recurring,3,4 - Difficult,4,12,
Expert_Survey_E08_JA.xlsx,E08_JA,1,20+,4,Development,GUI design and development,92,+AI Support,3 - Moderate / recurring,3,3 - Moderate,3,9,
Expert_Survey_E08_JA.xlsx,E08_JA,1,20+,4,Development,GUI design and development,93,+Business Data Types,5 - Essential / continuous,5,4 - Difficult,4,20,
Expert_Survey_E08_JA.xlsx,E08_JA,1,20+,4,Development,GUI design and development,94,+Conditional Formatting,4 - Frequent / important,4,2 - Easy,2,8,
Expert_Survey_E08_JA.xlsx,E08_JA,1,20+,4,Development,GUI design and development,95,+GUI Style Editor,4 - Frequent / important,4,2 - Easy,2,8,
Expert_Survey_E08_JA.xlsx,E08_JA,1,20+,4,Development,GUI design and development,96,+Templatized Formulas,4 - Frequent / important,4,2 - Easy,2,8,
Expert_Survey_E08_JA.xlsx,E08_JA,1,20+,4,Development,GUI design and development,97,+UI Branding,4 - Frequent / important,4,2 - Easy,2,8,
Expert_Survey_E08_JA.xlsx,E08_JA,1,20+,4,Development,GUI design and development,98,+View Types,3 - Moderate / recurring,3,3 - Moderate,3,9,
Expert_Survey_E08_JA.xlsx,E08_JA,1,20+,4,Development,GUI design and development,99,+WYSIWYG,3 - Moderate / recurring,3,3 - Moderate,3,9,
Expert_Survey_E08_JA.xlsx,E08_JA,1,20+,4,Development,GUI design and development,100,CSS/SCSS,3 - Moderate / recurring,3,3 - Moderate,3,9,
Expert_Survey_E08_JA.xlsx,E08_JA,1,20+,4,Development,GUI design and development,101,Event Propagation,3 - Moderate / recurring,3,3 - Moderate,3,9,
Expert_Survey_E08_JA.xlsx,E08_JA,1,20+,4,Development,GUI design and development,102,Responsive Web Design,3 - Moderate / recurring,3,3 - Moderate,3,9,
Expert_Survey_E08_JA.xlsx,E08_JA,1,20+,4,Development,GUI design and development,103,HTML,3 - Moderate / recurring,3,3 - Moderate,3,9,
Expert_Survey_E08_JA.xlsx,E08_JA,1,20+,4,Development,GUI design and development,104,IT Data Types,5 - Essential / continuous,5,4 - Difficult,4,20,
Expert_Survey_E08_JA.xlsx,E08_JA,1,20+,4,Development,GUI design and development,105,JavaScript,2 - Occasional / peripheral,2,5 - Very difficult,5,10,
Expert_Survey_E08_JA.xlsx,E08_JA,1,20+,4,Development,GUI design and development,106,Master Detail,3 - Moderate / recurring,3,3 - Moderate,3,9,
Expert_Survey_E08_JA.xlsx,E08_JA,1,20+,4,Development,GUI design and development,107,Programming Functions,3 - Moderate / recurring,3,3 - Moderate,3,9,
Expert_Survey_E08_JA.xlsx,E08_JA,1,20+,4,Development,GUI design and development,108,Scripts,2 - Occasional / peripheral,2,5 - Very difficult,5,10,
Expert_Survey_E08_JA.xlsx,E08_JA,1,20+,4,Development,GUI design and development,109,Snippets,3 - Moderate / recurring,3,3 - Moderate,3,9,
Expert_Survey_E08_JA.xlsx,E08_JA,1,20+,4,Development,GUI design and development,110,Variables,3 - Moderate / recurring,3,3 - Moderate,3,9,
Expert_Survey_E08_JA.xlsx,E08_JA,1,20+,4,Development,GUI design and development,111,XML,3 - Moderate / recurring,3,3 - Moderate,3,9,
Expert_Survey_E08_JA.xlsx,E08_JA,1,20+,4,Development,Data validation development,112,+Business Rules,3 - Moderate / recurring,3,3 - Moderate,3,9,
Expert_Survey_E08_JA.xlsx,E08_JA,1,20+,4,Development,Data validation development,113,+Column Expressions,3 - Moderate / recurring,3,3 - Moderate,3,9,
Expert_Survey_E08_JA.xlsx,E08_JA,1,20+,4,Development,Data validation development,114,Expressions,3 - Moderate / recurring,3,3 - Moderate,3,9,
Expert_Survey_E08_JA.xlsx,E08_JA,1,20+,4,Development,Data validation development,115,Data Fields,5 - Essential / continuous,5,4 - Difficult,4,20,
Expert_Survey_E08_JA.xlsx,E08_JA,1,20+,4,Development,Data validation development,116,Domain Model,4 - Frequent / important,4,3 - Moderate,3,12,
Expert_Survey_E08_JA.xlsx,E08_JA,1,20+,4,Development,Data validation development,117,Scripts,2 - Occasional / peripheral,2,5 - Very difficult,5,10,
Expert_Survey_E08_JA.xlsx,E08_JA,1,20+,4,Development,Actions design and development,118,+AI Assisted Development,3 - Moderate / recurring,3,3 - Moderate,3,9,
Expert_Survey_E08_JA.xlsx,E08_JA,1,20+,4,Development,Actions design and development,119,+Automations,3 - Moderate / recurring,3,3 - Moderate,3,9,
Expert_Survey_E08_JA.xlsx,E08_JA,1,20+,4,Development,Actions design and development,120,+Built-in Connectors,4 - Frequent / important,4,2 - Easy,2,8,
Expert_Survey_E08_JA.xlsx,E08_JA,1,20+,4,Development,Actions design and development,121,API,3 - Moderate / recurring,3,4 - Difficult,4,12,
Expert_Survey_E08_JA.xlsx,E08_JA,1,20+,4,Development,Actions design and development,122,Expressions,3 - Moderate / recurring,3,3 - Moderate,3,9,
Expert_Survey_E08_JA.xlsx,E08_JA,1,20+,4,Development,Actions design and development,123,Functions,3 - Moderate / recurring,3,3 - Moderate,3,9,
Expert_Survey_E08_JA.xlsx,E08_JA,1,20+,4,Development,Actions design and development,124,Java,3 - Moderate / recurring,3,3 - Moderate,3,9,
Expert_Survey_E08_JA.xlsx,E08_JA,1,20+,4,Development,Actions design and development,125,JavaScript,2 - Occasional / peripheral,2,5 - Very difficult,5,10,
Expert_Survey_E08_JA.xlsx,E08_JA,1,20+,4,Development,Actions design and development,126,Object Model,4 - Frequent / important,4,3 - Moderate,3,12,
Expert_Survey_E08_JA.xlsx,E08_JA,1,20+,4,Development,Actions design and development,127,Scripts,2 - Occasional / peripheral,2,5 - Very difficult,5,10,
Expert_Survey_E08_JA.xlsx,E08_JA,1,20+,4,Development,Actions design and development,128,SOAP,3 - Moderate / recurring,3,3 - Moderate,3,9,
Expert_Survey_E08_JA.xlsx,E08_JA,1,20+,4,Development,Programming,129,.NET,3 - Moderate / recurring,3,3 - Moderate,3,9,
Expert_Survey_E08_JA.xlsx,E08_JA,1,20+,4,Development,Programming,130,+Visual Programming,3 - Moderate / recurring,3,3 - Moderate,3,9,
Expert_Survey_E08_JA.xlsx,E08_JA,1,20+,4,Development,Programming,131,Expressions,3 - Moderate / recurring,3,3 - Moderate,3,9,
Expert_Survey_E08_JA.xlsx,E08_JA,1,20+,4,Development,Programming,132,CLI,3 - Moderate / recurring,3,3 - Moderate,3,9,
Expert_Survey_E08_JA.xlsx,E08_JA,1,20+,4,Development,Programming,133,IT Data Types,5 - Essential / continuous,5,4 - Difficult,4,20,
Expert_Survey_E08_JA.xlsx,E08_JA,1,20+,4,Development,Programming,134,Eclipse,3 - Moderate / recurring,3,3 - Moderate,3,9,
Expert_Survey_E08_JA.xlsx,E08_JA,1,20+,4,Development,Programming,135,Emulators,3 - Moderate / recurring,3,3 - Moderate,3,9,
Expert_Survey_E08_JA.xlsx,E08_JA,1,20+,4,Development,Programming,136,Entity Types,3 - Moderate / recurring,3,3 - Moderate,3,9,
Expert_Survey_E08_JA.xlsx,E08_JA,1,20+,4,Development,Programming,137,Enumerations,3 - Moderate / recurring,3,3 - Moderate,3,9,
Expert_Survey_E08_JA.xlsx,E08_JA,1,20+,4,Development,Programming,138,Functions,3 - Moderate / recurring,3,3 - Moderate,3,9,
Expert_Survey_E08_JA.xlsx,E08_JA,1,20+,4,Development,Programming,139,HTML,3 - Moderate / recurring,3,3 - Moderate,3,9,
Expert_Survey_E08_JA.xlsx,E08_JA,1,20+,4,Development,Programming,140,SDK/IDE,3 - Moderate / recurring,3,3 - Moderate,3,9,
Expert_Survey_E08_JA.xlsx,E08_JA,1,20+,4,Development,Programming,141,Iteration Statements,3 - Moderate / recurring,3,3 - Moderate,3,9,
Expert_Survey_E08_JA.xlsx,E08_JA,1,20+,4,Development,Programming,142,Java,3 - Moderate / recurring,3,3 - Moderate,3,9,
Expert_Survey_E08_JA.xlsx,E08_JA,1,20+,4,Development,Programming,143,Java API,3 - Moderate / recurring,3,4 - Difficult,4,12,
Expert_Survey_E08_JA.xlsx,E08_JA,1,20+,4,Development,Programming,144,JavaScript,2 - Occasional / peripheral,2,5 - Very difficult,5,10,
Expert_Survey_E08_JA.xlsx,E08_JA,1,20+,4,Development,Programming,145,JSON,3 - Moderate / recurring,3,3 - Moderate,3,9,
Expert_Survey_E08_JA.xlsx,E08_JA,1,20+,4,Development,Programming,146,Markup Language,3 - Moderate / recurring,3,3 - Moderate,3,9,
Expert_Survey_E08_JA.xlsx,E08_JA,1,20+,4,Development,Programming,147,Metadata,5 - Essential / continuous,5,4 - Difficult,4,20,
Expert_Survey_E08_JA.xlsx,E08_JA,1,20+,4,Development,Programming,148,Native Mobile App,3 - Moderate / recurring,3,3 - Moderate,3,9,
Expert_Survey_E08_JA.xlsx,E08_JA,1,20+,4,Development,Programming,149,node.js,3 - Moderate / recurring,3,3 - Moderate,3,9,
Expert_Survey_E08_JA.xlsx,E08_JA,1,20+,4,Development,Programming,150,PWA,3 - Moderate / recurring,3,3 - Moderate,3,9,
Expert_Survey_E08_JA.xlsx,E08_JA,1,20+,4,Development,Programming,151,Query Functions,3 - Moderate / recurring,3,3 - Moderate,3,9,
Expert_Survey_E08_JA.xlsx,E08_JA,1,20+,4,Development,Programming,152,Scripts,2 - Occasional / peripheral,2,5 - Very difficult,5,10,
Expert_Survey_E08_JA.xlsx,E08_JA,1,20+,4,Development,Programming,153,Snippets,3 - Moderate / recurring,3,3 - Moderate,3,9,
Expert_Survey_E08_JA.xlsx,E08_JA,1,20+,4,Development,Programming,154,TypeScript,2 - Occasional / peripheral,2,5 - Very difficult,5,10,
Expert_Survey_E08_JA.xlsx,E08_JA,1,20+,4,Development,Programming,155,Web API,3 - Moderate / recurring,3,4 - Difficult,4,12,
Expert_Survey_E08_JA.xlsx,E08_JA,1,20+,4,Development,Programming,156,XML,3 - Moderate / recurring,3,3 - Moderate,3,9,
Expert_Survey_E08_JA.xlsx,E08_JA,1,20+,4,Implementation,Runtime server installation,157,+Cloud Based Environment,3 - Moderate / recurring,3,3 - Moderate,3,9,
Expert_Survey_E08_JA.xlsx,E08_JA,1,20+,4,Implementation,Runtime server installation,158,API,3 - Moderate / recurring,3,4 - Difficult,4,12,
Expert_Survey_E08_JA.xlsx,E08_JA,1,20+,4,Implementation,Runtime server installation,159,Compiler Service,3 - Moderate / recurring,3,3 - Moderate,3,9,
Expert_Survey_E08_JA.xlsx,E08_JA,1,20+,4,Implementation,Runtime server installation,160,Database Synchronization,5 - Essential / continuous,5,4 - Difficult,4,20,
Expert_Survey_E08_JA.xlsx,E08_JA,1,20+,4,Implementation,Runtime server installation,161,Deployment Controller Service,3 - Moderate / recurring,3,3 - Moderate,3,9,
Expert_Survey_E08_JA.xlsx,E08_JA,1,20+,4,Implementation,Runtime server installation,162,Email Server (SMTP),3 - Moderate / recurring,3,3 - Moderate,3,9,
Expert_Survey_E08_JA.xlsx,E08_JA,1,20+,4,Implementation,Runtime server installation,163,File Storage,3 - Moderate / recurring,3,3 - Moderate,3,9,
Expert_Survey_E08_JA.xlsx,E08_JA,1,20+,4,Implementation,Runtime server installation,164,HTTPS Server,3 - Moderate / recurring,3,3 - Moderate,3,9,
Expert_Survey_E08_JA.xlsx,E08_JA,1,20+,4,Implementation,Runtime server installation,165,Java,3 - Moderate / recurring,3,3 - Moderate,3,9,
Expert_Survey_E08_JA.xlsx,E08_JA,1,20+,4,Implementation,Runtime server installation,166,Load Balancing,3 - Moderate / recurring,3,3 - Moderate,3,9,
Expert_Survey_E08_JA.xlsx,E08_JA,1,20+,4,Implementation,Runtime server installation,167,Log Service,3 - Moderate / recurring,3,3 - Moderate,3,9,
Expert_Survey_E08_JA.xlsx,E08_JA,1,20+,4,Implementation,Runtime server installation,168,Mobile App,3 - Moderate / recurring,3,3 - Moderate,3,9,
Expert_Survey_E08_JA.xlsx,E08_JA,1,20+,4,Implementation,Runtime server installation,169,OQL,3 - Moderate / recurring,3,3 - Moderate,3,9,
Expert_Survey_E08_JA.xlsx,E08_JA,1,20+,4,Implementation,Runtime server installation,170,Proxy server,3 - Moderate / recurring,3,3 - Moderate,3,9,
Expert_Survey_E08_JA.xlsx,E08_JA,1,20+,4,Implementation,Runtime server installation,171,Relational Database,5 - Essential / continuous,5,4 - Difficult,4,20,
Expert_Survey_E08_JA.xlsx,E08_JA,1,20+,4,Implementation,Runtime server installation,172,REST API,3 - Moderate / recurring,3,4 - Difficult,4,12,
Expert_Survey_E08_JA.xlsx,E08_JA,1,20+,4,Implementation,Runtime server installation,173,SAML Authentication,3 - Moderate / recurring,3,3 - Moderate,3,9,
Expert_Survey_E08_JA.xlsx,E08_JA,1,20+,4,Implementation,Runtime server installation,174,Scheduler Service,3 - Moderate / recurring,3,3 - Moderate,3,9,
Expert_Survey_E08_JA.xlsx,E08_JA,1,20+,4,Implementation,Runtime server installation,175,Shared Libraries,3 - Moderate / recurring,3,3 - Moderate,3,9,
Expert_Survey_E08_JA.xlsx,E08_JA,1,20+,4,Implementation,Runtime server installation,176,SOAP,3 - Moderate / recurring,3,3 - Moderate,3,9,
Expert_Survey_E08_JA.xlsx,E08_JA,1,20+,4,Implementation,Runtime server installation,177,SSL Certificates,3 - Moderate / recurring,3,3 - Moderate,3,9,
Expert_Survey_E08_JA.xlsx,E08_JA,1,20+,4,Implementation,Runtime server installation,178,Swagger,3 - Moderate / recurring,3,3 - Moderate,3,9,
Expert_Survey_E08_JA.xlsx,E08_JA,1,20+,4,Implementation,Runtime server installation,179,WSDL,3 - Moderate / recurring,3,3 - Moderate,3,9,
Expert_Survey_E08_JA.xlsx,E08_JA,1,20+,4,Implementation,Runtime server installation,180,XML/XPath,3 - Moderate / recurring,3,3 - Moderate,3,9,
Expert_Survey_E08_JA.xlsx,E08_JA,1,20+,4,Implementation,Database installation,181,+Embedded Database,5 - Essential / continuous,5,4 - Difficult,4,20,
Expert_Survey_E08_JA.xlsx,E08_JA,1,20+,4,Implementation,Database installation,182,File Storage,3 - Moderate / recurring,3,3 - Moderate,3,9,
Expert_Survey_E08_JA.xlsx,E08_JA,1,20+,4,Implementation,Database installation,183,Relational Database,5 - Essential / continuous,5,4 - Difficult,4,20,
Expert_Survey_E08_JA.xlsx,E08_JA,1,20+,4,Implementation,Database installation,184,REST API,3 - Moderate / recurring,3,4 - Difficult,4,12,
Expert_Survey_E08_JA.xlsx,E08_JA,1,20+,4,Implementation,Client module installation,185,.NET Framework,3 - Moderate / recurring,3,3 - Moderate,3,9,
Expert_Survey_E08_JA.xlsx,E08_JA,1,20+,4,Implementation,Client module installation,186,+Mobile App,3 - Moderate / recurring,3,3 - Moderate,3,9,
Expert_Survey_E08_JA.xlsx,E08_JA,1,20+,4,Implementation,Client module installation,187,+Web Browser,3 - Moderate / recurring,3,3 - Moderate,3,9,
Expert_Survey_E08_JA.xlsx,E08_JA,1,20+,4,Implementation,Client module installation,188,API,3 - Moderate / recurring,3,4 - Difficult,4,12,
Expert_Survey_E08_JA.xlsx,E08_JA,1,20+,4,Implementation,Client module installation,189,Binaries,3 - Moderate / recurring,3,3 - Moderate,3,9,
Expert_Survey_E08_JA.xlsx,E08_JA,1,20+,4,Implementation,Client module installation,190,HTTPS Server,3 - Moderate / recurring,3,3 - Moderate,3,9,
Expert_Survey_E08_JA.xlsx,E08_JA,1,20+,4,Implementation,Client module installation,191,URL Configuration,3 - Moderate / recurring,3,3 - Moderate,3,9,
Expert_Survey_E08_JA.xlsx,E08_JA,1,20+,4,Implementation,Client module installation,192,Web Services,3 - Moderate / recurring,3,3 - Moderate,3,9,
Expert_Survey_E08_JA.xlsx,E08_JA,1,20+,4,Implementation,Deployment,193,+App Gallery,3 - Moderate / recurring,3,3 - Moderate,3,9,
Expert_Survey_E08_JA.xlsx,E08_JA,1,20+,4,Implementation,Deployment,194,+Software as a Service,3 - Moderate / recurring,3,3 - Moderate,3,9,
Expert_Survey_E08_JA.xlsx,E08_JA,1,20+,4,Implementation,Deployment,195,Application IDE,3 - Moderate / recurring,3,3 - Moderate,3,9,
Expert_Survey_E08_JA.xlsx,E08_JA,1,20+,4,Implementation,Deployment,196,CI/CD,3 - Moderate / recurring,3,3 - Moderate,3,9,
Expert_Survey_E08_JA.xlsx,E08_JA,1,20+,4,Implementation,Deployment,197,Cloud Computing,3 - Moderate / recurring,3,3 - Moderate,3,9,
Expert_Survey_E08_JA.xlsx,E08_JA,1,20+,4,Implementation,Deployment,198,Cloud Services,3 - Moderate / recurring,3,3 - Moderate,3,9,
Expert_Survey_E08_JA.xlsx,E08_JA,1,20+,4,Implementation,Deployment,199,Docker,3 - Moderate / recurring,3,3 - Moderate,3,9,
Expert_Survey_E08_JA.xlsx,E08_JA,1,20+,4,Implementation,Deployment,200,Import/Export,3 - Moderate / recurring,3,3 - Moderate,3,9,
Expert_Survey_E08_JA.xlsx,E08_JA,1,20+,4,Implementation,Deployment,201,Kubernetes,3 - Moderate / recurring,3,3 - Moderate,3,9,
Expert_Survey_E08_JA.xlsx,E08_JA,1,20+,4,Implementation,Deployment,202,On-Premise,3 - Moderate / recurring,3,3 - Moderate,3,9,
Expert_Survey_E08_JA.xlsx,E08_JA,1,20+,4,Implementation,Deployment,203,On-premises Data Gateway,5 - Essential / continuous,5,4 - Difficult,4,20,
Expert_Survey_E08_JA.xlsx,E08_JA,1,20+,4,Implementation,Deployment,204,REST API,3 - Moderate / recurring,3,4 - Difficult,4,12,
Expert_Survey_E08_JA.xlsx,E08_JA,1,20+,4,Implementation,Deployment,205,Scripts,2 - Occasional / peripheral,2,5 - Very difficult,5,10,
Expert_Survey_E08_JA.xlsx,E08_JA,1,20+,4,Implementation,Deployment,206,SOAP,3 - Moderate / recurring,3,3 - Moderate,3,9,
Expert_Survey_E08_JA.xlsx,E08_JA,1,20+,4,Implementation,Version control,207,Code Repository Concept,2 - Occasional / peripheral,2,5 - Very difficult,5,10,
Expert_Survey_E08_JA.xlsx,E08_JA,1,20+,4,Implementation,Version control,208,Custom Version Control,3 - Moderate / recurring,3,3 - Moderate,3,9,
Expert_Survey_E08_JA.xlsx,E08_JA,1,20+,4,Implementation,Version control,209,Git,3 - Moderate / recurring,3,3 - Moderate,3,9,
Expert_Survey_E09_MM.xlsx,E09_MM,1,15-19,3,Design,Workflow model,1,+BPMN Process Model,5 - Essential / continuous,5,2 - Easy,2,10,
Expert_Survey_E09_MM.xlsx,E09_MM,1,15-19,3,Design,Workflow model,2,Custom Process Model,3 - Moderate / recurring,3,3 - Moderate,3,9,Usage Intensity
Expert_Survey_E09_MM.xlsx,E09_MM,1,15-19,3,Design,Database model,3,+Business Data Types,5 - Essential / continuous,5,2 - Easy,2,10,1 - Rare / avoidable
Expert_Survey_E09_MM.xlsx,E09_MM,1,15-19,3,Design,Database model,4,+Form-based Data,5 - Essential / continuous,5,2 - Easy,2,10,2 - Occasional / peripheral
Expert_Survey_E09_MM.xlsx,E09_MM,1,15-19,3,Design,Database model,5,+Item-Detail,4 - Frequent / important,4,2 - Easy,2,8,3 - Moderate / recurring
Expert_Survey_E09_MM.xlsx,E09_MM,1,15-19,3,Design,Database model,6,+Lookup/Drop-down,4 - Frequent / important,4,2 - Easy,2,8,4 - Frequent / important
Expert_Survey_E09_MM.xlsx,E09_MM,1,15-19,3,Design,Database model,7,+Predefined Entities,4 - Frequent / important,4,2 - Easy,2,8,5 - Essential / continuous
Expert_Survey_E09_MM.xlsx,E09_MM,1,15-19,3,Design,Database model,8,Domain Model,3 - Moderate / recurring,3,3 - Moderate,3,9,
Expert_Survey_E09_MM.xlsx,E09_MM,1,15-19,3,Design,Database model,9,Conditional Expressions,4 - Frequent / important,4,3 - Moderate,3,12,Difficulty of Acquisition
Expert_Survey_E09_MM.xlsx,E09_MM,1,15-19,3,Design,Database model,10,Constraints,4 - Frequent / important,4,3 - Moderate,3,12,1 - Very easy
Expert_Survey_E09_MM.xlsx,E09_MM,1,15-19,3,Design,Database model,11,Data Structure,3 - Moderate / recurring,3,3 - Moderate,3,9,2 - Easy
Expert_Survey_E09_MM.xlsx,E09_MM,1,15-19,3,Design,Database model,12,IT Data Types,3 - Moderate / recurring,3,3 - Moderate,3,9,3 - Moderate
Expert_Survey_E09_MM.xlsx,E09_MM,1,15-19,3,Design,Database model,13,Denormalization,3 - Moderate / recurring,3,3 - Moderate,3,9,4 - Difficult
Expert_Survey_E09_MM.xlsx,E09_MM,1,15-19,3,Design,Database model,14,Entity Diagrams,3 - Moderate / recurring,3,3 - Moderate,3,9,5 - Very difficult
Expert_Survey_E09_MM.xlsx,E09_MM,1,15-19,3,Design,Database model,15,Enumerations,3 - Moderate / recurring,3,3 - Moderate,3,9,
Expert_Survey_E09_MM.xlsx,E09_MM,1,15-19,3,Design,Database model,16,Expressions,4 - Frequent / important,4,3 - Moderate,3,12,Instruction
Expert_Survey_E09_MM.xlsx,E09_MM,1,15-19,3,Design,Database model,17,Relational Database,3 - Moderate / recurring,3,3 - Moderate,3,9,
Expert_Survey_E09_MM.xlsx,E09_MM,1,15-19,3,Design,Database model,18,XML/XPath,1 - Rare / avoidable,1,4 - Difficult,4,4,
Expert_Survey_E09_MM.xlsx,E09_MM,1,15-19,3,Design,UI model,19,+App templates,4 - Frequent / important,4,1 - Very easy,1,4,
Expert_Survey_E09_MM.xlsx,E09_MM,1,15-19,3,Design,UI model,20,+Business Data Types,5 - Essential / continuous,5,2 - Easy,2,10,
Expert_Survey_E09_MM.xlsx,E09_MM,1,15-19,3,Design,UI model,21,+Screen Templates,4 - Frequent / important,4,1 - Very easy,1,4,
Expert_Survey_E09_MM.xlsx,E09_MM,1,15-19,3,Design,UI model,22,+UI Branding,4 - Frequent / important,4,2 - Easy,2,8,
Expert_Survey_E09_MM.xlsx,E09_MM,1,15-19,3,Design,UI model,23,+View Types,5 - Essential / continuous,5,2 - Easy,2,10,
Expert_Survey_E09_MM.xlsx,E09_MM,1,15-19,3,Design,UI model,24,Expressions,4 - Frequent / important,4,3 - Moderate,3,12,
Expert_Survey_E09_MM.xlsx,E09_MM,1,15-19,3,Design,UI model,25,IT Data Types,3 - Moderate / recurring,3,3 - Moderate,3,9,
Expert_Survey_E09_MM.xlsx,E09_MM,1,15-19,3,Design,UI model,26,Functions,4 - Frequent / important,4,3 - Moderate,3,12,
Expert_Survey_E09_MM.xlsx,E09_MM,1,15-19,3,Design,UI model,27,Model-driven Apps,3 - Moderate / recurring,3,3 - Moderate,3,9,
Expert_Survey_E09_MM.xlsx,E09_MM,1,15-19,3,Design,UI model,28,Reactive Web App,3 - Moderate / recurring,3,3 - Moderate,3,9,
Expert_Survey_E09_MM.xlsx,E09_MM,1,15-19,3,Design,UI model,29,Responsive Web Design,3 - Moderate / recurring,3,3 - Moderate,3,9,
Expert_Survey_E09_MM.xlsx,E09_MM,1,15-19,3,Design,UI model,30,Variables,4 - Frequent / important,4,3 - Moderate,3,12,
Expert_Survey_E09_MM.xlsx,E09_MM,1,15-19,3,Design,Validations,31,+Business Rules,5 - Essential / continuous,5,2 - Easy,2,10,
Expert_Survey_E09_MM.xlsx,E09_MM,1,15-19,3,Design,Validations,32,+Lookup/Drop-down,4 - Frequent / important,4,2 - Easy,2,8,
Expert_Survey_E09_MM.xlsx,E09_MM,1,15-19,3,Design,Validations,33,Expressions,4 - Frequent / important,4,3 - Moderate,3,12,
Expert_Survey_E09_MM.xlsx,E09_MM,1,15-19,3,Design,Validations,34,Enumerations,3 - Moderate / recurring,3,3 - Moderate,3,9,
Expert_Survey_E09_MM.xlsx,E09_MM,1,15-19,3,Design,Validations,35,JavaScript,1 - Rare / avoidable,1,5 - Very difficult,5,5,
Expert_Survey_E09_MM.xlsx,E09_MM,1,15-19,3,Design,Validations,36,Scripts,3 - Moderate / recurring,3,3 - Moderate,3,9,
Expert_Survey_E09_MM.xlsx,E09_MM,1,15-19,3,Design,Validations,37,Transactions,3 - Moderate / recurring,3,3 - Moderate,3,9,
Expert_Survey_E09_MM.xlsx,E09_MM,1,15-19,3,Design,Application logic,38,+Actions,5 - Essential / continuous,5,2 - Easy,2,10,
Expert_Survey_E09_MM.xlsx,E09_MM,1,15-19,3,Design,Application logic,39,+Graphical actions,5 - Essential / continuous,5,2 - Easy,2,10,
Expert_Survey_E09_MM.xlsx,E09_MM,1,15-19,3,Design,Application logic,40,+NLP,4 - Frequent / important,4,2 - Easy,2,8,
Expert_Survey_E09_MM.xlsx,E09_MM,1,15-19,3,Design,Application logic,41,+Custom Language,4 - Frequent / important,4,2 - Easy,2,8,
Expert_Survey_E09_MM.xlsx,E09_MM,1,15-19,3,Design,Application logic,42,+Predefined Tasks,4 - Frequent / important,4,2 - Easy,2,8,
Expert_Survey_E09_MM.xlsx,E09_MM,1,15-19,3,Design,Application logic,43,UML,3 - Moderate / recurring,3,3 - Moderate,3,9,
Expert_Survey_E09_MM.xlsx,E09_MM,1,15-19,3,Design,Application logic,44,Algorithms,3 - Moderate / recurring,3,3 - Moderate,3,9,
Expert_Survey_E09_MM.xlsx,E09_MM,1,15-19,3,Design,Application logic,45,Expressions,4 - Frequent / important,4,3 - Moderate,3,12,
Expert_Survey_E09_MM.xlsx,E09_MM,1,15-19,3,Design,Application logic,46,Control Structures,3 - Moderate / recurring,3,3 - Moderate,3,9,
Expert_Survey_E09_MM.xlsx,E09_MM,1,15-19,3,Design,Application logic,47,IT Data Types,3 - Moderate / recurring,3,3 - Moderate,3,9,
Expert_Survey_E09_MM.xlsx,E09_MM,1,15-19,3,Design,Application logic,48,Events,3 - Moderate / recurring,3,3 - Moderate,3,9,
Expert_Survey_E09_MM.xlsx,E09_MM,1,15-19,3,Design,Application logic,49,Formulas,4 - Frequent / important,4,3 - Moderate,3,12,
Expert_Survey_E09_MM.xlsx,E09_MM,1,15-19,3,Design,Application logic,50,Functions,4 - Frequent / important,4,3 - Moderate,3,12,
Expert_Survey_E09_MM.xlsx,E09_MM,1,15-19,3,Design,Application logic,51,Java,1 - Rare / avoidable,1,5 - Very difficult,5,5,
Expert_Survey_E09_MM.xlsx,E09_MM,1,15-19,3,Design,Application logic,52,JavaScript,1 - Rare / avoidable,1,5 - Very difficult,5,5,
Expert_Survey_E09_MM.xlsx,E09_MM,1,15-19,3,Design,Application logic,53,Microservices,1 - Rare / avoidable,1,5 - Very difficult,5,5,
Expert_Survey_E09_MM.xlsx,E09_MM,1,15-19,3,Design,Application logic,54,SQL,1 - Rare / avoidable,1,5 - Very difficult,5,5,
Expert_Survey_E09_MM.xlsx,E09_MM,1,15-19,3,Design,Application logic,55,Variables,4 - Frequent / important,4,3 - Moderate,3,12,
Expert_Survey_E09_MM.xlsx,E09_MM,1,15-19,3,Development,Workflow design and development,56,+BPMN Process Model,5 - Essential / continuous,5,2 - Easy,2,10,
Expert_Survey_E09_MM.xlsx,E09_MM,1,15-19,3,Development,Workflow design and development,57,Expressions,4 - Frequent / important,4,3 - Moderate,3,12,
Expert_Survey_E09_MM.xlsx,E09_MM,1,15-19,3,Development,Workflow design and development,58,Custom Process Model,3 - Moderate / recurring,3,3 - Moderate,3,9,
Expert_Survey_E09_MM.xlsx,E09_MM,1,15-19,3,Development,Workflow design and development,59,Events,3 - Moderate / recurring,3,3 - Moderate,3,9,
Expert_Survey_E09_MM.xlsx,E09_MM,1,15-19,3,Development,Workflow design and development,60,Java API,1 - Rare / avoidable,1,5 - Very difficult,5,5,
Expert_Survey_E09_MM.xlsx,E09_MM,1,15-19,3,Development,Workflow design and development,61,JavaScript,1 - Rare / avoidable,1,5 - Very difficult,5,5,
Expert_Survey_E09_MM.xlsx,E09_MM,1,15-19,3,Development,Workflow design and development,62,REST API,1 - Rare / avoidable,1,5 - Very difficult,5,5,
Expert_Survey_E09_MM.xlsx,E09_MM,1,15-19,3,Development,Workflow design and development,63,Triggers,3 - Moderate / recurring,3,3 - Moderate,3,9,
Expert_Survey_E09_MM.xlsx,E09_MM,1,15-19,3,Development,Database design,64,+Business Data Types,5 - Essential / continuous,5,2 - Easy,2,10,
Expert_Survey_E09_MM.xlsx,E09_MM,1,15-19,3,Development,Database design,65,+Custom Database Model,5 - Essential / continuous,5,2 - Easy,2,10,
Expert_Survey_E09_MM.xlsx,E09_MM,1,15-19,3,Development,Database design,66,+References,4 - Frequent / important,4,2 - Easy,2,8,
Expert_Survey_E09_MM.xlsx,E09_MM,1,15-19,3,Development,Database design,67,+Slices,4 - Frequent / important,4,2 - Easy,2,8,
Expert_Survey_E09_MM.xlsx,E09_MM,1,15-19,3,Development,Database design,68,Actions,3 - Moderate / recurring,3,3 - Moderate,3,9,
Expert_Survey_E09_MM.xlsx,E09_MM,1,15-19,3,Development,Database design,69,Expressions,4 - Frequent / important,4,3 - Moderate,3,12,
Expert_Survey_E09_MM.xlsx,E09_MM,1,15-19,3,Development,Database design,70,Relational Database,3 - Moderate / recurring,3,3 - Moderate,3,9,
Expert_Survey_E09_MM.xlsx,E09_MM,1,15-19,3,Development,Database design,71,Entity Diagrams,3 - Moderate / recurring,3,3 - Moderate,3,9,
Expert_Survey_E09_MM.xlsx,E09_MM,1,15-19,3,Development,Database design,72,Functions,4 - Frequent / important,4,3 - Moderate,3,12,
Expert_Survey_E09_MM.xlsx,E09_MM,1,15-19,3,Development,Database design,73,SQL,1 - Rare / avoidable,1,5 - Very difficult,5,5,
Expert_Survey_E09_MM.xlsx,E09_MM,1,15-19,3,Development,Database design,74,IT Data Types,3 - Moderate / recurring,3,3 - Moderate,3,9,
Expert_Survey_E09_MM.xlsx,E09_MM,1,15-19,3,Development,Database design,75,Web API,1 - Rare / avoidable,1,5 - Very difficult,5,5,
Expert_Survey_E09_MM.xlsx,E09_MM,1,15-19,3,Development,Fetching data,76,.NET,1 - Rare / avoidable,1,5 - Very difficult,5,5,
Expert_Survey_E09_MM.xlsx,E09_MM,1,15-19,3,Development,Fetching data,77,+Cloud-based Spreadsheets,4 - Frequent / important,4,2 - Easy,2,8,
Expert_Survey_E09_MM.xlsx,E09_MM,1,15-19,3,Development,Fetching data,78,+GUI Queries,4 - Frequent / important,4,2 - Easy,2,8,
Expert_Survey_E09_MM.xlsx,E09_MM,1,15-19,3,Development,Fetching data,79,+Human Language,4 - Frequent / important,4,2 - Easy,2,8,
Expert_Survey_E09_MM.xlsx,E09_MM,1,15-19,3,Development,Fetching data,80,+Integrated Data Sources,5 - Essential / continuous,5,2 - Easy,2,10,
Expert_Survey_E09_MM.xlsx,E09_MM,1,15-19,3,Development,Fetching data,81,Cloud Services,3 - Moderate / recurring,3,3 - Moderate,3,9,
Expert_Survey_E09_MM.xlsx,E09_MM,1,15-19,3,Development,Fetching data,82,Custom Query Language,1 - Rare / avoidable,1,5 - Very difficult,5,5,
Expert_Survey_E09_MM.xlsx,E09_MM,1,15-19,3,Development,Fetching data,83,Data Source Integration,3 - Moderate / recurring,3,3 - Moderate,3,9,
Expert_Survey_E09_MM.xlsx,E09_MM,1,15-19,3,Development,Fetching data,84,Formulas,4 - Frequent / important,4,3 - Moderate,3,12,
Expert_Survey_E09_MM.xlsx,E09_MM,1,15-19,3,Development,Fetching data,85,Local Storage,3 - Moderate / recurring,3,3 - Moderate,3,9,
Expert_Survey_E09_MM.xlsx,E09_MM,1,15-19,3,Development,Fetching data,86,OAuth,1 - Rare / avoidable,1,5 - Very difficult,5,5,
Expert_Survey_E09_MM.xlsx,E09_MM,1,15-19,3,Development,Fetching data,87,REST API,1 - Rare / avoidable,1,5 - Very difficult,5,5,
Expert_Survey_E09_MM.xlsx,E09_MM,1,15-19,3,Development,Fetching data,88,SDK,1 - Rare / avoidable,1,5 - Very difficult,5,5,
Expert_Survey_E09_MM.xlsx,E09_MM,1,15-19,3,Development,Fetching data,89,SQL,1 - Rare / avoidable,1,5 - Very difficult,5,5,
Expert_Survey_E09_MM.xlsx,E09_MM,1,15-19,3,Development,Fetching data,90,URL,1 - Rare / avoidable,1,4 - Difficult,4,4,
Expert_Survey_E09_MM.xlsx,E09_MM,1,15-19,3,Development,Fetching data,91,Web API,1 - Rare / avoidable,1,5 - Very difficult,5,5,
Expert_Survey_E09_MM.xlsx,E09_MM,1,15-19,3,Development,GUI design and development,92,+AI Support,4 - Frequent / important,4,2 - Easy,2,8,
Expert_Survey_E09_MM.xlsx,E09_MM,1,15-19,3,Development,GUI design and development,93,+Business Data Types,5 - Essential / continuous,5,2 - Easy,2,10,
Expert_Survey_E09_MM.xlsx,E09_MM,1,15-19,3,Development,GUI design and development,94,+Conditional Formatting,4 - Frequent / important,4,2 - Easy,2,8,
Expert_Survey_E09_MM.xlsx,E09_MM,1,15-19,3,Development,GUI design and development,95,+GUI Style Editor,4 - Frequent / important,4,1 - Very easy,1,4,
Expert_Survey_E09_MM.xlsx,E09_MM,1,15-19,3,Development,GUI design and development,96,+Templatized Formulas,4 - Frequent / important,4,2 - Easy,2,8,
Expert_Survey_E09_MM.xlsx,E09_MM,1,15-19,3,Development,GUI design and development,97,+UI Branding,4 - Frequent / important,4,2 - Easy,2,8,
Expert_Survey_E09_MM.xlsx,E09_MM,1,15-19,3,Development,GUI design and development,98,+View Types,5 - Essential / continuous,5,2 - Easy,2,10,
Expert_Survey_E09_MM.xlsx,E09_MM,1,15-19,3,Development,GUI design and development,99,+WYSIWYG,4 - Frequent / important,4,2 - Easy,2,8,
Expert_Survey_E09_MM.xlsx,E09_MM,1,15-19,3,Development,GUI design and development,100,CSS/SCSS,1 - Rare / avoidable,1,4 - Difficult,4,4,
Expert_Survey_E09_MM.xlsx,E09_MM,1,15-19,3,Development,GUI design and development,101,Event Propagation,3 - Moderate / recurring,3,3 - Moderate,3,9,
Expert_Survey_E09_MM.xlsx,E09_MM,1,15-19,3,Development,GUI design and development,102,Responsive Web Design,3 - Moderate / recurring,3,3 - Moderate,3,9,
Expert_Survey_E09_MM.xlsx,E09_MM,1,15-19,3,Development,GUI design and development,103,HTML,1 - Rare / avoidable,1,4 - Difficult,4,4,
Expert_Survey_E09_MM.xlsx,E09_MM,1,15-19,3,Development,GUI design and development,104,IT Data Types,3 - Moderate / recurring,3,3 - Moderate,3,9,
Expert_Survey_E09_MM.xlsx,E09_MM,1,15-19,3,Development,GUI design and development,105,JavaScript,1 - Rare / avoidable,1,5 - Very difficult,5,5,
Expert_Survey_E09_MM.xlsx,E09_MM,1,15-19,3,Development,GUI design and development,106,Master Detail,3 - Moderate / recurring,3,3 - Moderate,3,9,
Expert_Survey_E09_MM.xlsx,E09_MM,1,15-19,3,Development,GUI design and development,107,Programming Functions,4 - Frequent / important,4,3 - Moderate,3,12,
Expert_Survey_E09_MM.xlsx,E09_MM,1,15-19,3,Development,GUI design and development,108,Scripts,3 - Moderate / recurring,3,3 - Moderate,3,9,
Expert_Survey_E09_MM.xlsx,E09_MM,1,15-19,3,Development,GUI design and development,109,Snippets,3 - Moderate / recurring,3,3 - Moderate,3,9,
Expert_Survey_E09_MM.xlsx,E09_MM,1,15-19,3,Development,GUI design and development,110,Variables,4 - Frequent / important,4,3 - Moderate,3,12,
Expert_Survey_E09_MM.xlsx,E09_MM,1,15-19,3,Development,GUI design and development,111,XML,1 - Rare / avoidable,1,4 - Difficult,4,4,
Expert_Survey_E09_MM.xlsx,E09_MM,1,15-19,3,Development,Data validation development,112,+Business Rules,5 - Essential / continuous,5,2 - Easy,2,10,
Expert_Survey_E09_MM.xlsx,E09_MM,1,15-19,3,Development,Data validation development,113,+Column Expressions,4 - Frequent / important,4,2 - Easy,2,8,
Expert_Survey_E09_MM.xlsx,E09_MM,1,15-19,3,Development,Data validation development,114,Expressions,4 - Frequent / important,4,3 - Moderate,3,12,
Expert_Survey_E09_MM.xlsx,E09_MM,1,15-19,3,Development,Data validation development,115,Data Fields,3 - Moderate / recurring,3,3 - Moderate,3,9,
Expert_Survey_E09_MM.xlsx,E09_MM,1,15-19,3,Development,Data validation development,116,Domain Model,3 - Moderate / recurring,3,3 - Moderate,3,9,
Expert_Survey_E09_MM.xlsx,E09_MM,1,15-19,3,Development,Data validation development,117,Scripts,3 - Moderate / recurring,3,3 - Moderate,3,9,
Expert_Survey_E09_MM.xlsx,E09_MM,1,15-19,3,Development,Actions design and development,118,+AI Assisted Development,4 - Frequent / important,4,2 - Easy,2,8,
Expert_Survey_E09_MM.xlsx,E09_MM,1,15-19,3,Development,Actions design and development,119,+Automations,4 - Frequent / important,4,2 - Easy,2,8,
Expert_Survey_E09_MM.xlsx,E09_MM,1,15-19,3,Development,Actions design and development,120,+Built-in Connectors,4 - Frequent / important,4,2 - Easy,2,8,
Expert_Survey_E09_MM.xlsx,E09_MM,1,15-19,3,Development,Actions design and development,121,API,1 - Rare / avoidable,1,5 - Very difficult,5,5,
Expert_Survey_E09_MM.xlsx,E09_MM,1,15-19,3,Development,Actions design and development,122,Expressions,4 - Frequent / important,4,3 - Moderate,3,12,
Expert_Survey_E09_MM.xlsx,E09_MM,1,15-19,3,Development,Actions design and development,123,Functions,4 - Frequent / important,4,3 - Moderate,3,12,
Expert_Survey_E09_MM.xlsx,E09_MM,1,15-19,3,Development,Actions design and development,124,Java,1 - Rare / avoidable,1,5 - Very difficult,5,5,
Expert_Survey_E09_MM.xlsx,E09_MM,1,15-19,3,Development,Actions design and development,125,JavaScript,1 - Rare / avoidable,1,5 - Very difficult,5,5,
Expert_Survey_E09_MM.xlsx,E09_MM,1,15-19,3,Development,Actions design and development,126,Object Model,3 - Moderate / recurring,3,3 - Moderate,3,9,
Expert_Survey_E09_MM.xlsx,E09_MM,1,15-19,3,Development,Actions design and development,127,Scripts,3 - Moderate / recurring,3,3 - Moderate,3,9,
Expert_Survey_E09_MM.xlsx,E09_MM,1,15-19,3,Development,Actions design and development,128,SOAP,1 - Rare / avoidable,1,5 - Very difficult,5,5,
Expert_Survey_E09_MM.xlsx,E09_MM,1,15-19,3,Development,Programming,129,.NET,1 - Rare / avoidable,1,5 - Very difficult,5,5,
Expert_Survey_E09_MM.xlsx,E09_MM,1,15-19,3,Development,Programming,130,+Visual Programming,4 - Frequent / important,4,2 - Easy,2,8,
Expert_Survey_E09_MM.xlsx,E09_MM,1,15-19,3,Development,Programming,131,Expressions,4 - Frequent / important,4,3 - Moderate,3,12,
Expert_Survey_E09_MM.xlsx,E09_MM,1,15-19,3,Development,Programming,132,CLI,1 - Rare / avoidable,1,5 - Very difficult,5,5,
Expert_Survey_E09_MM.xlsx,E09_MM,1,15-19,3,Development,Programming,133,IT Data Types,3 - Moderate / recurring,3,3 - Moderate,3,9,
Expert_Survey_E09_MM.xlsx,E09_MM,1,15-19,3,Development,Programming,134,Eclipse,1 - Rare / avoidable,1,5 - Very difficult,5,5,
Expert_Survey_E09_MM.xlsx,E09_MM,1,15-19,3,Development,Programming,135,Emulators,1 - Rare / avoidable,1,5 - Very difficult,5,5,
Expert_Survey_E09_MM.xlsx,E09_MM,1,15-19,3,Development,Programming,136,Entity Types,3 - Moderate / recurring,3,3 - Moderate,3,9,
Expert_Survey_E09_MM.xlsx,E09_MM,1,15-19,3,Development,Programming,137,Enumerations,3 - Moderate / recurring,3,3 - Moderate,3,9,
Expert_Survey_E09_MM.xlsx,E09_MM,1,15-19,3,Development,Programming,138,Functions,4 - Frequent / important,4,3 - Moderate,3,12,
Expert_Survey_E09_MM.xlsx,E09_MM,1,15-19,3,Development,Programming,139,HTML,1 - Rare / avoidable,1,4 - Difficult,4,4,
Expert_Survey_E09_MM.xlsx,E09_MM,1,15-19,3,Development,Programming,140,SDK/IDE,1 - Rare / avoidable,1,5 - Very difficult,5,5,
Expert_Survey_E09_MM.xlsx,E09_MM,1,15-19,3,Development,Programming,141,Iteration Statements,3 - Moderate / recurring,3,3 - Moderate,3,9,
Expert_Survey_E09_MM.xlsx,E09_MM,1,15-19,3,Development,Programming,142,Java,1 - Rare / avoidable,1,5 - Very difficult,5,5,
Expert_Survey_E09_MM.xlsx,E09_MM,1,15-19,3,Development,Programming,143,Java API,1 - Rare / avoidable,1,5 - Very difficult,5,5,
Expert_Survey_E09_MM.xlsx,E09_MM,1,15-19,3,Development,Programming,144,JavaScript,1 - Rare / avoidable,1,5 - Very difficult,5,5,
Expert_Survey_E09_MM.xlsx,E09_MM,1,15-19,3,Development,Programming,145,JSON,3 - Moderate / recurring,3,3 - Moderate,3,9,
Expert_Survey_E09_MM.xlsx,E09_MM,1,15-19,3,Development,Programming,146,Markup Language,3 - Moderate / recurring,3,3 - Moderate,3,9,
Expert_Survey_E09_MM.xlsx,E09_MM,1,15-19,3,Development,Programming,147,Metadata,3 - Moderate / recurring,3,3 - Moderate,3,9,
Expert_Survey_E09_MM.xlsx,E09_MM,1,15-19,3,Development,Programming,148,Native Mobile App,3 - Moderate / recurring,3,3 - Moderate,3,9,
Expert_Survey_E09_MM.xlsx,E09_MM,1,15-19,3,Development,Programming,149,node.js,1 - Rare / avoidable,1,5 - Very difficult,5,5,
Expert_Survey_E09_MM.xlsx,E09_MM,1,15-19,3,Development,Programming,150,PWA,1 - Rare / avoidable,1,5 - Very difficult,5,5,
Expert_Survey_E09_MM.xlsx,E09_MM,1,15-19,3,Development,Programming,151,Query Functions,1 - Rare / avoidable,1,5 - Very difficult,5,5,
Expert_Survey_E09_MM.xlsx,E09_MM,1,15-19,3,Development,Programming,152,Scripts,3 - Moderate / recurring,3,3 - Moderate,3,9,
Expert_Survey_E09_MM.xlsx,E09_MM,1,15-19,3,Development,Programming,153,Snippets,3 - Moderate / recurring,3,3 - Moderate,3,9,
Expert_Survey_E09_MM.xlsx,E09_MM,1,15-19,3,Development,Programming,154,TypeScript,1 - Rare / avoidable,1,5 - Very difficult,5,5,
Expert_Survey_E09_MM.xlsx,E09_MM,1,15-19,3,Development,Programming,155,Web API,1 - Rare / avoidable,1,5 - Very difficult,5,5,
Expert_Survey_E09_MM.xlsx,E09_MM,1,15-19,3,Development,Programming,156,XML,1 - Rare / avoidable,1,4 - Difficult,4,4,
Expert_Survey_E09_MM.xlsx,E09_MM,1,15-19,3,Implementation,Runtime server installation,157,+Cloud Based Environment,4 - Frequent / important,4,2 - Easy,2,8,
Expert_Survey_E09_MM.xlsx,E09_MM,1,15-19,3,Implementation,Runtime server installation,158,API,1 - Rare / avoidable,1,5 - Very difficult,5,5,
Expert_Survey_E09_MM.xlsx,E09_MM,1,15-19,3,Implementation,Runtime server installation,159,Compiler Service,1 - Rare / avoidable,1,5 - Very difficult,5,5,
Expert_Survey_E09_MM.xlsx,E09_MM,1,15-19,3,Implementation,Runtime server installation,160,Database Synchronization,1 - Rare / avoidable,1,5 - Very difficult,5,5,
Expert_Survey_E09_MM.xlsx,E09_MM,1,15-19,3,Implementation,Runtime server installation,161,Deployment Controller Service,1 - Rare / avoidable,1,5 - Very difficult,5,5,
Expert_Survey_E09_MM.xlsx,E09_MM,1,15-19,3,Implementation,Runtime server installation,162,Email Server (SMTP),1 - Rare / avoidable,1,5 - Very difficult,5,5,
Expert_Survey_E09_MM.xlsx,E09_MM,1,15-19,3,Implementation,Runtime server installation,163,File Storage,1 - Rare / avoidable,1,5 - Very difficult,5,5,
Expert_Survey_E09_MM.xlsx,E09_MM,1,15-19,3,Implementation,Runtime server installation,164,HTTPS Server,1 - Rare / avoidable,1,5 - Very difficult,5,5,
Expert_Survey_E09_MM.xlsx,E09_MM,1,15-19,3,Implementation,Runtime server installation,165,Java,1 - Rare / avoidable,1,5 - Very difficult,5,5,
Expert_Survey_E09_MM.xlsx,E09_MM,1,15-19,3,Implementation,Runtime server installation,166,Load Balancing,1 - Rare / avoidable,1,5 - Very difficult,5,5,
Expert_Survey_E09_MM.xlsx,E09_MM,1,15-19,3,Implementation,Runtime server installation,167,Log Service,1 - Rare / avoidable,1,5 - Very difficult,5,5,
Expert_Survey_E09_MM.xlsx,E09_MM,1,15-19,3,Implementation,Runtime server installation,168,Mobile App,1 - Rare / avoidable,1,5 - Very difficult,5,5,
Expert_Survey_E09_MM.xlsx,E09_MM,1,15-19,3,Implementation,Runtime server installation,169,OQL,1 - Rare / avoidable,1,5 - Very difficult,5,5,
Expert_Survey_E09_MM.xlsx,E09_MM,1,15-19,3,Implementation,Runtime server installation,170,Proxy server,1 - Rare / avoidable,1,5 - Very difficult,5,5,
Expert_Survey_E09_MM.xlsx,E09_MM,1,15-19,3,Implementation,Runtime server installation,171,Relational Database,1 - Rare / avoidable,1,5 - Very difficult,5,5,
Expert_Survey_E09_MM.xlsx,E09_MM,1,15-19,3,Implementation,Runtime server installation,172,REST API,1 - Rare / avoidable,1,5 - Very difficult,5,5,
Expert_Survey_E09_MM.xlsx,E09_MM,1,15-19,3,Implementation,Runtime server installation,173,SAML Authentication,1 - Rare / avoidable,1,5 - Very difficult,5,5,
Expert_Survey_E09_MM.xlsx,E09_MM,1,15-19,3,Implementation,Runtime server installation,174,Scheduler Service,1 - Rare / avoidable,1,5 - Very difficult,5,5,
Expert_Survey_E09_MM.xlsx,E09_MM,1,15-19,3,Implementation,Runtime server installation,175,Shared Libraries,1 - Rare / avoidable,1,5 - Very difficult,5,5,
Expert_Survey_E09_MM.xlsx,E09_MM,1,15-19,3,Implementation,Runtime server installation,176,SOAP,1 - Rare / avoidable,1,5 - Very difficult,5,5,
Expert_Survey_E09_MM.xlsx,E09_MM,1,15-19,3,Implementation,Runtime server installation,177,SSL Certificates,1 - Rare / avoidable,1,5 - Very difficult,5,5,
Expert_Survey_E09_MM.xlsx,E09_MM,1,15-19,3,Implementation,Runtime server installation,178,Swagger,1 - Rare / avoidable,1,5 - Very difficult,5,5,
Expert_Survey_E09_MM.xlsx,E09_MM,1,15-19,3,Implementation,Runtime server installation,179,WSDL,1 - Rare / avoidable,1,5 - Very difficult,5,5,
Expert_Survey_E09_MM.xlsx,E09_MM,1,15-19,3,Implementation,Runtime server installation,180,XML/XPath,1 - Rare / avoidable,1,4 - Difficult,4,4,
Expert_Survey_E09_MM.xlsx,E09_MM,1,15-19,3,Implementation,Database installation,181,+Embedded Database,5 - Essential / continuous,5,2 - Easy,2,10,
Expert_Survey_E09_MM.xlsx,E09_MM,1,15-19,3,Implementation,Database installation,182,File Storage,1 - Rare / avoidable,1,5 - Very difficult,5,5,
Expert_Survey_E09_MM.xlsx,E09_MM,1,15-19,3,Implementation,Database installation,183,Relational Database,1 - Rare / avoidable,1,5 - Very difficult,5,5,
Expert_Survey_E09_MM.xlsx,E09_MM,1,15-19,3,Implementation,Database installation,184,REST API,1 - Rare / avoidable,1,5 - Very difficult,5,5,
Expert_Survey_E09_MM.xlsx,E09_MM,1,15-19,3,Implementation,Client module installation,185,.NET Framework,1 - Rare / avoidable,1,5 - Very difficult,5,5,
Expert_Survey_E09_MM.xlsx,E09_MM,1,15-19,3,Implementation,Client module installation,186,+Mobile App,4 - Frequent / important,4,2 - Easy,2,8,
Expert_Survey_E09_MM.xlsx,E09_MM,1,15-19,3,Implementation,Client module installation,187,+Web Browser,4 - Frequent / important,4,1 - Very easy,1,4,
Expert_Survey_E09_MM.xlsx,E09_MM,1,15-19,3,Implementation,Client module installation,188,API,1 - Rare / avoidable,1,5 - Very difficult,5,5,
Expert_Survey_E09_MM.xlsx,E09_MM,1,15-19,3,Implementation,Client module installation,189,Binaries,1 - Rare / avoidable,1,5 - Very difficult,5,5,
Expert_Survey_E09_MM.xlsx,E09_MM,1,15-19,3,Implementation,Client module installation,190,HTTPS Server,1 - Rare / avoidable,1,5 - Very difficult,5,5,
Expert_Survey_E09_MM.xlsx,E09_MM,1,15-19,3,Implementation,Client module installation,191,URL Configuration,1 - Rare / avoidable,1,4 - Difficult,4,4,
Expert_Survey_E09_MM.xlsx,E09_MM,1,15-19,3,Implementation,Client module installation,192,Web Services,1 - Rare / avoidable,1,5 - Very difficult,5,5,
Expert_Survey_E09_MM.xlsx,E09_MM,1,15-19,3,Implementation,Deployment,193,+App Gallery,4 - Frequent / important,4,1 - Very easy,1,4,
Expert_Survey_E09_MM.xlsx,E09_MM,1,15-19,3,Implementation,Deployment,194,+Software as a Service,4 - Frequent / important,4,2 - Easy,2,8,
Expert_Survey_E09_MM.xlsx,E09_MM,1,15-19,3,Implementation,Deployment,195,Application IDE,1 - Rare / avoidable,1,5 - Very difficult,5,5,
Expert_Survey_E09_MM.xlsx,E09_MM,1,15-19,3,Implementation,Deployment,196,CI/CD,1 - Rare / avoidable,1,5 - Very difficult,5,5,
Expert_Survey_E09_MM.xlsx,E09_MM,1,15-19,3,Implementation,Deployment,197,Cloud Computing,1 - Rare / avoidable,1,5 - Very difficult,5,5,
Expert_Survey_E09_MM.xlsx,E09_MM,1,15-19,3,Implementation,Deployment,198,Cloud Services,1 - Rare / avoidable,1,5 - Very difficult,5,5,
Expert_Survey_E09_MM.xlsx,E09_MM,1,15-19,3,Implementation,Deployment,199,Docker,1 - Rare / avoidable,1,5 - Very difficult,5,5,
Expert_Survey_E09_MM.xlsx,E09_MM,1,15-19,3,Implementation,Deployment,200,Import/Export,1 - Rare / avoidable,1,5 - Very difficult,5,5,
Expert_Survey_E09_MM.xlsx,E09_MM,1,15-19,3,Implementation,Deployment,201,Kubernetes,1 - Rare / avoidable,1,5 - Very difficult,5,5,
Expert_Survey_E09_MM.xlsx,E09_MM,1,15-19,3,Implementation,Deployment,202,On-Premise,1 - Rare / avoidable,1,5 - Very difficult,5,5,
Expert_Survey_E09_MM.xlsx,E09_MM,1,15-19,3,Implementation,Deployment,203,On-premises Data Gateway,1 - Rare / avoidable,1,5 - Very difficult,5,5,
Expert_Survey_E09_MM.xlsx,E09_MM,1,15-19,3,Implementation,Deployment,204,REST API,1 - Rare / avoidable,1,5 - Very difficult,5,5,
Expert_Survey_E09_MM.xlsx,E09_MM,1,15-19,3,Implementation,Deployment,205,Scripts,1 - Rare / avoidable,1,5 - Very difficult,5,5,
Expert_Survey_E09_MM.xlsx,E09_MM,1,15-19,3,Implementation,Deployment,206,SOAP,1 - Rare / avoidable,1,5 - Very difficult,5,5,
Expert_Survey_E09_MM.xlsx,E09_MM,1,15-19,3,Implementation,Version control,207,Code Repository Concept,3 - Moderate / recurring,3,3 - Moderate,3,9,
Expert_Survey_E09_MM.xlsx,E09_MM,1,15-19,3,Implementation,Version control,208,Custom Version Control,3 - Moderate / recurring,3,3 - Moderate,3,9,
Expert_Survey_E09_MM.xlsx,E09_MM,1,15-19,3,Implementation,Version control,209,Git,1 - Rare / avoidable,1,5 - Very difficult,5,5,
Expert_Survey_E10_MW.xlsx,E10_MW,1,10-14,3,Design,Workflow model,1,+BPMN Process Model,5 - Essential / continuous,5,2 - Easy,2,10,
Expert_Survey_E10_MW.xlsx,E10_MW,1,10-14,3,Design,Workflow model,2,Custom Process Model,4 - Frequent / important,4,3 - Moderate,3,12,Usage Intensity
Expert_Survey_E10_MW.xlsx,E10_MW,1,10-14,3,Design,Database model,3,+Business Data Types,5 - Essential / continuous,5,2 - Easy,2,10,1 - Rare / avoidable
Expert_Survey_E10_MW.xlsx,E10_MW,1,10-14,3,Design,Database model,4,+Form-based Data,5 - Essential / continuous,5,2 - Easy,2,10,2 - Occasional / peripheral
Expert_Survey_E10_MW.xlsx,E10_MW,1,10-14,3,Design,Database model,5,+Item-Detail,5 - Essential / continuous,5,2 - Easy,2,10,3 - Moderate / recurring
Expert_Survey_E10_MW.xlsx,E10_MW,1,10-14,3,Design,Database model,6,+Lookup/Drop-down,5 - Essential / continuous,5,2 - Easy,2,10,4 - Frequent / important
Expert_Survey_E10_MW.xlsx,E10_MW,1,10-14,3,Design,Database model,7,+Predefined Entities,5 - Essential / continuous,5,2 - Easy,2,10,5 - Essential / continuous
Expert_Survey_E10_MW.xlsx,E10_MW,1,10-14,3,Design,Database model,8,Domain Model,4 - Frequent / important,4,3 - Moderate,3,12,
Expert_Survey_E10_MW.xlsx,E10_MW,1,10-14,3,Design,Database model,9,Conditional Expressions,4 - Frequent / important,4,3 - Moderate,3,12,Difficulty of Acquisition
Expert_Survey_E10_MW.xlsx,E10_MW,1,10-14,3,Design,Database model,10,Constraints,4 - Frequent / important,4,3 - Moderate,3,12,1 - Very easy
Expert_Survey_E10_MW.xlsx,E10_MW,1,10-14,3,Design,Database model,11,Data Structure,4 - Frequent / important,4,3 - Moderate,3,12,2 - Easy
Expert_Survey_E10_MW.xlsx,E10_MW,1,10-14,3,Design,Database model,12,IT Data Types,4 - Frequent / important,4,3 - Moderate,3,12,3 - Moderate
Expert_Survey_E10_MW.xlsx,E10_MW,1,10-14,3,Design,Database model,13,Denormalization,4 - Frequent / important,4,3 - Moderate,3,12,4 - Difficult
Expert_Survey_E10_MW.xlsx,E10_MW,1,10-14,3,Design,Database model,14,Entity Diagrams,4 - Frequent / important,4,3 - Moderate,3,12,5 - Very difficult
Expert_Survey_E10_MW.xlsx,E10_MW,1,10-14,3,Design,Database model,15,Enumerations,3 - Moderate / recurring,3,3 - Moderate,3,9,
Expert_Survey_E10_MW.xlsx,E10_MW,1,10-14,3,Design,Database model,16,Expressions,4 - Frequent / important,4,3 - Moderate,3,12,Instruction
Expert_Survey_E10_MW.xlsx,E10_MW,1,10-14,3,Design,Database model,17,Relational Database,4 - Frequent / important,4,3 - Moderate,3,12,
Expert_Survey_E10_MW.xlsx,E10_MW,1,10-14,3,Design,Database model,18,XML/XPath,2 - Occasional / peripheral,2,5 - Very difficult,5,10,
Expert_Survey_E10_MW.xlsx,E10_MW,1,10-14,3,Design,UI model,19,+App templates,5 - Essential / continuous,5,2 - Easy,2,10,
Expert_Survey_E10_MW.xlsx,E10_MW,1,10-14,3,Design,UI model,20,+Business Data Types,5 - Essential / continuous,5,2 - Easy,2,10,
Expert_Survey_E10_MW.xlsx,E10_MW,1,10-14,3,Design,UI model,21,+Screen Templates,5 - Essential / continuous,5,2 - Easy,2,10,
Expert_Survey_E10_MW.xlsx,E10_MW,1,10-14,3,Design,UI model,22,+UI Branding,5 - Essential / continuous,5,2 - Easy,2,10,
Expert_Survey_E10_MW.xlsx,E10_MW,1,10-14,3,Design,UI model,23,+View Types,5 - Essential / continuous,5,2 - Easy,2,10,
Expert_Survey_E10_MW.xlsx,E10_MW,1,10-14,3,Design,UI model,24,Expressions,4 - Frequent / important,4,3 - Moderate,3,12,
Expert_Survey_E10_MW.xlsx,E10_MW,1,10-14,3,Design,UI model,25,IT Data Types,4 - Frequent / important,4,3 - Moderate,3,12,
Expert_Survey_E10_MW.xlsx,E10_MW,1,10-14,3,Design,UI model,26,Functions,3 - Moderate / recurring,3,3 - Moderate,3,9,
Expert_Survey_E10_MW.xlsx,E10_MW,1,10-14,3,Design,UI model,27,Model-driven Apps,4 - Frequent / important,4,3 - Moderate,3,12,
Expert_Survey_E10_MW.xlsx,E10_MW,1,10-14,3,Design,UI model,28,Reactive Web App,3 - Moderate / recurring,3,3 - Moderate,3,9,
Expert_Survey_E10_MW.xlsx,E10_MW,1,10-14,3,Design,UI model,29,Responsive Web Design,5 - Essential / continuous,5,2 - Easy,2,10,
Expert_Survey_E10_MW.xlsx,E10_MW,1,10-14,3,Design,UI model,30,Variables,3 - Moderate / recurring,3,3 - Moderate,3,9,
Expert_Survey_E10_MW.xlsx,E10_MW,1,10-14,3,Design,Validations,31,+Business Rules,5 - Essential / continuous,5,2 - Easy,2,10,
Expert_Survey_E10_MW.xlsx,E10_MW,1,10-14,3,Design,Validations,32,+Lookup/Drop-down,5 - Essential / continuous,5,2 - Easy,2,10,
Expert_Survey_E10_MW.xlsx,E10_MW,1,10-14,3,Design,Validations,33,Expressions,4 - Frequent / important,4,3 - Moderate,3,12,
Expert_Survey_E10_MW.xlsx,E10_MW,1,10-14,3,Design,Validations,34,Enumerations,3 - Moderate / recurring,3,3 - Moderate,3,9,
Expert_Survey_E10_MW.xlsx,E10_MW,1,10-14,3,Design,Validations,35,JavaScript,2 - Occasional / peripheral,2,5 - Very difficult,5,10,
Expert_Survey_E10_MW.xlsx,E10_MW,1,10-14,3,Design,Validations,36,Scripts,2 - Occasional / peripheral,2,5 - Very difficult,5,10,
Expert_Survey_E10_MW.xlsx,E10_MW,1,10-14,3,Design,Validations,37,Transactions,3 - Moderate / recurring,3,3 - Moderate,3,9,
Expert_Survey_E10_MW.xlsx,E10_MW,1,10-14,3,Design,Application logic,38,+Actions,5 - Essential / continuous,5,2 - Easy,2,10,
Expert_Survey_E10_MW.xlsx,E10_MW,1,10-14,3,Design,Application logic,39,+Graphical actions,5 - Essential / continuous,5,2 - Easy,2,10,
Expert_Survey_E10_MW.xlsx,E10_MW,1,10-14,3,Design,Application logic,40,+NLP,5 - Essential / continuous,5,2 - Easy,2,10,
Expert_Survey_E10_MW.xlsx,E10_MW,1,10-14,3,Design,Application logic,41,+Custom Language,5 - Essential / continuous,5,2 - Easy,2,10,
Expert_Survey_E10_MW.xlsx,E10_MW,1,10-14,3,Design,Application logic,42,+Predefined Tasks,5 - Essential / continuous,5,2 - Easy,2,10,
Expert_Survey_E10_MW.xlsx,E10_MW,1,10-14,3,Design,Application logic,43,UML,3 - Moderate / recurring,3,3 - Moderate,3,9,
Expert_Survey_E10_MW.xlsx,E10_MW,1,10-14,3,Design,Application logic,44,Algorithms,3 - Moderate / recurring,3,3 - Moderate,3,9,
Expert_Survey_E10_MW.xlsx,E10_MW,1,10-14,3,Design,Application logic,45,Expressions,4 - Frequent / important,4,3 - Moderate,3,12,
Expert_Survey_E10_MW.xlsx,E10_MW,1,10-14,3,Design,Application logic,46,Control Structures,4 - Frequent / important,4,3 - Moderate,3,12,
Expert_Survey_E10_MW.xlsx,E10_MW,1,10-14,3,Design,Application logic,47,IT Data Types,4 - Frequent / important,4,3 - Moderate,3,12,
Expert_Survey_E10_MW.xlsx,E10_MW,1,10-14,3,Design,Application logic,48,Events,3 - Moderate / recurring,3,3 - Moderate,3,9,
Expert_Survey_E10_MW.xlsx,E10_MW,1,10-14,3,Design,Application logic,49,Formulas,5 - Essential / continuous,5,2 - Easy,2,10,
Expert_Survey_E10_MW.xlsx,E10_MW,1,10-14,3,Design,Application logic,50,Functions,3 - Moderate / recurring,3,3 - Moderate,3,9,
Expert_Survey_E10_MW.xlsx,E10_MW,1,10-14,3,Design,Application logic,51,Java,2 - Occasional / peripheral,2,5 - Very difficult,5,10,
Expert_Survey_E10_MW.xlsx,E10_MW,1,10-14,3,Design,Application logic,52,JavaScript,2 - Occasional / peripheral,2,5 - Very difficult,5,10,
Expert_Survey_E10_MW.xlsx,E10_MW,1,10-14,3,Design,Application logic,53,Microservices,3 - Moderate / recurring,3,3 - Moderate,3,9,
Expert_Survey_E10_MW.xlsx,E10_MW,1,10-14,3,Design,Application logic,54,SQL,2 - Occasional / peripheral,2,5 - Very difficult,5,10,
Expert_Survey_E10_MW.xlsx,E10_MW,1,10-14,3,Design,Application logic,55,Variables,3 - Moderate / recurring,3,3 - Moderate,3,9,
Expert_Survey_E10_MW.xlsx,E10_MW,1,10-14,3,Development,Workflow design and development,56,+BPMN Process Model,5 - Essential / continuous,5,2 - Easy,2,10,
Expert_Survey_E10_MW.xlsx,E10_MW,1,10-14,3,Development,Workflow design and development,57,Expressions,4 - Frequent / important,4,3 - Moderate,3,12,
Expert_Survey_E10_MW.xlsx,E10_MW,1,10-14,3,Development,Workflow design and development,58,Custom Process Model,4 - Frequent / important,4,3 - Moderate,3,12,
Expert_Survey_E10_MW.xlsx,E10_MW,1,10-14,3,Development,Workflow design and development,59,Events,3 - Moderate / recurring,3,3 - Moderate,3,9,
Expert_Survey_E10_MW.xlsx,E10_MW,1,10-14,3,Development,Workflow design and development,60,Java API,2 - Occasional / peripheral,2,5 - Very difficult,5,10,
Expert_Survey_E10_MW.xlsx,E10_MW,1,10-14,3,Development,Workflow design and development,61,JavaScript,2 - Occasional / peripheral,2,5 - Very difficult,5,10,
Expert_Survey_E10_MW.xlsx,E10_MW,1,10-14,3,Development,Workflow design and development,62,REST API,2 - Occasional / peripheral,2,5 - Very difficult,5,10,
Expert_Survey_E10_MW.xlsx,E10_MW,1,10-14,3,Development,Workflow design and development,63,Triggers,3 - Moderate / recurring,3,3 - Moderate,3,9,
Expert_Survey_E10_MW.xlsx,E10_MW,1,10-14,3,Development,Database design,64,+Business Data Types,5 - Essential / continuous,5,2 - Easy,2,10,
Expert_Survey_E10_MW.xlsx,E10_MW,1,10-14,3,Development,Database design,65,+Custom Database Model,5 - Essential / continuous,5,2 - Easy,2,10,
Expert_Survey_E10_MW.xlsx,E10_MW,1,10-14,3,Development,Database design,66,+References,5 - Essential / continuous,5,2 - Easy,2,10,
Expert_Survey_E10_MW.xlsx,E10_MW,1,10-14,3,Development,Database design,67,+Slices,5 - Essential / continuous,5,2 - Easy,2,10,
Expert_Survey_E10_MW.xlsx,E10_MW,1,10-14,3,Development,Database design,68,Actions,3 - Moderate / recurring,3,3 - Moderate,3,9,
Expert_Survey_E10_MW.xlsx,E10_MW,1,10-14,3,Development,Database design,69,Expressions,4 - Frequent / important,4,3 - Moderate,3,12,
Expert_Survey_E10_MW.xlsx,E10_MW,1,10-14,3,Development,Database design,70,Relational Database,4 - Frequent / important,4,3 - Moderate,3,12,
Expert_Survey_E10_MW.xlsx,E10_MW,1,10-14,3,Development,Database design,71,Entity Diagrams,4 - Frequent / important,4,3 - Moderate,3,12,
Expert_Survey_E10_MW.xlsx,E10_MW,1,10-14,3,Development,Database design,72,Functions,3 - Moderate / recurring,3,3 - Moderate,3,9,
Expert_Survey_E10_MW.xlsx,E10_MW,1,10-14,3,Development,Database design,73,SQL,2 - Occasional / peripheral,2,5 - Very difficult,5,10,
Expert_Survey_E10_MW.xlsx,E10_MW,1,10-14,3,Development,Database design,74,IT Data Types,4 - Frequent / important,4,3 - Moderate,3,12,
Expert_Survey_E10_MW.xlsx,E10_MW,1,10-14,3,Development,Database design,75,Web API,2 - Occasional / peripheral,2,5 - Very difficult,5,10,
Expert_Survey_E10_MW.xlsx,E10_MW,1,10-14,3,Development,Fetching data,76,.NET,2 - Occasional / peripheral,2,5 - Very difficult,5,10,
Expert_Survey_E10_MW.xlsx,E10_MW,1,10-14,3,Development,Fetching data,77,+Cloud-based Spreadsheets,5 - Essential / continuous,5,2 - Easy,2,10,
Expert_Survey_E10_MW.xlsx,E10_MW,1,10-14,3,Development,Fetching data,78,+GUI Queries,5 - Essential / continuous,5,2 - Easy,2,10,
Expert_Survey_E10_MW.xlsx,E10_MW,1,10-14,3,Development,Fetching data,79,+Human Language,5 - Essential / continuous,5,2 - Easy,2,10,
Expert_Survey_E10_MW.xlsx,E10_MW,1,10-14,3,Development,Fetching data,80,+Integrated Data Sources,5 - Essential / continuous,5,2 - Easy,2,10,
Expert_Survey_E10_MW.xlsx,E10_MW,1,10-14,3,Development,Fetching data,81,Cloud Services,3 - Moderate / recurring,3,3 - Moderate,3,9,
Expert_Survey_E10_MW.xlsx,E10_MW,1,10-14,3,Development,Fetching data,82,Custom Query Language,4 - Frequent / important,4,3 - Moderate,3,12,
Expert_Survey_E10_MW.xlsx,E10_MW,1,10-14,3,Development,Fetching data,83,Data Source Integration,3 - Moderate / recurring,3,3 - Moderate,3,9,
Expert_Survey_E10_MW.xlsx,E10_MW,1,10-14,3,Development,Fetching data,84,Formulas,5 - Essential / continuous,5,2 - Easy,2,10,
Expert_Survey_E10_MW.xlsx,E10_MW,1,10-14,3,Development,Fetching data,85,Local Storage,3 - Moderate / recurring,3,3 - Moderate,3,9,
Expert_Survey_E10_MW.xlsx,E10_MW,1,10-14,3,Development,Fetching data,86,OAuth,3 - Moderate / recurring,3,3 - Moderate,3,9,
Expert_Survey_E10_MW.xlsx,E10_MW,1,10-14,3,Development,Fetching data,87,REST API,2 - Occasional / peripheral,2,5 - Very difficult,5,10,
Expert_Survey_E10_MW.xlsx,E10_MW,1,10-14,3,Development,Fetching data,88,SDK,3 - Moderate / recurring,3,3 - Moderate,3,9,
Expert_Survey_E10_MW.xlsx,E10_MW,1,10-14,3,Development,Fetching data,89,SQL,2 - Occasional / peripheral,2,5 - Very difficult,5,10,
Expert_Survey_E10_MW.xlsx,E10_MW,1,10-14,3,Development,Fetching data,90,URL,3 - Moderate / recurring,3,3 - Moderate,3,9,
Expert_Survey_E10_MW.xlsx,E10_MW,1,10-14,3,Development,Fetching data,91,Web API,2 - Occasional / peripheral,2,5 - Very difficult,5,10,
Expert_Survey_E10_MW.xlsx,E10_MW,1,10-14,3,Development,GUI design and development,92,+AI Support,5 - Essential / continuous,5,2 - Easy,2,10,
Expert_Survey_E10_MW.xlsx,E10_MW,1,10-14,3,Development,GUI design and development,93,+Business Data Types,5 - Essential / continuous,5,2 - Easy,2,10,
Expert_Survey_E10_MW.xlsx,E10_MW,1,10-14,3,Development,GUI design and development,94,+Conditional Formatting,5 - Essential / continuous,5,2 - Easy,2,10,
Expert_Survey_E10_MW.xlsx,E10_MW,1,10-14,3,Development,GUI design and development,95,+GUI Style Editor,5 - Essential / continuous,5,2 - Easy,2,10,
Expert_Survey_E10_MW.xlsx,E10_MW,1,10-14,3,Development,GUI design and development,96,+Templatized Formulas,5 - Essential / continuous,5,2 - Easy,2,10,
Expert_Survey_E10_MW.xlsx,E10_MW,1,10-14,3,Development,GUI design and development,97,+UI Branding,5 - Essential / continuous,5,2 - Easy,2,10,
Expert_Survey_E10_MW.xlsx,E10_MW,1,10-14,3,Development,GUI design and development,98,+View Types,5 - Essential / continuous,5,2 - Easy,2,10,
Expert_Survey_E10_MW.xlsx,E10_MW,1,10-14,3,Development,GUI design and development,99,+WYSIWYG,5 - Essential / continuous,5,2 - Easy,2,10,
Expert_Survey_E10_MW.xlsx,E10_MW,1,10-14,3,Development,GUI design and development,100,CSS/SCSS,2 - Occasional / peripheral,2,5 - Very difficult,5,10,
Expert_Survey_E10_MW.xlsx,E10_MW,1,10-14,3,Development,GUI design and development,101,Event Propagation,3 - Moderate / recurring,3,3 - Moderate,3,9,
Expert_Survey_E10_MW.xlsx,E10_MW,1,10-14,3,Development,GUI design and development,102,Responsive Web Design,5 - Essential / continuous,5,2 - Easy,2,10,
Expert_Survey_E10_MW.xlsx,E10_MW,1,10-14,3,Development,GUI design and development,103,HTML,2 - Occasional / peripheral,2,5 - Very difficult,5,10,
Expert_Survey_E10_MW.xlsx,E10_MW,1,10-14,3,Development,GUI design and development,104,IT Data Types,4 - Frequent / important,4,3 - Moderate,3,12,
Expert_Survey_E10_MW.xlsx,E10_MW,1,10-14,3,Development,GUI design and development,105,JavaScript,2 - Occasional / peripheral,2,5 - Very difficult,5,10,
Expert_Survey_E10_MW.xlsx,E10_MW,1,10-14,3,Development,GUI design and development,106,Master Detail,3 - Moderate / recurring,3,3 - Moderate,3,9,
Expert_Survey_E10_MW.xlsx,E10_MW,1,10-14,3,Development,GUI design and development,107,Programming Functions,3 - Moderate / recurring,3,3 - Moderate,3,9,
Expert_Survey_E10_MW.xlsx,E10_MW,1,10-14,3,Development,GUI design and development,108,Scripts,2 - Occasional / peripheral,2,5 - Very difficult,5,10,
Expert_Survey_E10_MW.xlsx,E10_MW,1,10-14,3,Development,GUI design and development,109,Snippets,3 - Moderate / recurring,3,3 - Moderate,3,9,
Expert_Survey_E10_MW.xlsx,E10_MW,1,10-14,3,Development,GUI design and development,110,Variables,3 - Moderate / recurring,3,3 - Moderate,3,9,
Expert_Survey_E10_MW.xlsx,E10_MW,1,10-14,3,Development,GUI design and development,111,XML,2 - Occasional / peripheral,2,5 - Very difficult,5,10,
Expert_Survey_E10_MW.xlsx,E10_MW,1,10-14,3,Development,Data validation development,112,+Business Rules,5 - Essential / continuous,5,2 - Easy,2,10,
Expert_Survey_E10_MW.xlsx,E10_MW,1,10-14,3,Development,Data validation development,113,+Column Expressions,5 - Essential / continuous,5,2 - Easy,2,10,
Expert_Survey_E10_MW.xlsx,E10_MW,1,10-14,3,Development,Data validation development,114,Expressions,4 - Frequent / important,4,3 - Moderate,3,12,
Expert_Survey_E10_MW.xlsx,E10_MW,1,10-14,3,Development,Data validation development,115,Data Fields,3 - Moderate / recurring,3,3 - Moderate,3,9,
Expert_Survey_E10_MW.xlsx,E10_MW,1,10-14,3,Development,Data validation development,116,Domain Model,4 - Frequent / important,4,3 - Moderate,3,12,
Expert_Survey_E10_MW.xlsx,E10_MW,1,10-14,3,Development,Data validation development,117,Scripts,2 - Occasional / peripheral,2,5 - Very difficult,5,10,
Expert_Survey_E10_MW.xlsx,E10_MW,1,10-14,3,Development,Actions design and development,118,+AI Assisted Development,5 - Essential / continuous,5,2 - Easy,2,10,
Expert_Survey_E10_MW.xlsx,E10_MW,1,10-14,3,Development,Actions design and development,119,+Automations,5 - Essential / continuous,5,2 - Easy,2,10,
Expert_Survey_E10_MW.xlsx,E10_MW,1,10-14,3,Development,Actions design and development,120,+Built-in Connectors,5 - Essential / continuous,5,2 - Easy,2,10,
Expert_Survey_E10_MW.xlsx,E10_MW,1,10-14,3,Development,Actions design and development,121,API,2 - Occasional / peripheral,2,5 - Very difficult,5,10,
Expert_Survey_E10_MW.xlsx,E10_MW,1,10-14,3,Development,Actions design and development,122,Expressions,4 - Frequent / important,4,3 - Moderate,3,12,
Expert_Survey_E10_MW.xlsx,E10_MW,1,10-14,3,Development,Actions design and development,123,Functions,3 - Moderate / recurring,3,3 - Moderate,3,9,
Expert_Survey_E10_MW.xlsx,E10_MW,1,10-14,3,Development,Actions design and development,124,Java,2 - Occasional / peripheral,2,5 - Very difficult,5,10,
Expert_Survey_E10_MW.xlsx,E10_MW,1,10-14,3,Development,Actions design and development,125,JavaScript,2 - Occasional / peripheral,2,5 - Very difficult,5,10,
Expert_Survey_E10_MW.xlsx,E10_MW,1,10-14,3,Development,Actions design and development,126,Object Model,4 - Frequent / important,4,3 - Moderate,3,12,
Expert_Survey_E10_MW.xlsx,E10_MW,1,10-14,3,Development,Actions design and development,127,Scripts,2 - Occasional / peripheral,2,5 - Very difficult,5,10,
Expert_Survey_E10_MW.xlsx,E10_MW,1,10-14,3,Development,Actions design and development,128,SOAP,2 - Occasional / peripheral,2,5 - Very difficult,5,10,
Expert_Survey_E10_MW.xlsx,E10_MW,1,10-14,3,Development,Programming,129,.NET,2 - Occasional / peripheral,2,5 - Very difficult,5,10,
Expert_Survey_E10_MW.xlsx,E10_MW,1,10-14,3,Development,Programming,130,+Visual Programming,5 - Essential / continuous,5,2 - Easy,2,10,
Expert_Survey_E10_MW.xlsx,E10_MW,1,10-14,3,Development,Programming,131,Expressions,4 - Frequent / important,4,3 - Moderate,3,12,
Expert_Survey_E10_MW.xlsx,E10_MW,1,10-14,3,Development,Programming,132,CLI,3 - Moderate / recurring,3,3 - Moderate,3,9,
Expert_Survey_E10_MW.xlsx,E10_MW,1,10-14,3,Development,Programming,133,IT Data Types,4 - Frequent / important,4,3 - Moderate,3,12,
Expert_Survey_E10_MW.xlsx,E10_MW,1,10-14,3,Development,Programming,134,Eclipse,3 - Moderate / recurring,3,3 - Moderate,3,9,
Expert_Survey_E10_MW.xlsx,E10_MW,1,10-14,3,Development,Programming,135,Emulators,3 - Moderate / recurring,3,3 - Moderate,3,9,
Expert_Survey_E10_MW.xlsx,E10_MW,1,10-14,3,Development,Programming,136,Entity Types,4 - Frequent / important,4,3 - Moderate,3,12,
Expert_Survey_E10_MW.xlsx,E10_MW,1,10-14,3,Development,Programming,137,Enumerations,3 - Moderate / recurring,3,3 - Moderate,3,9,
Expert_Survey_E10_MW.xlsx,E10_MW,1,10-14,3,Development,Programming,138,Functions,3 - Moderate / recurring,3,3 - Moderate,3,9,
Expert_Survey_E10_MW.xlsx,E10_MW,1,10-14,3,Development,Programming,139,HTML,2 - Occasional / peripheral,2,5 - Very difficult,5,10,
Expert_Survey_E10_MW.xlsx,E10_MW,1,10-14,3,Development,Programming,140,SDK/IDE,3 - Moderate / recurring,3,3 - Moderate,3,9,
Expert_Survey_E10_MW.xlsx,E10_MW,1,10-14,3,Development,Programming,141,Iteration Statements,3 - Moderate / recurring,3,3 - Moderate,3,9,
Expert_Survey_E10_MW.xlsx,E10_MW,1,10-14,3,Development,Programming,142,Java,2 - Occasional / peripheral,2,5 - Very difficult,5,10,
Expert_Survey_E10_MW.xlsx,E10_MW,1,10-14,3,Development,Programming,143,Java API,2 - Occasional / peripheral,2,5 - Very difficult,5,10,
Expert_Survey_E10_MW.xlsx,E10_MW,1,10-14,3,Development,Programming,144,JavaScript,2 - Occasional / peripheral,2,5 - Very difficult,5,10,
Expert_Survey_E10_MW.xlsx,E10_MW,1,10-14,3,Development,Programming,145,JSON,2 - Occasional / peripheral,2,5 - Very difficult,5,10,
Expert_Survey_E10_MW.xlsx,E10_MW,1,10-14,3,Development,Programming,146,Markup Language,3 - Moderate / recurring,3,3 - Moderate,3,9,
Expert_Survey_E10_MW.xlsx,E10_MW,1,10-14,3,Development,Programming,147,Metadata,3 - Moderate / recurring,3,3 - Moderate,3,9,
Expert_Survey_E10_MW.xlsx,E10_MW,1,10-14,3,Development,Programming,148,Native Mobile App,3 - Moderate / recurring,3,3 - Moderate,3,9,
Expert_Survey_E10_MW.xlsx,E10_MW,1,10-14,3,Development,Programming,149,node.js,3 - Moderate / recurring,3,3 - Moderate,3,9,
Expert_Survey_E10_MW.xlsx,E10_MW,1,10-14,3,Development,Programming,150,PWA,3 - Moderate / recurring,3,3 - Moderate,3,9,
Expert_Survey_E10_MW.xlsx,E10_MW,1,10-14,3,Development,Programming,151,Query Functions,4 - Frequent / important,4,3 - Moderate,3,12,
Expert_Survey_E10_MW.xlsx,E10_MW,1,10-14,3,Development,Programming,152,Scripts,2 - Occasional / peripheral,2,5 - Very difficult,5,10,
Expert_Survey_E10_MW.xlsx,E10_MW,1,10-14,3,Development,Programming,153,Snippets,3 - Moderate / recurring,3,3 - Moderate,3,9,
Expert_Survey_E10_MW.xlsx,E10_MW,1,10-14,3,Development,Programming,154,TypeScript,2 - Occasional / peripheral,2,5 - Very difficult,5,10,
Expert_Survey_E10_MW.xlsx,E10_MW,1,10-14,3,Development,Programming,155,Web API,2 - Occasional / peripheral,2,5 - Very difficult,5,10,
Expert_Survey_E10_MW.xlsx,E10_MW,1,10-14,3,Development,Programming,156,XML,2 - Occasional / peripheral,2,5 - Very difficult,5,10,
Expert_Survey_E10_MW.xlsx,E10_MW,1,10-14,3,Implementation,Runtime server installation,157,+Cloud Based Environment,5 - Essential / continuous,5,2 - Easy,2,10,
Expert_Survey_E10_MW.xlsx,E10_MW,1,10-14,3,Implementation,Runtime server installation,158,API,2 - Occasional / peripheral,2,5 - Very difficult,5,10,
Expert_Survey_E10_MW.xlsx,E10_MW,1,10-14,3,Implementation,Runtime server installation,159,Compiler Service,3 - Moderate / recurring,3,3 - Moderate,3,9,
Expert_Survey_E10_MW.xlsx,E10_MW,1,10-14,3,Implementation,Runtime server installation,160,Database Synchronization,4 - Frequent / important,4,3 - Moderate,3,12,
Expert_Survey_E10_MW.xlsx,E10_MW,1,10-14,3,Implementation,Runtime server installation,161,Deployment Controller Service,3 - Moderate / recurring,3,3 - Moderate,3,9,
Expert_Survey_E10_MW.xlsx,E10_MW,1,10-14,3,Implementation,Runtime server installation,162,Email Server (SMTP),3 - Moderate / recurring,3,3 - Moderate,3,9,
Expert_Survey_E10_MW.xlsx,E10_MW,1,10-14,3,Implementation,Runtime server installation,163,File Storage,3 - Moderate / recurring,3,3 - Moderate,3,9,
Expert_Survey_E10_MW.xlsx,E10_MW,1,10-14,3,Implementation,Runtime server installation,164,HTTPS Server,3 - Moderate / recurring,3,3 - Moderate,3,9,
Expert_Survey_E10_MW.xlsx,E10_MW,1,10-14,3,Implementation,Runtime server installation,165,Java,2 - Occasional / peripheral,2,5 - Very difficult,5,10,
Expert_Survey_E10_MW.xlsx,E10_MW,1,10-14,3,Implementation,Runtime server installation,166,Load Balancing,3 - Moderate / recurring,3,3 - Moderate,3,9,
Expert_Survey_E10_MW.xlsx,E10_MW,1,10-14,3,Implementation,Runtime server installation,167,Log Service,3 - Moderate / recurring,3,3 - Moderate,3,9,
Expert_Survey_E10_MW.xlsx,E10_MW,1,10-14,3,Implementation,Runtime server installation,168,Mobile App,3 - Moderate / recurring,3,3 - Moderate,3,9,
Expert_Survey_E10_MW.xlsx,E10_MW,1,10-14,3,Implementation,Runtime server installation,169,OQL,3 - Moderate / recurring,3,3 - Moderate,3,9,
Expert_Survey_E10_MW.xlsx,E10_MW,1,10-14,3,Implementation,Runtime server installation,170,Proxy server,3 - Moderate / recurring,3,3 - Moderate,3,9,
Expert_Survey_E10_MW.xlsx,E10_MW,1,10-14,3,Implementation,Runtime server installation,171,Relational Database,4 - Frequent / important,4,3 - Moderate,3,12,
Expert_Survey_E10_MW.xlsx,E10_MW,1,10-14,3,Implementation,Runtime server installation,172,REST API,2 - Occasional / peripheral,2,5 - Very difficult,5,10,
Expert_Survey_E10_MW.xlsx,E10_MW,1,10-14,3,Implementation,Runtime server installation,173,SAML Authentication,3 - Moderate / recurring,3,3 - Moderate,3,9,
Expert_Survey_E10_MW.xlsx,E10_MW,1,10-14,3,Implementation,Runtime server installation,174,Scheduler Service,3 - Moderate / recurring,3,3 - Moderate,3,9,
Expert_Survey_E10_MW.xlsx,E10_MW,1,10-14,3,Implementation,Runtime server installation,175,Shared Libraries,3 - Moderate / recurring,3,3 - Moderate,3,9,
Expert_Survey_E10_MW.xlsx,E10_MW,1,10-14,3,Implementation,Runtime server installation,176,SOAP,2 - Occasional / peripheral,2,5 - Very difficult,5,10,
Expert_Survey_E10_MW.xlsx,E10_MW,1,10-14,3,Implementation,Runtime server installation,177,SSL Certificates,3 - Moderate / recurring,3,3 - Moderate,3,9,
Expert_Survey_E10_MW.xlsx,E10_MW,1,10-14,3,Implementation,Runtime server installation,178,Swagger,3 - Moderate / recurring,3,3 - Moderate,3,9,
Expert_Survey_E10_MW.xlsx,E10_MW,1,10-14,3,Implementation,Runtime server installation,179,WSDL,3 - Moderate / recurring,3,3 - Moderate,3,9,
Expert_Survey_E10_MW.xlsx,E10_MW,1,10-14,3,Implementation,Runtime server installation,180,XML/XPath,2 - Occasional / peripheral,2,5 - Very difficult,5,10,
Expert_Survey_E10_MW.xlsx,E10_MW,1,10-14,3,Implementation,Database installation,181,+Embedded Database,5 - Essential / continuous,5,2 - Easy,2,10,
Expert_Survey_E10_MW.xlsx,E10_MW,1,10-14,3,Implementation,Database installation,182,File Storage,3 - Moderate / recurring,3,3 - Moderate,3,9,
Expert_Survey_E10_MW.xlsx,E10_MW,1,10-14,3,Implementation,Database installation,183,Relational Database,4 - Frequent / important,4,3 - Moderate,3,12,
Expert_Survey_E10_MW.xlsx,E10_MW,1,10-14,3,Implementation,Database installation,184,REST API,2 - Occasional / peripheral,2,5 - Very difficult,5,10,
Expert_Survey_E10_MW.xlsx,E10_MW,1,10-14,3,Implementation,Client module installation,185,.NET Framework,2 - Occasional / peripheral,2,5 - Very difficult,5,10,
Expert_Survey_E10_MW.xlsx,E10_MW,1,10-14,3,Implementation,Client module installation,186,+Mobile App,5 - Essential / continuous,5,2 - Easy,2,10,
Expert_Survey_E10_MW.xlsx,E10_MW,1,10-14,3,Implementation,Client module installation,187,+Web Browser,5 - Essential / continuous,5,2 - Easy,2,10,
Expert_Survey_E10_MW.xlsx,E10_MW,1,10-14,3,Implementation,Client module installation,188,API,2 - Occasional / peripheral,2,5 - Very difficult,5,10,
Expert_Survey_E10_MW.xlsx,E10_MW,1,10-14,3,Implementation,Client module installation,189,Binaries,3 - Moderate / recurring,3,3 - Moderate,3,9,
Expert_Survey_E10_MW.xlsx,E10_MW,1,10-14,3,Implementation,Client module installation,190,HTTPS Server,3 - Moderate / recurring,3,3 - Moderate,3,9,
Expert_Survey_E10_MW.xlsx,E10_MW,1,10-14,3,Implementation,Client module installation,191,URL Configuration,3 - Moderate / recurring,3,3 - Moderate,3,9,
Expert_Survey_E10_MW.xlsx,E10_MW,1,10-14,3,Implementation,Client module installation,192,Web Services,2 - Occasional / peripheral,2,5 - Very difficult,5,10,
Expert_Survey_E10_MW.xlsx,E10_MW,1,10-14,3,Implementation,Deployment,193,+App Gallery,5 - Essential / continuous,5,2 - Easy,2,10,
Expert_Survey_E10_MW.xlsx,E10_MW,1,10-14,3,Implementation,Deployment,194,+Software as a Service,5 - Essential / continuous,5,2 - Easy,2,10,
Expert_Survey_E10_MW.xlsx,E10_MW,1,10-14,3,Implementation,Deployment,195,Application IDE,3 - Moderate / recurring,3,3 - Moderate,3,9,
Expert_Survey_E10_MW.xlsx,E10_MW,1,10-14,3,Implementation,Deployment,196,CI/CD,1 - Rare / avoidable,1,5 - Very difficult,5,5,
Expert_Survey_E10_MW.xlsx,E10_MW,1,10-14,3,Implementation,Deployment,197,Cloud Computing,3 - Moderate / recurring,3,3 - Moderate,3,9,
Expert_Survey_E10_MW.xlsx,E10_MW,1,10-14,3,Implementation,Deployment,198,Cloud Services,3 - Moderate / recurring,3,3 - Moderate,3,9,
Expert_Survey_E10_MW.xlsx,E10_MW,1,10-14,3,Implementation,Deployment,199,Docker,1 - Rare / avoidable,1,5 - Very difficult,5,5,
Expert_Survey_E10_MW.xlsx,E10_MW,1,10-14,3,Implementation,Deployment,200,Import/Export,3 - Moderate / recurring,3,3 - Moderate,3,9,
Expert_Survey_E10_MW.xlsx,E10_MW,1,10-14,3,Implementation,Deployment,201,Kubernetes,1 - Rare / avoidable,1,5 - Very difficult,5,5,
Expert_Survey_E10_MW.xlsx,E10_MW,1,10-14,3,Implementation,Deployment,202,On-Premise,3 - Moderate / recurring,3,3 - Moderate,3,9,
Expert_Survey_E10_MW.xlsx,E10_MW,1,10-14,3,Implementation,Deployment,203,On-premises Data Gateway,3 - Moderate / recurring,3,3 - Moderate,3,9,
Expert_Survey_E10_MW.xlsx,E10_MW,1,10-14,3,Implementation,Deployment,204,REST API,2 - Occasional / peripheral,2,5 - Very difficult,5,10,
Expert_Survey_E10_MW.xlsx,E10_MW,1,10-14,3,Implementation,Deployment,205,Scripts,2 - Occasional / peripheral,2,5 - Very difficult,5,10,
Expert_Survey_E10_MW.xlsx,E10_MW,1,10-14,3,Implementation,Deployment,206,SOAP,2 - Occasional / peripheral,2,5 - Very difficult,5,10,
Expert_Survey_E10_MW.xlsx,E10_MW,1,10-14,3,Implementation,Version control,207,Code Repository Concept,2 - Occasional / peripheral,2,5 - Very difficult,5,10,
Expert_Survey_E10_MW.xlsx,E10_MW,1,10-14,3,Implementation,Version control,208,Custom Version Control,3 - Moderate / recurring,3,3 - Moderate,3,9,
Expert_Survey_E10_MW.xlsx,E10_MW,1,10-14,3,Implementation,Version control,209,Git,1 - Rare / avoidable,1,5 - Very difficult,5,5,
Expert_Survey_E11_SS.xlsx,E11_SS,1,20+,3,Design,Workflow model,1,+BPMN Process Model,5 - Essential / continuous,5,3 - Moderate,3,15,
Expert_Survey_E11_SS.xlsx,E11_SS,1,20+,3,Design,Workflow model,2,Custom Process Model,5 - Essential / continuous,5,5 - Very difficult,5,25,Usage Intensity
Expert_Survey_E11_SS.xlsx,E11_SS,1,20+,3,Design,Database model,3,+Business Data Types,5 - Essential / continuous,5,1 - Very easy,1,5,1 - Rare / avoidable
Expert_Survey_E11_SS.xlsx,E11_SS,1,20+,3,Design,Database model,4,+Form-based Data,2 - Occasional / peripheral,2,1 - Very easy,1,2,2 - Occasional / peripheral
Expert_Survey_E11_SS.xlsx,E11_SS,1,20+,3,Design,Database model,5,+Item-Detail,2 - Occasional / peripheral,2,3 - Moderate,3,6,3 - Moderate / recurring
Expert_Survey_E11_SS.xlsx,E11_SS,1,20+,3,Design,Database model,6,+Lookup/Drop-down,2 - Occasional / peripheral,2,2 - Easy,2,4,4 - Frequent / important
Expert_Survey_E11_SS.xlsx,E11_SS,1,20+,3,Design,Database model,7,+Predefined Entities,1 - Rare / avoidable,1,1 - Very easy,1,1,5 - Essential / continuous
Expert_Survey_E11_SS.xlsx,E11_SS,1,20+,3,Design,Database model,8,Domain Model,5 - Essential / continuous,5,4 - Difficult,4,20,
Expert_Survey_E11_SS.xlsx,E11_SS,1,20+,3,Design,Database model,9,Conditional Expressions,5 - Essential / continuous,5,1 - Very easy,1,5,Difficulty of Acquisition
Expert_Survey_E11_SS.xlsx,E11_SS,1,20+,3,Design,Database model,10,Constraints,4 - Frequent / important,4,3 - Moderate,3,12,1 - Very easy
Expert_Survey_E11_SS.xlsx,E11_SS,1,20+,3,Design,Database model,11,Data Structure,5 - Essential / continuous,5,5 - Very difficult,5,25,2 - Easy
Expert_Survey_E11_SS.xlsx,E11_SS,1,20+,3,Design,Database model,12,IT Data Types,2 - Occasional / peripheral,2,3 - Moderate,3,6,3 - Moderate
Expert_Survey_E11_SS.xlsx,E11_SS,1,20+,3,Design,Database model,13,Denormalization,2 - Occasional / peripheral,2,5 - Very difficult,5,10,4 - Difficult
Expert_Survey_E11_SS.xlsx,E11_SS,1,20+,3,Design,Database model,14,Entity Diagrams,4 - Frequent / important,4,2 - Easy,2,8,5 - Very difficult
Expert_Survey_E11_SS.xlsx,E11_SS,1,20+,3,Design,Database model,15,Enumerations,4 - Frequent / important,4,5 - Very difficult,5,20,
Expert_Survey_E11_SS.xlsx,E11_SS,1,20+,3,Design,Database model,16,Expressions,3 - Moderate / recurring,3,4 - Difficult,4,12,Instruction
Expert_Survey_E11_SS.xlsx,E11_SS,1,20+,3,Design,Database model,17,Relational Database,1 - Rare / avoidable,1,1 - Very easy,1,1,
Expert_Survey_E11_SS.xlsx,E11_SS,1,20+,3,Design,Database model,18,XML/XPath,4 - Frequent / important,4,5 - Very difficult,5,20,
Expert_Survey_E11_SS.xlsx,E11_SS,1,20+,3,Design,UI model,19,+App templates,4 - Frequent / important,4,1 - Very easy,1,4,
Expert_Survey_E11_SS.xlsx,E11_SS,1,20+,3,Design,UI model,20,+Business Data Types,4 - Frequent / important,4,3 - Moderate,3,12,
Expert_Survey_E11_SS.xlsx,E11_SS,1,20+,3,Design,UI model,21,+Screen Templates,2 - Occasional / peripheral,2,2 - Easy,2,4,
Expert_Survey_E11_SS.xlsx,E11_SS,1,20+,3,Design,UI model,22,+UI Branding,1 - Rare / avoidable,1,3 - Moderate,3,3,
Expert_Survey_E11_SS.xlsx,E11_SS,1,20+,3,Design,UI model,23,+View Types,4 - Frequent / important,4,2 - Easy,2,8,
Expert_Survey_E11_SS.xlsx,E11_SS,1,20+,3,Design,UI model,24,Expressions,5 - Essential / continuous,5,4 - Difficult,4,20,
Expert_Survey_E11_SS.xlsx,E11_SS,1,20+,3,Design,UI model,25,IT Data Types,5 - Essential / continuous,5,3 - Moderate,3,15,
Expert_Survey_E11_SS.xlsx,E11_SS,1,20+,3,Design,UI model,26,Functions,4 - Frequent / important,4,5 - Very difficult,5,20,
Expert_Survey_E11_SS.xlsx,E11_SS,1,20+,3,Design,UI model,27,Model-driven Apps,5 - Essential / continuous,5,5 - Very difficult,5,25,
Expert_Survey_E11_SS.xlsx,E11_SS,1,20+,3,Design,UI model,28,Reactive Web App,5 - Essential / continuous,5,5 - Very difficult,5,25,
Expert_Survey_E11_SS.xlsx,E11_SS,1,20+,3,Design,UI model,29,Responsive Web Design,5 - Essential / continuous,5,5 - Very difficult,5,25,
Expert_Survey_E11_SS.xlsx,E11_SS,1,20+,3,Design,UI model,30,Variables,5 - Essential / continuous,5,3 - Moderate,3,15,
Expert_Survey_E11_SS.xlsx,E11_SS,1,20+,3,Design,Validations,31,+Business Rules,4 - Frequent / important,4,3 - Moderate,3,12,
Expert_Survey_E11_SS.xlsx,E11_SS,1,20+,3,Design,Validations,32,+Lookup/Drop-down,5 - Essential / continuous,5,3 - Moderate,3,15,
Expert_Survey_E11_SS.xlsx,E11_SS,1,20+,3,Design,Validations,33,Expressions,5 - Essential / continuous,5,4 - Difficult,4,20,
Expert_Survey_E11_SS.xlsx,E11_SS,1,20+,3,Design,Validations,34,Enumerations,3 - Moderate / recurring,3,3 - Moderate,3,9,
Expert_Survey_E11_SS.xlsx,E11_SS,1,20+,3,Design,Validations,35,JavaScript,4 - Frequent / important,4,5 - Very difficult,5,20,
Expert_Survey_E11_SS.xlsx,E11_SS,1,20+,3,Design,Validations,36,Scripts,4 - Frequent / important,4,5 - Very difficult,5,20,
Expert_Survey_E11_SS.xlsx,E11_SS,1,20+,3,Design,Validations,37,Transactions,5 - Essential / continuous,5,5 - Very difficult,5,25,
Expert_Survey_E11_SS.xlsx,E11_SS,1,20+,3,Design,Application logic,38,+Actions,3 - Moderate / recurring,3,3 - Moderate,3,9,
Expert_Survey_E11_SS.xlsx,E11_SS,1,20+,3,Design,Application logic,39,+Graphical actions,4 - Frequent / important,4,3 - Moderate,3,12,
Expert_Survey_E11_SS.xlsx,E11_SS,1,20+,3,Design,Application logic,40,+NLP,3 - Moderate / recurring,3,2 - Easy,2,6,
Expert_Survey_E11_SS.xlsx,E11_SS,1,20+,3,Design,Application logic,41,+Custom Language,4 - Frequent / important,4,3 - Moderate,3,12,
Expert_Survey_E11_SS.xlsx,E11_SS,1,20+,3,Design,Application logic,42,+Predefined Tasks,5 - Essential / continuous,5,3 - Moderate,3,15,
Expert_Survey_E11_SS.xlsx,E11_SS,1,20+,3,Design,Application logic,43,UML,4 - Frequent / important,4,5 - Very difficult,5,20,
Expert_Survey_E11_SS.xlsx,E11_SS,1,20+,3,Design,Application logic,44,Algorithms,3 - Moderate / recurring,3,3 - Moderate,3,9,
Expert_Survey_E11_SS.xlsx,E11_SS,1,20+,3,Design,Application logic,45,Expressions,5 - Essential / continuous,5,3 - Moderate,3,15,
Expert_Survey_E11_SS.xlsx,E11_SS,1,20+,3,Design,Application logic,46,Control Structures,4 - Frequent / important,4,3 - Moderate,3,12,
Expert_Survey_E11_SS.xlsx,E11_SS,1,20+,3,Design,Application logic,47,IT Data Types,5 - Essential / continuous,5,2 - Easy,2,10,
Expert_Survey_E11_SS.xlsx,E11_SS,1,20+,3,Design,Application logic,48,Events,4 - Frequent / important,4,3 - Moderate,3,12,
Expert_Survey_E11_SS.xlsx,E11_SS,1,20+,3,Design,Application logic,49,Formulas,4 - Frequent / important,4,5 - Very difficult,5,20,
Expert_Survey_E11_SS.xlsx,E11_SS,1,20+,3,Design,Application logic,50,Functions,4 - Frequent / important,4,5 - Very difficult,5,20,
Expert_Survey_E11_SS.xlsx,E11_SS,1,20+,3,Design,Application logic,51,Java,3 - Moderate / recurring,3,5 - Very difficult,5,15,
Expert_Survey_E11_SS.xlsx,E11_SS,1,20+,3,Design,Application logic,52,JavaScript,4 - Frequent / important,4,5 - Very difficult,5,20,
Expert_Survey_E11_SS.xlsx,E11_SS,1,20+,3,Design,Application logic,53,Microservices,3 - Moderate / recurring,3,5 - Very difficult,5,15,
Expert_Survey_E11_SS.xlsx,E11_SS,1,20+,3,Design,Application logic,54,SQL,4 - Frequent / important,4,5 - Very difficult,5,20,
Expert_Survey_E11_SS.xlsx,E11_SS,1,20+,3,Design,Application logic,55,Variables,5 - Essential / continuous,5,4 - Difficult,4,20,
Expert_Survey_E11_SS.xlsx,E11_SS,1,20+,3,Development,Workflow design and development,56,+BPMN Process Model,2 - Occasional / peripheral,2,3 - Moderate,3,6,
Expert_Survey_E11_SS.xlsx,E11_SS,1,20+,3,Development,Workflow design and development,57,Expressions,5 - Essential / continuous,5,5 - Very difficult,5,25,
Expert_Survey_E11_SS.xlsx,E11_SS,1,20+,3,Development,Workflow design and development,58,Custom Process Model,3 - Moderate / recurring,3,5 - Very difficult,5,15,
Expert_Survey_E11_SS.xlsx,E11_SS,1,20+,3,Development,Workflow design and development,59,Events,4 - Frequent / important,4,2 - Easy,2,8,
Expert_Survey_E11_SS.xlsx,E11_SS,1,20+,3,Development,Workflow design and development,60,Java API,5 - Essential / continuous,5,4 - Difficult,4,20,
Expert_Survey_E11_SS.xlsx,E11_SS,1,20+,3,Development,Workflow design and development,61,JavaScript,4 - Frequent / important,4,5 - Very difficult,5,20,
Expert_Survey_E11_SS.xlsx,E11_SS,1,20+,3,Development,Workflow design and development,62,REST API,3 - Moderate / recurring,3,4 - Difficult,4,12,
Expert_Survey_E11_SS.xlsx,E11_SS,1,20+,3,Development,Workflow design and development,63,Triggers,4 - Frequent / important,4,2 - Easy,2,8,
Expert_Survey_E11_SS.xlsx,E11_SS,1,20+,3,Development,Database design,64,+Business Data Types,4 - Frequent / important,4,3 - Moderate,3,12,
Expert_Survey_E11_SS.xlsx,E11_SS,1,20+,3,Development,Database design,65,+Custom Database Model,5 - Essential / continuous,5,3 - Moderate,3,15,
Expert_Survey_E11_SS.xlsx,E11_SS,1,20+,3,Development,Database design,66,+References,4 - Frequent / important,4,1 - Very easy,1,4,
Expert_Survey_E11_SS.xlsx,E11_SS,1,20+,3,Development,Database design,67,+Slices,4 - Frequent / important,4,1 - Very easy,1,4,
Expert_Survey_E11_SS.xlsx,E11_SS,1,20+,3,Development,Database design,68,Actions,4 - Frequent / important,4,3 - Moderate,3,12,
Expert_Survey_E11_SS.xlsx,E11_SS,1,20+,3,Development,Database design,69,Expressions,3 - Moderate / recurring,3,5 - Very difficult,5,15,
Expert_Survey_E11_SS.xlsx,E11_SS,1,20+,3,Development,Database design,70,Relational Database,4 - Frequent / important,4,5 - Very difficult,5,20,
Expert_Survey_E11_SS.xlsx,E11_SS,1,20+,3,Development,Database design,71,Entity Diagrams,5 - Essential / continuous,5,4 - Difficult,4,20,
Expert_Survey_E11_SS.xlsx,E11_SS,1,20+,3,Development,Database design,72,Functions,4 - Frequent / important,4,5 - Very difficult,5,20,
Expert_Survey_E11_SS.xlsx,E11_SS,1,20+,3,Development,Database design,73,SQL,4 - Frequent / important,4,5 - Very difficult,5,20,
Expert_Survey_E11_SS.xlsx,E11_SS,1,20+,3,Development,Database design,74,IT Data Types,4 - Frequent / important,4,4 - Difficult,4,16,
Expert_Survey_E11_SS.xlsx,E11_SS,1,20+,3,Development,Database design,75,Web API,4 - Frequent / important,4,5 - Very difficult,5,20,
Expert_Survey_E11_SS.xlsx,E11_SS,1,20+,3,Development,Fetching data,76,.NET,3 - Moderate / recurring,3,5 - Very difficult,5,15,
Expert_Survey_E11_SS.xlsx,E11_SS,1,20+,3,Development,Fetching data,77,+Cloud-based Spreadsheets,4 - Frequent / important,4,4 - Difficult,4,16,
Expert_Survey_E11_SS.xlsx,E11_SS,1,20+,3,Development,Fetching data,78,+GUI Queries,4 - Frequent / important,4,4 - Difficult,4,16,
Expert_Survey_E11_SS.xlsx,E11_SS,1,20+,3,Development,Fetching data,79,+Human Language,2 - Occasional / peripheral,2,1 - Very easy,1,2,
Expert_Survey_E11_SS.xlsx,E11_SS,1,20+,3,Development,Fetching data,80,+Integrated Data Sources,3 - Moderate / recurring,3,2 - Easy,2,6,
Expert_Survey_E11_SS.xlsx,E11_SS,1,20+,3,Development,Fetching data,81,Cloud Services,3 - Moderate / recurring,3,4 - Difficult,4,12,
Expert_Survey_E11_SS.xlsx,E11_SS,1,20+,3,Development,Fetching data,82,Custom Query Language,1 - Rare / avoidable,1,5 - Very difficult,5,5,
Expert_Survey_E11_SS.xlsx,E11_SS,1,20+,3,Development,Fetching data,83,Data Source Integration,2 - Occasional / peripheral,2,5 - Very difficult,5,10,
Expert_Survey_E11_SS.xlsx,E11_SS,1,20+,3,Development,Fetching data,84,Formulas,2 - Occasional / peripheral,2,3 - Moderate,3,6,
Expert_Survey_E11_SS.xlsx,E11_SS,1,20+,3,Development,Fetching data,85,Local Storage,2 - Occasional / peripheral,2,3 - Moderate,3,6,
Expert_Survey_E11_SS.xlsx,E11_SS,1,20+,3,Development,Fetching data,86,OAuth,2 - Occasional / peripheral,2,5 - Very difficult,5,10,
Expert_Survey_E11_SS.xlsx,E11_SS,1,20+,3,Development,Fetching data,87,REST API,2 - Occasional / peripheral,2,3 - Moderate,3,6,
Expert_Survey_E11_SS.xlsx,E11_SS,1,20+,3,Development,Fetching data,88,SDK,2 - Occasional / peripheral,2,5 - Very difficult,5,10,
Expert_Survey_E11_SS.xlsx,E11_SS,1,20+,3,Development,Fetching data,89,SQL,3 - Moderate / recurring,3,5 - Very difficult,5,15,
Expert_Survey_E11_SS.xlsx,E11_SS,1,20+,3,Development,Fetching data,90,URL,3 - Moderate / recurring,3,2 - Easy,2,6,
Expert_Survey_E11_SS.xlsx,E11_SS,1,20+,3,Development,Fetching data,91,Web API,2 - Occasional / peripheral,2,3 - Moderate,3,6,
Expert_Survey_E11_SS.xlsx,E11_SS,1,20+,3,Development,GUI design and development,92,+AI Support,3 - Moderate / recurring,3,2 - Easy,2,6,
Expert_Survey_E11_SS.xlsx,E11_SS,1,20+,3,Development,GUI design and development,93,+Business Data Types,3 - Moderate / recurring,3,1 - Very easy,1,3,
Expert_Survey_E11_SS.xlsx,E11_SS,1,20+,3,Development,GUI design and development,94,+Conditional Formatting,5 - Essential / continuous,5,3 - Moderate,3,15,
Expert_Survey_E11_SS.xlsx,E11_SS,1,20+,3,Development,GUI design and development,95,+GUI Style Editor,5 - Essential / continuous,5,2 - Easy,2,10,
Expert_Survey_E11_SS.xlsx,E11_SS,1,20+,3,Development,GUI design and development,96,+Templatized Formulas,5 - Essential / continuous,5,2 - Easy,2,10,
Expert_Survey_E11_SS.xlsx,E11_SS,1,20+,3,Development,GUI design and development,97,+UI Branding,2 - Occasional / peripheral,2,2 - Easy,2,4,
Expert_Survey_E11_SS.xlsx,E11_SS,1,20+,3,Development,GUI design and development,98,+View Types,5 - Essential / continuous,5,2 - Easy,2,10,
Expert_Survey_E11_SS.xlsx,E11_SS,1,20+,3,Development,GUI design and development,99,+WYSIWYG,4 - Frequent / important,4,1 - Very easy,1,4,
Expert_Survey_E11_SS.xlsx,E11_SS,1,20+,3,Development,GUI design and development,100,CSS/SCSS,1 - Rare / avoidable,1,4 - Difficult,4,4,
Expert_Survey_E11_SS.xlsx,E11_SS,1,20+,3,Development,GUI design and development,101,Event Propagation,3 - Moderate / recurring,3,3 - Moderate,3,9,
Expert_Survey_E11_SS.xlsx,E11_SS,1,20+,3,Development,GUI design and development,102,Responsive Web Design,4 - Frequent / important,4,4 - Difficult,4,16,
Expert_Survey_E11_SS.xlsx,E11_SS,1,20+,3,Development,GUI design and development,103,HTML,3 - Moderate / recurring,3,3 - Moderate,3,9,
Expert_Survey_E11_SS.xlsx,E11_SS,1,20+,3,Development,GUI design and development,104,IT Data Types,5 - Essential / continuous,5,3 - Moderate,3,15,
Expert_Survey_E11_SS.xlsx,E11_SS,1,20+,3,Development,GUI design and development,105,JavaScript,3 - Moderate / recurring,3,5 - Very difficult,5,15,
Expert_Survey_E11_SS.xlsx,E11_SS,1,20+,3,Development,GUI design and development,106,Master Detail,5 - Essential / continuous,5,2 - Easy,2,10,
Expert_Survey_E11_SS.xlsx,E11_SS,1,20+,3,Development,GUI design and development,107,Programming Functions,5 - Essential / continuous,5,5 - Very difficult,5,25,
Expert_Survey_E11_SS.xlsx,E11_SS,1,20+,3,Development,GUI design and development,108,Scripts,5 - Essential / continuous,5,4 - Difficult,4,20,
Expert_Survey_E11_SS.xlsx,E11_SS,1,20+,3,Development,GUI design and development,109,Snippets,3 - Moderate / recurring,3,5 - Very difficult,5,15,
Expert_Survey_E11_SS.xlsx,E11_SS,1,20+,3,Development,GUI design and development,110,Variables,5 - Essential / continuous,5,3 - Moderate,3,15,
Expert_Survey_E11_SS.xlsx,E11_SS,1,20+,3,Development,GUI design and development,111,XML,4 - Frequent / important,4,3 - Moderate,3,12,
Expert_Survey_E11_SS.xlsx,E11_SS,1,20+,3,Development,Data validation development,112,+Business Rules,5 - Essential / continuous,5,2 - Easy,2,10,
Expert_Survey_E11_SS.xlsx,E11_SS,1,20+,3,Development,Data validation development,113,+Column Expressions,4 - Frequent / important,4,3 - Moderate,3,12,
Expert_Survey_E11_SS.xlsx,E11_SS,1,20+,3,Development,Data validation development,114,Expressions,5 - Essential / continuous,5,3 - Moderate,3,15,
Expert_Survey_E11_SS.xlsx,E11_SS,1,20+,3,Development,Data validation development,115,Data Fields,4 - Frequent / important,4,4 - Difficult,4,16,
Expert_Survey_E11_SS.xlsx,E11_SS,1,20+,3,Development,Data validation development,116,Domain Model,4 - Frequent / important,4,4 - Difficult,4,16,
Expert_Survey_E11_SS.xlsx,E11_SS,1,20+,3,Development,Data validation development,117,Scripts,4 - Frequent / important,4,3 - Moderate,3,12,
Expert_Survey_E11_SS.xlsx,E11_SS,1,20+,3,Development,Actions design and development,118,+AI Assisted Development,3 - Moderate / recurring,3,2 - Easy,2,6,
Expert_Survey_E11_SS.xlsx,E11_SS,1,20+,3,Development,Actions design and development,119,+Automations,4 - Frequent / important,4,4 - Difficult,4,16,
Expert_Survey_E11_SS.xlsx,E11_SS,1,20+,3,Development,Actions design and development,120,+Built-in Connectors,4 - Frequent / important,4,1 - Very easy,1,4,
Expert_Survey_E11_SS.xlsx,E11_SS,1,20+,3,Development,Actions design and development,121,API,3 - Moderate / recurring,3,5 - Very difficult,5,15,
Expert_Survey_E11_SS.xlsx,E11_SS,1,20+,3,Development,Actions design and development,122,Expressions,4 - Frequent / important,4,4 - Difficult,4,16,
Expert_Survey_E11_SS.xlsx,E11_SS,1,20+,3,Development,Actions design and development,123,Functions,5 - Essential / continuous,5,5 - Very difficult,5,25,
Expert_Survey_E11_SS.xlsx,E11_SS,1,20+,3,Development,Actions design and development,124,Java,3 - Moderate / recurring,3,5 - Very difficult,5,15,
Expert_Survey_E11_SS.xlsx,E11_SS,1,20+,3,Development,Actions design and development,125,JavaScript,4 - Frequent / important,4,5 - Very difficult,5,20,
Expert_Survey_E11_SS.xlsx,E11_SS,1,20+,3,Development,Actions design and development,126,Object Model,2 - Occasional / peripheral,2,4 - Difficult,4,8,
Expert_Survey_E11_SS.xlsx,E11_SS,1,20+,3,Development,Actions design and development,127,Scripts,2 - Occasional / peripheral,2,3 - Moderate,3,6,
Expert_Survey_E11_SS.xlsx,E11_SS,1,20+,3,Development,Actions design and development,128,SOAP,3 - Moderate / recurring,3,5 - Very difficult,5,15,
Expert_Survey_E11_SS.xlsx,E11_SS,1,20+,3,Development,Programming,129,.NET,2 - Occasional / peripheral,2,4 - Difficult,4,8,
Expert_Survey_E11_SS.xlsx,E11_SS,1,20+,3,Development,Programming,130,+Visual Programming,5 - Essential / continuous,5,3 - Moderate,3,15,
Expert_Survey_E11_SS.xlsx,E11_SS,1,20+,3,Development,Programming,131,Expressions,5 - Essential / continuous,5,5 - Very difficult,5,25,
Expert_Survey_E11_SS.xlsx,E11_SS,1,20+,3,Development,Programming,132,CLI,2 - Occasional / peripheral,2,5 - Very difficult,5,10,
Expert_Survey_E11_SS.xlsx,E11_SS,1,20+,3,Development,Programming,133,IT Data Types,5 - Essential / continuous,5,3 - Moderate,3,15,
Expert_Survey_E11_SS.xlsx,E11_SS,1,20+,3,Development,Programming,134,Eclipse,3 - Moderate / recurring,3,3 - Moderate,3,9,
Expert_Survey_E11_SS.xlsx,E11_SS,1,20+,3,Development,Programming,135,Emulators,2 - Occasional / peripheral,2,5 - Very difficult,5,10,
Expert_Survey_E11_SS.xlsx,E11_SS,1,20+,3,Development,Programming,136,Entity Types,5 - Essential / continuous,5,2 - Easy,2,10,
Expert_Survey_E11_SS.xlsx,E11_SS,1,20+,3,Development,Programming,137,Enumerations,5 - Essential / continuous,5,3 - Moderate,3,15,
Expert_Survey_E11_SS.xlsx,E11_SS,1,20+,3,Development,Programming,138,Functions,3 - Moderate / recurring,3,5 - Very difficult,5,15,
Expert_Survey_E11_SS.xlsx,E11_SS,1,20+,3,Development,Programming,139,HTML,2 - Occasional / peripheral,2,4 - Difficult,4,8,
Expert_Survey_E11_SS.xlsx,E11_SS,1,20+,3,Development,Programming,140,SDK/IDE,1 - Rare / avoidable,1,5 - Very difficult,5,5,
Expert_Survey_E11_SS.xlsx,E11_SS,1,20+,3,Development,Programming,141,Iteration Statements,5 - Essential / continuous,5,3 - Moderate,3,15,
Expert_Survey_E11_SS.xlsx,E11_SS,1,20+,3,Development,Programming,142,Java,1 - Rare / avoidable,1,5 - Very difficult,5,5,
Expert_Survey_E11_SS.xlsx,E11_SS,1,20+,3,Development,Programming,143,Java API,2 - Occasional / peripheral,2,5 - Very difficult,5,10,
Expert_Survey_E11_SS.xlsx,E11_SS,1,20+,3,Development,Programming,144,JavaScript,1 - Rare / avoidable,1,5 - Very difficult,5,5,
Expert_Survey_E11_SS.xlsx,E11_SS,1,20+,3,Development,Programming,145,JSON,3 - Moderate / recurring,3,3 - Moderate,3,9,
Expert_Survey_E11_SS.xlsx,E11_SS,1,20+,3,Development,Programming,146,Markup Language,4 - Frequent / important,4,2 - Easy,2,8,
Expert_Survey_E11_SS.xlsx,E11_SS,1,20+,3,Development,Programming,147,Metadata,4 - Frequent / important,4,3 - Moderate,3,12,
Expert_Survey_E11_SS.xlsx,E11_SS,1,20+,3,Development,Programming,148,Native Mobile App,4 - Frequent / important,4,4 - Difficult,4,16,
Expert_Survey_E11_SS.xlsx,E11_SS,1,20+,3,Development,Programming,149,node.js,4 - Frequent / important,4,5 - Very difficult,5,20,
Expert_Survey_E11_SS.xlsx,E11_SS,1,20+,3,Development,Programming,150,PWA,1 - Rare / avoidable,1,5 - Very difficult,5,5,
Expert_Survey_E11_SS.xlsx,E11_SS,1,20+,3,Development,Programming,151,Query Functions,5 - Essential / continuous,5,3 - Moderate,3,15,
Expert_Survey_E11_SS.xlsx,E11_SS,1,20+,3,Development,Programming,152,Scripts,3 - Moderate / recurring,3,4 - Difficult,4,12,
Expert_Survey_E11_SS.xlsx,E11_SS,1,20+,3,Development,Programming,153,Snippets,2 - Occasional / peripheral,2,4 - Difficult,4,8,
Expert_Survey_E11_SS.xlsx,E11_SS,1,20+,3,Development,Programming,154,TypeScript,3 - Moderate / recurring,3,5 - Very difficult,5,15,
Expert_Survey_E11_SS.xlsx,E11_SS,1,20+,3,Development,Programming,155,Web API,2 - Occasional / peripheral,2,5 - Very difficult,5,10,
Expert_Survey_E11_SS.xlsx,E11_SS,1,20+,3,Development,Programming,156,XML,4 - Frequent / important,4,2 - Easy,2,8,
Expert_Survey_E11_SS.xlsx,E11_SS,1,20+,3,Implementation,Runtime server installation,157,+Cloud Based Environment,4 - Frequent / important,4,4 - Difficult,4,16,
Expert_Survey_E11_SS.xlsx,E11_SS,1,20+,3,Implementation,Runtime server installation,158,API,1 - Rare / avoidable,1,5 - Very difficult,5,5,
Expert_Survey_E11_SS.xlsx,E11_SS,1,20+,3,Implementation,Runtime server installation,159,Compiler Service,3 - Moderate / recurring,3,5 - Very difficult,5,15,
Expert_Survey_E11_SS.xlsx,E11_SS,1,20+,3,Implementation,Runtime server installation,160,Database Synchronization,2 - Occasional / peripheral,2,5 - Very difficult,5,10,
Expert_Survey_E11_SS.xlsx,E11_SS,1,20+,3,Implementation,Runtime server installation,161,Deployment Controller Service,3 - Moderate / recurring,3,4 - Difficult,4,12,
Expert_Survey_E11_SS.xlsx,E11_SS,1,20+,3,Implementation,Runtime server installation,162,Email Server (SMTP),4 - Frequent / important,4,5 - Very difficult,5,20,
Expert_Survey_E11_SS.xlsx,E11_SS,1,20+,3,Implementation,Runtime server installation,163,File Storage,5 - Essential / continuous,5,3 - Moderate,3,15,
Expert_Survey_E11_SS.xlsx,E11_SS,1,20+,3,Implementation,Runtime server installation,164,HTTPS Server,3 - Moderate / recurring,3,5 - Very difficult,5,15,
Expert_Survey_E11_SS.xlsx,E11_SS,1,20+,3,Implementation,Runtime server installation,165,Java,4 - Frequent / important,4,5 - Very difficult,5,20,
Expert_Survey_E11_SS.xlsx,E11_SS,1,20+,3,Implementation,Runtime server installation,166,Load Balancing,3 - Moderate / recurring,3,3 - Moderate,3,9,
Expert_Survey_E11_SS.xlsx,E11_SS,1,20+,3,Implementation,Runtime server installation,167,Log Service,2 - Occasional / peripheral,2,3 - Moderate,3,6,
Expert_Survey_E11_SS.xlsx,E11_SS,1,20+,3,Implementation,Runtime server installation,168,Mobile App,5 - Essential / continuous,5,2 - Easy,2,10,
Expert_Survey_E11_SS.xlsx,E11_SS,1,20+,3,Implementation,Runtime server installation,169,OQL,4 - Frequent / important,4,4 - Difficult,4,16,
Expert_Survey_E11_SS.xlsx,E11_SS,1,20+,3,Implementation,Runtime server installation,170,Proxy server,4 - Frequent / important,4,3 - Moderate,3,12,
Expert_Survey_E11_SS.xlsx,E11_SS,1,20+,3,Implementation,Runtime server installation,171,Relational Database,4 - Frequent / important,4,5 - Very difficult,5,20,
Expert_Survey_E11_SS.xlsx,E11_SS,1,20+,3,Implementation,Runtime server installation,172,REST API,4 - Frequent / important,4,5 - Very difficult,5,20,
Expert_Survey_E11_SS.xlsx,E11_SS,1,20+,3,Implementation,Runtime server installation,173,SAML Authentication,4 - Frequent / important,4,5 - Very difficult,5,20,
Expert_Survey_E11_SS.xlsx,E11_SS,1,20+,3,Implementation,Runtime server installation,174,Scheduler Service,3 - Moderate / recurring,3,3 - Moderate,3,9,
Expert_Survey_E11_SS.xlsx,E11_SS,1,20+,3,Implementation,Runtime server installation,175,Shared Libraries,3 - Moderate / recurring,3,4 - Difficult,4,12,
Expert_Survey_E11_SS.xlsx,E11_SS,1,20+,3,Implementation,Runtime server installation,176,SOAP,5 - Essential / continuous,5,5 - Very difficult,5,25,
Expert_Survey_E11_SS.xlsx,E11_SS,1,20+,3,Implementation,Runtime server installation,177,SSL Certificates,3 - Moderate / recurring,3,4 - Difficult,4,12,
Expert_Survey_E11_SS.xlsx,E11_SS,1,20+,3,Implementation,Runtime server installation,178,Swagger,3 - Moderate / recurring,3,4 - Difficult,4,12,
Expert_Survey_E11_SS.xlsx,E11_SS,1,20+,3,Implementation,Runtime server installation,179,WSDL,3 - Moderate / recurring,3,5 - Very difficult,5,15,
Expert_Survey_E11_SS.xlsx,E11_SS,1,20+,3,Implementation,Runtime server installation,180,XML/XPath,4 - Frequent / important,4,5 - Very difficult,5,20,
Expert_Survey_E11_SS.xlsx,E11_SS,1,20+,3,Implementation,Database installation,181,+Embedded Database,3 - Moderate / recurring,3,2 - Easy,2,6,
Expert_Survey_E11_SS.xlsx,E11_SS,1,20+,3,Implementation,Database installation,182,File Storage,5 - Essential / continuous,5,3 - Moderate,3,15,
Expert_Survey_E11_SS.xlsx,E11_SS,1,20+,3,Implementation,Database installation,183,Relational Database,5 - Essential / continuous,5,5 - Very difficult,5,25,
Expert_Survey_E11_SS.xlsx,E11_SS,1,20+,3,Implementation,Database installation,184,REST API,3 - Moderate / recurring,3,5 - Very difficult,5,15,
Expert_Survey_E11_SS.xlsx,E11_SS,1,20+,3,Implementation,Client module installation,185,.NET Framework,4 - Frequent / important,4,5 - Very difficult,5,20,
Expert_Survey_E11_SS.xlsx,E11_SS,1,20+,3,Implementation,Client module installation,186,+Mobile App,4 - Frequent / important,4,5 - Very difficult,5,20,
Expert_Survey_E11_SS.xlsx,E11_SS,1,20+,3,Implementation,Client module installation,187,+Web Browser,4 - Frequent / important,4,1 - Very easy,1,4,
Expert_Survey_E11_SS.xlsx,E11_SS,1,20+,3,Implementation,Client module installation,188,API,3 - Moderate / recurring,3,4 - Difficult,4,12,
Expert_Survey_E11_SS.xlsx,E11_SS,1,20+,3,Implementation,Client module installation,189,Binaries,4 - Frequent / important,4,3 - Moderate,3,12,
Expert_Survey_E11_SS.xlsx,E11_SS,1,20+,3,Implementation,Client module installation,190,HTTPS Server,4 - Frequent / important,4,5 - Very difficult,5,20,
Expert_Survey_E11_SS.xlsx,E11_SS,1,20+,3,Implementation,Client module installation,191,URL Configuration,3 - Moderate / recurring,3,2 - Easy,2,6,
Expert_Survey_E11_SS.xlsx,E11_SS,1,20+,3,Implementation,Client module installation,192,Web Services,2 - Occasional / peripheral,2,3 - Moderate,3,6,
Expert_Survey_E11_SS.xlsx,E11_SS,1,20+,3,Implementation,Deployment,193,+App Gallery,4 - Frequent / important,4,1 - Very easy,1,4,
Expert_Survey_E11_SS.xlsx,E11_SS,1,20+,3,Implementation,Deployment,194,+Software as a Service,4 - Frequent / important,4,1 - Very easy,1,4,
Expert_Survey_E11_SS.xlsx,E11_SS,1,20+,3,Implementation,Deployment,195,Application IDE,4 - Frequent / important,4,3 - Moderate,3,12,
Expert_Survey_E11_SS.xlsx,E11_SS,1,20+,3,Implementation,Deployment,196,CI/CD,5 - Essential / continuous,5,5 - Very difficult,5,25,
Expert_Survey_E11_SS.xlsx,E11_SS,1,20+,3,Implementation,Deployment,197,Cloud Computing,3 - Moderate / recurring,3,5 - Very difficult,5,15,
Expert_Survey_E11_SS.xlsx,E11_SS,1,20+,3,Implementation,Deployment,198,Cloud Services,4 - Frequent / important,4,5 - Very difficult,5,20,
Expert_Survey_E11_SS.xlsx,E11_SS,1,20+,3,Implementation,Deployment,199,Docker,4 - Frequent / important,4,5 - Very difficult,5,20,
Expert_Survey_E11_SS.xlsx,E11_SS,1,20+,3,Implementation,Deployment,200,Import/Export,5 - Essential / continuous,5,3 - Moderate,3,15,
Expert_Survey_E11_SS.xlsx,E11_SS,1,20+,3,Implementation,Deployment,201,Kubernetes,4 - Frequent / important,4,4 - Difficult,4,16,
Expert_Survey_E11_SS.xlsx,E11_SS,1,20+,3,Implementation,Deployment,202,On-Premise,5 - Essential / continuous,5,3 - Moderate,3,15,
Expert_Survey_E11_SS.xlsx,E11_SS,1,20+,3,Implementation,Deployment,203,On-premises Data Gateway,4 - Frequent / important,4,5 - Very difficult,5,20,
Expert_Survey_E11_SS.xlsx,E11_SS,1,20+,3,Implementation,Deployment,204,REST API,3 - Moderate / recurring,3,3 - Moderate,3,9,
Expert_Survey_E11_SS.xlsx,E11_SS,1,20+,3,Implementation,Deployment,205,Scripts,5 - Essential / continuous,5,4 - Difficult,4,20,
Expert_Survey_E11_SS.xlsx,E11_SS,1,20+,3,Implementation,Deployment,206,SOAP,3 - Moderate / recurring,3,5 - Very difficult,5,15,
Expert_Survey_E11_SS.xlsx,E11_SS,1,20+,3,Implementation,Version control,207,Code Repository Concept,5 - Essential / continuous,5,4 - Difficult,4,20,
Expert_Survey_E11_SS.xlsx,E11_SS,1,20+,3,Implementation,Version control,208,Custom Version Control,5 - Essential / continuous,5,3 - Moderate,3,15,
Expert_Survey_E11_SS.xlsx,E11_SS,1,20+,3,Implementation,Version control,209,Git,5 - Essential / continuous,5,4 - Difficult,4,20,
Expert_Survey_E12_MK.xlsx,E12_MK,1,20+,3,Design,Workflow model,1,+BPMN Process Model,4 - Frequent / important,4,3 - Moderate,3,12,
Expert_Survey_E12_MK.xlsx,E12_MK,1,20+,3,Design,Workflow model,2,Custom Process Model,4 - Frequent / important,4,3 - Moderate,3,12,Usage Intensity
Expert_Survey_E12_MK.xlsx,E12_MK,1,20+,3,Design,Database model,3,+Business Data Types,5 - Essential / continuous,5,1 - Very easy,1,5,1 - Rare / avoidable
Expert_Survey_E12_MK.xlsx,E12_MK,1,20+,3,Design,Database model,4,+Form-based Data,5 - Essential / continuous,5,1 - Very easy,1,5,2 - Occasional / peripheral
Expert_Survey_E12_MK.xlsx,E12_MK,1,20+,3,Design,Database model,5,+Item-Detail,4 - Frequent / important,4,1 - Very easy,1,4,3 - Moderate / recurring
Expert_Survey_E12_MK.xlsx,E12_MK,1,20+,3,Design,Database model,6,+Lookup/Drop-down,5 - Essential / continuous,5,1 - Very easy,1,5,4 - Frequent / important
Expert_Survey_E12_MK.xlsx,E12_MK,1,20+,3,Design,Database model,7,+Predefined Entities,5 - Essential / continuous,5,1 - Very easy,1,5,5 - Essential / continuous
Expert_Survey_E12_MK.xlsx,E12_MK,1,20+,3,Design,Database model,8,Domain Model,4 - Frequent / important,4,3 - Moderate,3,12,
Expert_Survey_E12_MK.xlsx,E12_MK,1,20+,3,Design,Database model,9,Conditional Expressions,3 - Moderate / recurring,3,3 - Moderate,3,9,Difficulty of Acquisition
Expert_Survey_E12_MK.xlsx,E12_MK,1,20+,3,Design,Database model,10,Constraints,3 - Moderate / recurring,3,3 - Moderate,3,9,1 - Very easy
Expert_Survey_E12_MK.xlsx,E12_MK,1,20+,3,Design,Database model,11,Data Structure,4 - Frequent / important,4,3 - Moderate,3,12,2 - Easy
Expert_Survey_E12_MK.xlsx,E12_MK,1,20+,3,Design,Database model,12,IT Data Types,3 - Moderate / recurring,3,3 - Moderate,3,9,3 - Moderate
Expert_Survey_E12_MK.xlsx,E12_MK,1,20+,3,Design,Database model,13,Denormalization,2 - Occasional / peripheral,2,5 - Very difficult,5,10,4 - Difficult
Expert_Survey_E12_MK.xlsx,E12_MK,1,20+,3,Design,Database model,14,Entity Diagrams,4 - Frequent / important,4,3 - Moderate,3,12,5 - Very difficult
Expert_Survey_E12_MK.xlsx,E12_MK,1,20+,3,Design,Database model,15,Enumerations,3 - Moderate / recurring,3,3 - Moderate,3,9,
Expert_Survey_E12_MK.xlsx,E12_MK,1,20+,3,Design,Database model,16,Expressions,3 - Moderate / recurring,3,3 - Moderate,3,9,Instruction
Expert_Survey_E12_MK.xlsx,E12_MK,1,20+,3,Design,Database model,17,Relational Database,4 - Frequent / important,4,3 - Moderate,3,12,
Expert_Survey_E12_MK.xlsx,E12_MK,1,20+,3,Design,Database model,18,XML/XPath,3 - Moderate / recurring,3,4 - Difficult,4,12,
Expert_Survey_E12_MK.xlsx,E12_MK,1,20+,3,Design,UI model,19,+App templates,5 - Essential / continuous,5,1 - Very easy,1,5,
Expert_Survey_E12_MK.xlsx,E12_MK,1,20+,3,Design,UI model,20,+Business Data Types,5 - Essential / continuous,5,1 - Very easy,1,5,
Expert_Survey_E12_MK.xlsx,E12_MK,1,20+,3,Design,UI model,21,+Screen Templates,5 - Essential / continuous,5,1 - Very easy,1,5,
Expert_Survey_E12_MK.xlsx,E12_MK,1,20+,3,Design,UI model,22,+UI Branding,4 - Frequent / important,4,1 - Very easy,1,4,
Expert_Survey_E12_MK.xlsx,E12_MK,1,20+,3,Design,UI model,23,+View Types,4 - Frequent / important,4,1 - Very easy,1,4,
Expert_Survey_E12_MK.xlsx,E12_MK,1,20+,3,Design,UI model,24,Expressions,3 - Moderate / recurring,3,3 - Moderate,3,9,
Expert_Survey_E12_MK.xlsx,E12_MK,1,20+,3,Design,UI model,25,IT Data Types,3 - Moderate / recurring,3,3 - Moderate,3,9,
Expert_Survey_E12_MK.xlsx,E12_MK,1,20+,3,Design,UI model,26,Functions,3 - Moderate / recurring,3,3 - Moderate,3,9,
Expert_Survey_E12_MK.xlsx,E12_MK,1,20+,3,Design,UI model,27,Model-driven Apps,3 - Moderate / recurring,3,3 - Moderate,3,9,
Expert_Survey_E12_MK.xlsx,E12_MK,1,20+,3,Design,UI model,28,Reactive Web App,3 - Moderate / recurring,3,3 - Moderate,3,9,
Expert_Survey_E12_MK.xlsx,E12_MK,1,20+,3,Design,UI model,29,Responsive Web Design,3 - Moderate / recurring,3,3 - Moderate,3,9,
Expert_Survey_E12_MK.xlsx,E12_MK,1,20+,3,Design,UI model,30,Variables,3 - Moderate / recurring,3,3 - Moderate,3,9,
Expert_Survey_E12_MK.xlsx,E12_MK,1,20+,3,Design,Validations,31,+Business Rules,4 - Frequent / important,4,1 - Very easy,1,4,
Expert_Survey_E12_MK.xlsx,E12_MK,1,20+,3,Design,Validations,32,+Lookup/Drop-down,5 - Essential / continuous,5,1 - Very easy,1,5,
Expert_Survey_E12_MK.xlsx,E12_MK,1,20+,3,Design,Validations,33,Expressions,3 - Moderate / recurring,3,3 - Moderate,3,9,
Expert_Survey_E12_MK.xlsx,E12_MK,1,20+,3,Design,Validations,34,Enumerations,3 - Moderate / recurring,3,3 - Moderate,3,9,
Expert_Survey_E12_MK.xlsx,E12_MK,1,20+,3,Design,Validations,35,JavaScript,3 - Moderate / recurring,3,4 - Difficult,4,12,
Expert_Survey_E12_MK.xlsx,E12_MK,1,20+,3,Design,Validations,36,Scripts,3 - Moderate / recurring,3,4 - Difficult,4,12,
Expert_Survey_E12_MK.xlsx,E12_MK,1,20+,3,Design,Validations,37,Transactions,3 - Moderate / recurring,3,3 - Moderate,3,9,
Expert_Survey_E12_MK.xlsx,E12_MK,1,20+,3,Design,Application logic,38,+Actions,4 - Frequent / important,4,1 - Very easy,1,4,
Expert_Survey_E12_MK.xlsx,E12_MK,1,20+,3,Design,Application logic,39,+Graphical actions,4 - Frequent / important,4,1 - Very easy,1,4,
Expert_Survey_E12_MK.xlsx,E12_MK,1,20+,3,Design,Application logic,40,+NLP,4 - Frequent / important,4,1 - Very easy,1,4,
Expert_Survey_E12_MK.xlsx,E12_MK,1,20+,3,Design,Application logic,41,+Custom Language,4 - Frequent / important,4,1 - Very easy,1,4,
Expert_Survey_E12_MK.xlsx,E12_MK,1,20+,3,Design,Application logic,42,+Predefined Tasks,5 - Essential / continuous,5,1 - Very easy,1,5,
Expert_Survey_E12_MK.xlsx,E12_MK,1,20+,3,Design,Application logic,43,UML,3 - Moderate / recurring,3,3 - Moderate,3,9,
Expert_Survey_E12_MK.xlsx,E12_MK,1,20+,3,Design,Application logic,44,Algorithms,2 - Occasional / peripheral,2,5 - Very difficult,5,10,
Expert_Survey_E12_MK.xlsx,E12_MK,1,20+,3,Design,Application logic,45,Expressions,3 - Moderate / recurring,3,3 - Moderate,3,9,
Expert_Survey_E12_MK.xlsx,E12_MK,1,20+,3,Design,Application logic,46,Control Structures,3 - Moderate / recurring,3,3 - Moderate,3,9,
Expert_Survey_E12_MK.xlsx,E12_MK,1,20+,3,Design,Application logic,47,IT Data Types,3 - Moderate / recurring,3,3 - Moderate,3,9,
Expert_Survey_E12_MK.xlsx,E12_MK,1,20+,3,Design,Application logic,48,Events,3 - Moderate / recurring,3,3 - Moderate,3,9,
Expert_Survey_E12_MK.xlsx,E12_MK,1,20+,3,Design,Application logic,49,Formulas,3 - Moderate / recurring,3,3 - Moderate,3,9,
Expert_Survey_E12_MK.xlsx,E12_MK,1,20+,3,Design,Application logic,50,Functions,3 - Moderate / recurring,3,3 - Moderate,3,9,
Expert_Survey_E12_MK.xlsx,E12_MK,1,20+,3,Design,Application logic,51,Java,3 - Moderate / recurring,3,4 - Difficult,4,12,
Expert_Survey_E12_MK.xlsx,E12_MK,1,20+,3,Design,Application logic,52,JavaScript,3 - Moderate / recurring,3,4 - Difficult,4,12,
Expert_Survey_E12_MK.xlsx,E12_MK,1,20+,3,Design,Application logic,53,Microservices,3 - Moderate / recurring,3,3 - Moderate,3,9,
Expert_Survey_E12_MK.xlsx,E12_MK,1,20+,3,Design,Application logic,54,SQL,3 - Moderate / recurring,3,4 - Difficult,4,12,
Expert_Survey_E12_MK.xlsx,E12_MK,1,20+,3,Design,Application logic,55,Variables,3 - Moderate / recurring,3,3 - Moderate,3,9,
Expert_Survey_E12_MK.xlsx,E12_MK,1,20+,3,Development,Workflow design and development,56,+BPMN Process Model,4 - Frequent / important,4,3 - Moderate,3,12,
Expert_Survey_E12_MK.xlsx,E12_MK,1,20+,3,Development,Workflow design and development,57,Expressions,3 - Moderate / recurring,3,3 - Moderate,3,9,
Expert_Survey_E12_MK.xlsx,E12_MK,1,20+,3,Development,Workflow design and development,58,Custom Process Model,4 - Frequent / important,4,3 - Moderate,3,12,
Expert_Survey_E12_MK.xlsx,E12_MK,1,20+,3,Development,Workflow design and development,59,Events,3 - Moderate / recurring,3,3 - Moderate,3,9,
Expert_Survey_E12_MK.xlsx,E12_MK,1,20+,3,Development,Workflow design and development,60,Java API,3 - Moderate / recurring,3,4 - Difficult,4,12,
Expert_Survey_E12_MK.xlsx,E12_MK,1,20+,3,Development,Workflow design and development,61,JavaScript,3 - Moderate / recurring,3,4 - Difficult,4,12,
Expert_Survey_E12_MK.xlsx,E12_MK,1,20+,3,Development,Workflow design and development,62,REST API,3 - Moderate / recurring,3,4 - Difficult,4,12,
Expert_Survey_E12_MK.xlsx,E12_MK,1,20+,3,Development,Workflow design and development,63,Triggers,3 - Moderate / recurring,3,3 - Moderate,3,9,
Expert_Survey_E12_MK.xlsx,E12_MK,1,20+,3,Development,Database design,64,+Business Data Types,5 - Essential / continuous,5,1 - Very easy,1,5,
Expert_Survey_E12_MK.xlsx,E12_MK,1,20+,3,Development,Database design,65,+Custom Database Model,4 - Frequent / important,4,1 - Very easy,1,4,
Expert_Survey_E12_MK.xlsx,E12_MK,1,20+,3,Development,Database design,66,+References,4 - Frequent / important,4,1 - Very easy,1,4,
Expert_Survey_E12_MK.xlsx,E12_MK,1,20+,3,Development,Database design,67,+Slices,4 - Frequent / important,4,1 - Very easy,1,4,
Expert_Survey_E12_MK.xlsx,E12_MK,1,20+,3,Development,Database design,68,Actions,3 - Moderate / recurring,3,3 - Moderate,3,9,
Expert_Survey_E12_MK.xlsx,E12_MK,1,20+,3,Development,Database design,69,Expressions,3 - Moderate / recurring,3,3 - Moderate,3,9,
Expert_Survey_E12_MK.xlsx,E12_MK,1,20+,3,Development,Database design,70,Relational Database,4 - Frequent / important,4,3 - Moderate,3,12,
Expert_Survey_E12_MK.xlsx,E12_MK,1,20+,3,Development,Database design,71,Entity Diagrams,4 - Frequent / important,4,3 - Moderate,3,12,
Expert_Survey_E12_MK.xlsx,E12_MK,1,20+,3,Development,Database design,72,Functions,3 - Moderate / recurring,3,3 - Moderate,3,9,
Expert_Survey_E12_MK.xlsx,E12_MK,1,20+,3,Development,Database design,73,SQL,3 - Moderate / recurring,3,4 - Difficult,4,12,
Expert_Survey_E12_MK.xlsx,E12_MK,1,20+,3,Development,Database design,74,IT Data Types,3 - Moderate / recurring,3,3 - Moderate,3,9,
Expert_Survey_E12_MK.xlsx,E12_MK,1,20+,3,Development,Database design,75,Web API,3 - Moderate / recurring,3,4 - Difficult,4,12,
Expert_Survey_E12_MK.xlsx,E12_MK,1,20+,3,Development,Fetching data,76,.NET,3 - Moderate / recurring,3,3 - Moderate,3,9,
Expert_Survey_E12_MK.xlsx,E12_MK,1,20+,3,Development,Fetching data,77,+Cloud-based Spreadsheets,4 - Frequent / important,4,1 - Very easy,1,4,
Expert_Survey_E12_MK.xlsx,E12_MK,1,20+,3,Development,Fetching data,78,+GUI Queries,4 - Frequent / important,4,1 - Very easy,1,4,
Expert_Survey_E12_MK.xlsx,E12_MK,1,20+,3,Development,Fetching data,79,+Human Language,4 - Frequent / important,4,1 - Very easy,1,4,
Expert_Survey_E12_MK.xlsx,E12_MK,1,20+,3,Development,Fetching data,80,+Integrated Data Sources,4 - Frequent / important,4,1 - Very easy,1,4,
Expert_Survey_E12_MK.xlsx,E12_MK,1,20+,3,Development,Fetching data,81,Cloud Services,3 - Moderate / recurring,3,3 - Moderate,3,9,
Expert_Survey_E12_MK.xlsx,E12_MK,1,20+,3,Development,Fetching data,82,Custom Query Language,3 - Moderate / recurring,3,3 - Moderate,3,9,
Expert_Survey_E12_MK.xlsx,E12_MK,1,20+,3,Development,Fetching data,83,Data Source Integration,3 - Moderate / recurring,3,3 - Moderate,3,9,
Expert_Survey_E12_MK.xlsx,E12_MK,1,20+,3,Development,Fetching data,84,Formulas,3 - Moderate / recurring,3,3 - Moderate,3,9,
Expert_Survey_E12_MK.xlsx,E12_MK,1,20+,3,Development,Fetching data,85,Local Storage,3 - Moderate / recurring,3,3 - Moderate,3,9,
Expert_Survey_E12_MK.xlsx,E12_MK,1,20+,3,Development,Fetching data,86,OAuth,3 - Moderate / recurring,3,3 - Moderate,3,9,
Expert_Survey_E12_MK.xlsx,E12_MK,1,20+,3,Development,Fetching data,87,REST API,3 - Moderate / recurring,3,4 - Difficult,4,12,
Expert_Survey_E12_MK.xlsx,E12_MK,1,20+,3,Development,Fetching data,88,SDK,3 - Moderate / recurring,3,3 - Moderate,3,9,
Expert_Survey_E12_MK.xlsx,E12_MK,1,20+,3,Development,Fetching data,89,SQL,3 - Moderate / recurring,3,4 - Difficult,4,12,
Expert_Survey_E12_MK.xlsx,E12_MK,1,20+,3,Development,Fetching data,90,URL,3 - Moderate / recurring,3,3 - Moderate,3,9,
Expert_Survey_E12_MK.xlsx,E12_MK,1,20+,3,Development,Fetching data,91,Web API,3 - Moderate / recurring,3,4 - Difficult,4,12,
Expert_Survey_E12_MK.xlsx,E12_MK,1,20+,3,Development,GUI design and development,92,+AI Support,4 - Frequent / important,4,1 - Very easy,1,4,
Expert_Survey_E12_MK.xlsx,E12_MK,1,20+,3,Development,GUI design and development,93,+Business Data Types,5 - Essential / continuous,5,1 - Very easy,1,5,
Expert_Survey_E12_MK.xlsx,E12_MK,1,20+,3,Development,GUI design and development,94,+Conditional Formatting,4 - Frequent / important,4,1 - Very easy,1,4,
Expert_Survey_E12_MK.xlsx,E12_MK,1,20+,3,Development,GUI design and development,95,+GUI Style Editor,4 - Frequent / important,4,1 - Very easy,1,4,
Expert_Survey_E12_MK.xlsx,E12_MK,1,20+,3,Development,GUI design and development,96,+Templatized Formulas,4 - Frequent / important,4,1 - Very easy,1,4,
Expert_Survey_E12_MK.xlsx,E12_MK,1,20+,3,Development,GUI design and development,97,+UI Branding,4 - Frequent / important,4,1 - Very easy,1,4,
Expert_Survey_E12_MK.xlsx,E12_MK,1,20+,3,Development,GUI design and development,98,+View Types,4 - Frequent / important,4,1 - Very easy,1,4,
Expert_Survey_E12_MK.xlsx,E12_MK,1,20+,3,Development,GUI design and development,99,+WYSIWYG,4 - Frequent / important,4,1 - Very easy,1,4,
Expert_Survey_E12_MK.xlsx,E12_MK,1,20+,3,Development,GUI design and development,100,CSS/SCSS,3 - Moderate / recurring,3,3 - Moderate,3,9,
Expert_Survey_E12_MK.xlsx,E12_MK,1,20+,3,Development,GUI design and development,101,Event Propagation,3 - Moderate / recurring,3,3 - Moderate,3,9,
Expert_Survey_E12_MK.xlsx,E12_MK,1,20+,3,Development,GUI design and development,102,Responsive Web Design,3 - Moderate / recurring,3,3 - Moderate,3,9,
Expert_Survey_E12_MK.xlsx,E12_MK,1,20+,3,Development,GUI design and development,103,HTML,3 - Moderate / recurring,3,3 - Moderate,3,9,
Expert_Survey_E12_MK.xlsx,E12_MK,1,20+,3,Development,GUI design and development,104,IT Data Types,3 - Moderate / recurring,3,3 - Moderate,3,9,
Expert_Survey_E12_MK.xlsx,E12_MK,1,20+,3,Development,GUI design and development,105,JavaScript,3 - Moderate / recurring,3,4 - Difficult,4,12,
Expert_Survey_E12_MK.xlsx,E12_MK,1,20+,3,Development,GUI design and development,106,Master Detail,3 - Moderate / recurring,3,3 - Moderate,3,9,
Expert_Survey_E12_MK.xlsx,E12_MK,1,20+,3,Development,GUI design and development,107,Programming Functions,3 - Moderate / recurring,3,3 - Moderate,3,9,
Expert_Survey_E12_MK.xlsx,E12_MK,1,20+,3,Development,GUI design and development,108,Scripts,3 - Moderate / recurring,3,4 - Difficult,4,12,
Expert_Survey_E12_MK.xlsx,E12_MK,1,20+,3,Development,GUI design and development,109,Snippets,3 - Moderate / recurring,3,3 - Moderate,3,9,
Expert_Survey_E12_MK.xlsx,E12_MK,1,20+,3,Development,GUI design and development,110,Variables,3 - Moderate / recurring,3,3 - Moderate,3,9,
Expert_Survey_E12_MK.xlsx,E12_MK,1,20+,3,Development,GUI design and development,111,XML,3 - Moderate / recurring,3,4 - Difficult,4,12,
Expert_Survey_E12_MK.xlsx,E12_MK,1,20+,3,Development,Data validation development,112,+Business Rules,4 - Frequent / important,4,1 - Very easy,1,4,
Expert_Survey_E12_MK.xlsx,E12_MK,1,20+,3,Development,Data validation development,113,+Column Expressions,4 - Frequent / important,4,1 - Very easy,1,4,
Expert_Survey_E12_MK.xlsx,E12_MK,1,20+,3,Development,Data validation development,114,Expressions,3 - Moderate / recurring,3,3 - Moderate,3,9,
Expert_Survey_E12_MK.xlsx,E12_MK,1,20+,3,Development,Data validation development,115,Data Fields,3 - Moderate / recurring,3,3 - Moderate,3,9,
Expert_Survey_E12_MK.xlsx,E12_MK,1,20+,3,Development,Data validation development,116,Domain Model,4 - Frequent / important,4,3 - Moderate,3,12,
Expert_Survey_E12_MK.xlsx,E12_MK,1,20+,3,Development,Data validation development,117,Scripts,3 - Moderate / recurring,3,4 - Difficult,4,12,
Expert_Survey_E12_MK.xlsx,E12_MK,1,20+,3,Development,Actions design and development,118,+AI Assisted Development,4 - Frequent / important,4,1 - Very easy,1,4,
Expert_Survey_E12_MK.xlsx,E12_MK,1,20+,3,Development,Actions design and development,119,+Automations,4 - Frequent / important,4,1 - Very easy,1,4,
Expert_Survey_E12_MK.xlsx,E12_MK,1,20+,3,Development,Actions design and development,120,+Built-in Connectors,4 - Frequent / important,4,1 - Very easy,1,4,
Expert_Survey_E12_MK.xlsx,E12_MK,1,20+,3,Development,Actions design and development,121,API,3 - Moderate / recurring,3,4 - Difficult,4,12,
Expert_Survey_E12_MK.xlsx,E12_MK,1,20+,3,Development,Actions design and development,122,Expressions,3 - Moderate / recurring,3,3 - Moderate,3,9,
Expert_Survey_E12_MK.xlsx,E12_MK,1,20+,3,Development,Actions design and development,123,Functions,3 - Moderate / recurring,3,3 - Moderate,3,9,
Expert_Survey_E12_MK.xlsx,E12_MK,1,20+,3,Development,Actions design and development,124,Java,3 - Moderate / recurring,3,4 - Difficult,4,12,
Expert_Survey_E12_MK.xlsx,E12_MK,1,20+,3,Development,Actions design and development,125,JavaScript,3 - Moderate / recurring,3,4 - Difficult,4,12,
Expert_Survey_E12_MK.xlsx,E12_MK,1,20+,3,Development,Actions design and development,126,Object Model,3 - Moderate / recurring,3,3 - Moderate,3,9,
Expert_Survey_E12_MK.xlsx,E12_MK,1,20+,3,Development,Actions design and development,127,Scripts,3 - Moderate / recurring,3,4 - Difficult,4,12,
Expert_Survey_E12_MK.xlsx,E12_MK,1,20+,3,Development,Actions design and development,128,SOAP,3 - Moderate / recurring,3,4 - Difficult,4,12,
Expert_Survey_E12_MK.xlsx,E12_MK,1,20+,3,Development,Programming,129,.NET,3 - Moderate / recurring,3,3 - Moderate,3,9,
Expert_Survey_E12_MK.xlsx,E12_MK,1,20+,3,Development,Programming,130,+Visual Programming,4 - Frequent / important,4,1 - Very easy,1,4,
Expert_Survey_E12_MK.xlsx,E12_MK,1,20+,3,Development,Programming,131,Expressions,3 - Moderate / recurring,3,3 - Moderate,3,9,
Expert_Survey_E12_MK.xlsx,E12_MK,1,20+,3,Development,Programming,132,CLI,3 - Moderate / recurring,3,3 - Moderate,3,9,
Expert_Survey_E12_MK.xlsx,E12_MK,1,20+,3,Development,Programming,133,IT Data Types,3 - Moderate / recurring,3,3 - Moderate,3,9,
Expert_Survey_E12_MK.xlsx,E12_MK,1,20+,3,Development,Programming,134,Eclipse,3 - Moderate / recurring,3,3 - Moderate,3,9,
Expert_Survey_E12_MK.xlsx,E12_MK,1,20+,3,Development,Programming,135,Emulators,3 - Moderate / recurring,3,3 - Moderate,3,9,
Expert_Survey_E12_MK.xlsx,E12_MK,1,20+,3,Development,Programming,136,Entity Types,4 - Frequent / important,4,3 - Moderate,3,12,
Expert_Survey_E12_MK.xlsx,E12_MK,1,20+,3,Development,Programming,137,Enumerations,3 - Moderate / recurring,3,3 - Moderate,3,9,
Expert_Survey_E12_MK.xlsx,E12_MK,1,20+,3,Development,Programming,138,Functions,3 - Moderate / recurring,3,3 - Moderate,3,9,
Expert_Survey_E12_MK.xlsx,E12_MK,1,20+,3,Development,Programming,139,HTML,3 - Moderate / recurring,3,3 - Moderate,3,9,
Expert_Survey_E12_MK.xlsx,E12_MK,1,20+,3,Development,Programming,140,SDK/IDE,3 - Moderate / recurring,3,3 - Moderate,3,9,
Expert_Survey_E12_MK.xlsx,E12_MK,1,20+,3,Development,Programming,141,Iteration Statements,3 - Moderate / recurring,3,3 - Moderate,3,9,
Expert_Survey_E12_MK.xlsx,E12_MK,1,20+,3,Development,Programming,142,Java,3 - Moderate / recurring,3,4 - Difficult,4,12,
Expert_Survey_E12_MK.xlsx,E12_MK,1,20+,3,Development,Programming,143,Java API,3 - Moderate / recurring,3,4 - Difficult,4,12,
Expert_Survey_E12_MK.xlsx,E12_MK,1,20+,3,Development,Programming,144,JavaScript,3 - Moderate / recurring,3,4 - Difficult,4,12,
Expert_Survey_E12_MK.xlsx,E12_MK,1,20+,3,Development,Programming,145,JSON,3 - Moderate / recurring,3,3 - Moderate,3,9,
Expert_Survey_E12_MK.xlsx,E12_MK,1,20+,3,Development,Programming,146,Markup Language,3 - Moderate / recurring,3,3 - Moderate,3,9,
Expert_Survey_E12_MK.xlsx,E12_MK,1,20+,3,Development,Programming,147,Metadata,3 - Moderate / recurring,3,3 - Moderate,3,9,
Expert_Survey_E12_MK.xlsx,E12_MK,1,20+,3,Development,Programming,148,Native Mobile App,3 - Moderate / recurring,3,3 - Moderate,3,9,
Expert_Survey_E12_MK.xlsx,E12_MK,1,20+,3,Development,Programming,149,node.js,3 - Moderate / recurring,3,3 - Moderate,3,9,
Expert_Survey_E12_MK.xlsx,E12_MK,1,20+,3,Development,Programming,150,PWA,3 - Moderate / recurring,3,3 - Moderate,3,9,
Expert_Survey_E12_MK.xlsx,E12_MK,1,20+,3,Development,Programming,151,Query Functions,3 - Moderate / recurring,3,3 - Moderate,3,9,
Expert_Survey_E12_MK.xlsx,E12_MK,1,20+,3,Development,Programming,152,Scripts,3 - Moderate / recurring,3,4 - Difficult,4,12,
Expert_Survey_E12_MK.xlsx,E12_MK,1,20+,3,Development,Programming,153,Snippets,3 - Moderate / recurring,3,3 - Moderate,3,9,
Expert_Survey_E12_MK.xlsx,E12_MK,1,20+,3,Development,Programming,154,TypeScript,3 - Moderate / recurring,3,4 - Difficult,4,12,
Expert_Survey_E12_MK.xlsx,E12_MK,1,20+,3,Development,Programming,155,Web API,3 - Moderate / recurring,3,4 - Difficult,4,12,
Expert_Survey_E12_MK.xlsx,E12_MK,1,20+,3,Development,Programming,156,XML,3 - Moderate / recurring,3,4 - Difficult,4,12,
Expert_Survey_E12_MK.xlsx,E12_MK,1,20+,3,Implementation,Runtime server installation,157,+Cloud Based Environment,4 - Frequent / important,4,1 - Very easy,1,4,
Expert_Survey_E12_MK.xlsx,E12_MK,1,20+,3,Implementation,Runtime server installation,158,API,3 - Moderate / recurring,3,4 - Difficult,4,12,
Expert_Survey_E12_MK.xlsx,E12_MK,1,20+,3,Implementation,Runtime server installation,159,Compiler Service,3 - Moderate / recurring,3,3 - Moderate,3,9,
Expert_Survey_E12_MK.xlsx,E12_MK,1,20+,3,Implementation,Runtime server installation,160,Database Synchronization,3 - Moderate / recurring,3,3 - Moderate,3,9,
Expert_Survey_E12_MK.xlsx,E12_MK,1,20+,3,Implementation,Runtime server installation,161,Deployment Controller Service,3 - Moderate / recurring,3,3 - Moderate,3,9,
Expert_Survey_E12_MK.xlsx,E12_MK,1,20+,3,Implementation,Runtime server installation,162,Email Server (SMTP),3 - Moderate / recurring,3,3 - Moderate,3,9,
Expert_Survey_E12_MK.xlsx,E12_MK,1,20+,3,Implementation,Runtime server installation,163,File Storage,3 - Moderate / recurring,3,3 - Moderate,3,9,
Expert_Survey_E12_MK.xlsx,E12_MK,1,20+,3,Implementation,Runtime server installation,164,HTTPS Server,3 - Moderate / recurring,3,3 - Moderate,3,9,
Expert_Survey_E12_MK.xlsx,E12_MK,1,20+,3,Implementation,Runtime server installation,165,Java,3 - Moderate / recurring,3,4 - Difficult,4,12,
Expert_Survey_E12_MK.xlsx,E12_MK,1,20+,3,Implementation,Runtime server installation,166,Load Balancing,3 - Moderate / recurring,3,3 - Moderate,3,9,
Expert_Survey_E12_MK.xlsx,E12_MK,1,20+,3,Implementation,Runtime server installation,167,Log Service,3 - Moderate / recurring,3,3 - Moderate,3,9,
Expert_Survey_E12_MK.xlsx,E12_MK,1,20+,3,Implementation,Runtime server installation,168,Mobile App,3 - Moderate / recurring,3,3 - Moderate,3,9,
Expert_Survey_E12_MK.xlsx,E12_MK,1,20+,3,Implementation,Runtime server installation,169,OQL,3 - Moderate / recurring,3,3 - Moderate,3,9,
Expert_Survey_E12_MK.xlsx,E12_MK,1,20+,3,Implementation,Runtime server installation,170,Proxy server,3 - Moderate / recurring,3,3 - Moderate,3,9,
Expert_Survey_E12_MK.xlsx,E12_MK,1,20+,3,Implementation,Runtime server installation,171,Relational Database,4 - Frequent / important,4,3 - Moderate,3,12,
Expert_Survey_E12_MK.xlsx,E12_MK,1,20+,3,Implementation,Runtime server installation,172,REST API,3 - Moderate / recurring,3,4 - Difficult,4,12,
Expert_Survey_E12_MK.xlsx,E12_MK,1,20+,3,Implementation,Runtime server installation,173,SAML Authentication,3 - Moderate / recurring,3,4 - Difficult,4,12,
Expert_Survey_E12_MK.xlsx,E12_MK,1,20+,3,Implementation,Runtime server installation,174,Scheduler Service,3 - Moderate / recurring,3,3 - Moderate,3,9,
Expert_Survey_E12_MK.xlsx,E12_MK,1,20+,3,Implementation,Runtime server installation,175,Shared Libraries,3 - Moderate / recurring,3,3 - Moderate,3,9,
Expert_Survey_E12_MK.xlsx,E12_MK,1,20+,3,Implementation,Runtime server installation,176,SOAP,3 - Moderate / recurring,3,4 - Difficult,4,12,
Expert_Survey_E12_MK.xlsx,E12_MK,1,20+,3,Implementation,Runtime server installation,177,SSL Certificates,3 - Moderate / recurring,3,3 - Moderate,3,9,
Expert_Survey_E12_MK.xlsx,E12_MK,1,20+,3,Implementation,Runtime server installation,178,Swagger,3 - Moderate / recurring,3,3 - Moderate,3,9,
Expert_Survey_E12_MK.xlsx,E12_MK,1,20+,3,Implementation,Runtime server installation,179,WSDL,3 - Moderate / recurring,3,3 - Moderate,3,9,
Expert_Survey_E12_MK.xlsx,E12_MK,1,20+,3,Implementation,Runtime server installation,180,XML/XPath,3 - Moderate / recurring,3,4 - Difficult,4,12,
Expert_Survey_E12_MK.xlsx,E12_MK,1,20+,3,Implementation,Database installation,181,+Embedded Database,4 - Frequent / important,4,1 - Very easy,1,4,
Expert_Survey_E12_MK.xlsx,E12_MK,1,20+,3,Implementation,Database installation,182,File Storage,3 - Moderate / recurring,3,3 - Moderate,3,9,
Expert_Survey_E12_MK.xlsx,E12_MK,1,20+,3,Implementation,Database installation,183,Relational Database,4 - Frequent / important,4,3 - Moderate,3,12,
Expert_Survey_E12_MK.xlsx,E12_MK,1,20+,3,Implementation,Database installation,184,REST API,3 - Moderate / recurring,3,4 - Difficult,4,12,
Expert_Survey_E12_MK.xlsx,E12_MK,1,20+,3,Implementation,Client module installation,185,.NET Framework,3 - Moderate / recurring,3,3 - Moderate,3,9,
Expert_Survey_E12_MK.xlsx,E12_MK,1,20+,3,Implementation,Client module installation,186,+Mobile App,4 - Frequent / important,4,1 - Very easy,1,4,
Expert_Survey_E12_MK.xlsx,E12_MK,1,20+,3,Implementation,Client module installation,187,+Web Browser,4 - Frequent / important,4,1 - Very easy,1,4,
Expert_Survey_E12_MK.xlsx,E12_MK,1,20+,3,Implementation,Client module installation,188,API,3 - Moderate / recurring,3,4 - Difficult,4,12,
Expert_Survey_E12_MK.xlsx,E12_MK,1,20+,3,Implementation,Client module installation,189,Binaries,3 - Moderate / recurring,3,3 - Moderate,3,9,
Expert_Survey_E12_MK.xlsx,E12_MK,1,20+,3,Implementation,Client module installation,190,HTTPS Server,3 - Moderate / recurring,3,3 - Moderate,3,9,
Expert_Survey_E12_MK.xlsx,E12_MK,1,20+,3,Implementation,Client module installation,191,URL Configuration,3 - Moderate / recurring,3,3 - Moderate,3,9,
Expert_Survey_E12_MK.xlsx,E12_MK,1,20+,3,Implementation,Client module installation,192,Web Services,3 - Moderate / recurring,3,3 - Moderate,3,9,
Expert_Survey_E12_MK.xlsx,E12_MK,1,20+,3,Implementation,Deployment,193,+App Gallery,4 - Frequent / important,4,1 - Very easy,1,4,
Expert_Survey_E12_MK.xlsx,E12_MK,1,20+,3,Implementation,Deployment,194,+Software as a Service,4 - Frequent / important,4,1 - Very easy,1,4,
Expert_Survey_E12_MK.xlsx,E12_MK,1,20+,3,Implementation,Deployment,195,Application IDE,3 - Moderate / recurring,3,3 - Moderate,3,9,
Expert_Survey_E12_MK.xlsx,E12_MK,1,20+,3,Implementation,Deployment,196,CI/CD,3 - Moderate / recurring,3,3 - Moderate,3,9,
Expert_Survey_E12_MK.xlsx,E12_MK,1,20+,3,Implementation,Deployment,197,Cloud Computing,3 - Moderate / recurring,3,3 - Moderate,3,9,
Expert_Survey_E12_MK.xlsx,E12_MK,1,20+,3,Implementation,Deployment,198,Cloud Services,3 - Moderate / recurring,3,3 - Moderate,3,9,
Expert_Survey_E12_MK.xlsx,E12_MK,1,20+,3,Implementation,Deployment,199,Docker,3 - Moderate / recurring,3,3 - Moderate,3,9,
Expert_Survey_E12_MK.xlsx,E12_MK,1,20+,3,Implementation,Deployment,200,Import/Export,3 - Moderate / recurring,3,3 - Moderate,3,9,
Expert_Survey_E12_MK.xlsx,E12_MK,1,20+,3,Implementation,Deployment,201,Kubernetes,3 - Moderate / recurring,3,3 - Moderate,3,9,
Expert_Survey_E12_MK.xlsx,E12_MK,1,20+,3,Implementation,Deployment,202,On-Premise,3 - Moderate / recurring,3,3 - Moderate,3,9,
Expert_Survey_E12_MK.xlsx,E12_MK,1,20+,3,Implementation,Deployment,203,On-premises Data Gateway,3 - Moderate / recurring,3,3 - Moderate,3,9,
Expert_Survey_E12_MK.xlsx,E12_MK,1,20+,3,Implementation,Deployment,204,REST API,3 - Moderate / recurring,3,4 - Difficult,4,12,
Expert_Survey_E12_MK.xlsx,E12_MK,1,20+,3,Implementation,Deployment,205,Scripts,3 - Moderate / recurring,3,4 - Difficult,4,12,
Expert_Survey_E12_MK.xlsx,E12_MK,1,20+,3,Implementation,Deployment,206,SOAP,3 - Moderate / recurring,3,4 - Difficult,4,12,
Expert_Survey_E12_MK.xlsx,E12_MK,1,20+,3,Implementation,Version control,207,Code Repository Concept,3 - Moderate / recurring,3,3 - Moderate,3,9,
Expert_Survey_E12_MK.xlsx,E12_MK,1,20+,3,Implementation,Version control,208,Custom Version Control,2 - Occasional / peripheral,2,5 - Very difficult,5,10,
Expert_Survey_E12_MK.xlsx,E12_MK,1,20+,3,Implementation,Version control,209,Git,3 - Moderate / recurring,3,4 - Difficult,4,12,
Expert_Survey_E13_MMA.xlsx,E13_MMA,1,20+,4,Design,Workflow model,1,+BPMN Process Model,4 - Frequent / important,4,2 - Easy,2,8,
Expert_Survey_E13_MMA.xlsx,E13_MMA,1,20+,4,Design,Workflow model,2,Custom Process Model,4 - Frequent / important,4,3 - Moderate,3,12,Usage Intensity
Expert_Survey_E13_MMA.xlsx,E13_MMA,1,20+,4,Design,Database model,3,+Business Data Types,4 - Frequent / important,4,1 - Very easy,1,4,1 - Rare / avoidable
Expert_Survey_E13_MMA.xlsx,E13_MMA,1,20+,4,Design,Database model,4,+Form-based Data,4 - Frequent / important,4,1 - Very easy,1,4,2 - Occasional / peripheral
Expert_Survey_E13_MMA.xlsx,E13_MMA,1,20+,4,Design,Database model,5,+Item-Detail,4 - Frequent / important,4,1 - Very easy,1,4,3 - Moderate / recurring
Expert_Survey_E13_MMA.xlsx,E13_MMA,1,20+,4,Design,Database model,6,+Lookup/Drop-down,4 - Frequent / important,4,1 - Very easy,1,4,4 - Frequent / important
Expert_Survey_E13_MMA.xlsx,E13_MMA,1,20+,4,Design,Database model,7,+Predefined Entities,4 - Frequent / important,4,1 - Very easy,1,4,5 - Essential / continuous
Expert_Survey_E13_MMA.xlsx,E13_MMA,1,20+,4,Design,Database model,8,Domain Model,4 - Frequent / important,4,3 - Moderate,3,12,
Expert_Survey_E13_MMA.xlsx,E13_MMA,1,20+,4,Design,Database model,9,Conditional Expressions,4 - Frequent / important,4,3 - Moderate,3,12,Difficulty of Acquisition
Expert_Survey_E13_MMA.xlsx,E13_MMA,1,20+,4,Design,Database model,10,Constraints,4 - Frequent / important,4,3 - Moderate,3,12,1 - Very easy
Expert_Survey_E13_MMA.xlsx,E13_MMA,1,20+,4,Design,Database model,11,Data Structure,4 - Frequent / important,4,3 - Moderate,3,12,2 - Easy
Expert_Survey_E13_MMA.xlsx,E13_MMA,1,20+,4,Design,Database model,12,IT Data Types,4 - Frequent / important,4,2 - Easy,2,8,3 - Moderate
Expert_Survey_E13_MMA.xlsx,E13_MMA,1,20+,4,Design,Database model,13,Denormalization,2 - Occasional / peripheral,2,4 - Difficult,4,8,4 - Difficult
Expert_Survey_E13_MMA.xlsx,E13_MMA,1,20+,4,Design,Database model,14,Entity Diagrams,3 - Moderate / recurring,3,3 - Moderate,3,9,5 - Very difficult
Expert_Survey_E13_MMA.xlsx,E13_MMA,1,20+,4,Design,Database model,15,Enumerations,4 - Frequent / important,4,2 - Easy,2,8,
Expert_Survey_E13_MMA.xlsx,E13_MMA,1,20+,4,Design,Database model,16,Expressions,4 - Frequent / important,4,3 - Moderate,3,12,Instruction
Expert_Survey_E13_MMA.xlsx,E13_MMA,1,20+,4,Design,Database model,17,Relational Database,3 - Moderate / recurring,3,4 - Difficult,4,12,
Expert_Survey_E13_MMA.xlsx,E13_MMA,1,20+,4,Design,Database model,18,XML/XPath,1 - Rare / avoidable,1,4 - Difficult,4,4,
Expert_Survey_E13_MMA.xlsx,E13_MMA,1,20+,4,Design,UI model,19,+App templates,4 - Frequent / important,4,1 - Very easy,1,4,
Expert_Survey_E13_MMA.xlsx,E13_MMA,1,20+,4,Design,UI model,20,+Business Data Types,4 - Frequent / important,4,1 - Very easy,1,4,
Expert_Survey_E13_MMA.xlsx,E13_MMA,1,20+,4,Design,UI model,21,+Screen Templates,4 - Frequent / important,4,1 - Very easy,1,4,
Expert_Survey_E13_MMA.xlsx,E13_MMA,1,20+,4,Design,UI model,22,+UI Branding,3 - Moderate / recurring,3,2 - Easy,2,6,
Expert_Survey_E13_MMA.xlsx,E13_MMA,1,20+,4,Design,UI model,23,+View Types,4 - Frequent / important,4,2 - Easy,2,8,
Expert_Survey_E13_MMA.xlsx,E13_MMA,1,20+,4,Design,UI model,24,Expressions,4 - Frequent / important,4,3 - Moderate,3,12,
Expert_Survey_E13_MMA.xlsx,E13_MMA,1,20+,4,Design,UI model,25,IT Data Types,3 - Moderate / recurring,3,2 - Easy,2,6,
Expert_Survey_E13_MMA.xlsx,E13_MMA,1,20+,4,Design,UI model,26,Functions,4 - Frequent / important,4,3 - Moderate,3,12,
Expert_Survey_E13_MMA.xlsx,E13_MMA,1,20+,4,Design,UI model,27,Model-driven Apps,4 - Frequent / important,4,2 - Easy,2,8,
Expert_Survey_E13_MMA.xlsx,E13_MMA,1,20+,4,Design,UI model,28,Reactive Web App,3 - Moderate / recurring,3,3 - Moderate,3,9,
Expert_Survey_E13_MMA.xlsx,E13_MMA,1,20+,4,Design,UI model,29,Responsive Web Design,3 - Moderate / recurring,3,3 - Moderate,3,9,
Expert_Survey_E13_MMA.xlsx,E13_MMA,1,20+,4,Design,UI model,30,Variables,4 - Frequent / important,4,3 - Moderate,3,12,
Expert_Survey_E13_MMA.xlsx,E13_MMA,1,20+,4,Design,Validations,31,+Business Rules,5 - Essential / continuous,5,2 - Easy,2,10,
Expert_Survey_E13_MMA.xlsx,E13_MMA,1,20+,4,Design,Validations,32,+Lookup/Drop-down,4 - Frequent / important,4,1 - Very easy,1,4,
Expert_Survey_E13_MMA.xlsx,E13_MMA,1,20+,4,Design,Validations,33,Expressions,4 - Frequent / important,4,3 - Moderate,3,12,
Expert_Survey_E13_MMA.xlsx,E13_MMA,1,20+,4,Design,Validations,34,Enumerations,3 - Moderate / recurring,3,2 - Easy,2,6,
Expert_Survey_E13_MMA.xlsx,E13_MMA,1,20+,4,Design,Validations,35,JavaScript,2 - Occasional / peripheral,2,4 - Difficult,4,8,
Expert_Survey_E13_MMA.xlsx,E13_MMA,1,20+,4,Design,Validations,36,Scripts,3 - Moderate / recurring,3,3 - Moderate,3,9,
Expert_Survey_E13_MMA.xlsx,E13_MMA,1,20+,4,Design,Validations,37,Transactions,3 - Moderate / recurring,3,2 - Easy,2,6,
Expert_Survey_E13_MMA.xlsx,E13_MMA,1,20+,4,Design,Application logic,38,+Actions,3 - Moderate / recurring,3,4 - Difficult,4,12,
Expert_Survey_E13_MMA.xlsx,E13_MMA,1,20+,4,Design,Application logic,39,+Graphical actions,4 - Frequent / important,4,1 - Very easy,1,4,
Expert_Survey_E13_MMA.xlsx,E13_MMA,1,20+,4,Design,Application logic,40,+NLP,5 - Essential / continuous,5,2 - Easy,2,10,
Expert_Survey_E13_MMA.xlsx,E13_MMA,1,20+,4,Design,Application logic,41,+Custom Language,4 - Frequent / important,4,1 - Very easy,1,4,
Expert_Survey_E13_MMA.xlsx,E13_MMA,1,20+,4,Design,Application logic,42,+Predefined Tasks,5 - Essential / continuous,5,1 - Very easy,1,5,
Expert_Survey_E13_MMA.xlsx,E13_MMA,1,20+,4,Design,Application logic,43,UML,4 - Frequent / important,4,3 - Moderate,3,12,
Expert_Survey_E13_MMA.xlsx,E13_MMA,1,20+,4,Design,Application logic,44,Algorithms,4 - Frequent / important,4,1 - Very easy,1,4,
Expert_Survey_E13_MMA.xlsx,E13_MMA,1,20+,4,Design,Application logic,45,Expressions,4 - Frequent / important,4,1 - Very easy,1,4,
Expert_Survey_E13_MMA.xlsx,E13_MMA,1,20+,4,Design,Application logic,46,Control Structures,4 - Frequent / important,4,2 - Easy,2,8,
Expert_Survey_E13_MMA.xlsx,E13_MMA,1,20+,4,Design,Application logic,47,IT Data Types,4 - Frequent / important,4,3 - Moderate,3,12,
Expert_Survey_E13_MMA.xlsx,E13_MMA,1,20+,4,Design,Application logic,48,Events,5 - Essential / continuous,5,2 - Easy,2,10,
Expert_Survey_E13_MMA.xlsx,E13_MMA,1,20+,4,Design,Application logic,49,Formulas,5 - Essential / continuous,5,2 - Easy,2,10,
Expert_Survey_E13_MMA.xlsx,E13_MMA,1,20+,4,Design,Application logic,50,Functions,3 - Moderate / recurring,3,2 - Easy,2,6,
Expert_Survey_E13_MMA.xlsx,E13_MMA,1,20+,4,Design,Application logic,51,Java,2 - Occasional / peripheral,2,5 - Very difficult,5,10,
Expert_Survey_E13_MMA.xlsx,E13_MMA,1,20+,4,Design,Application logic,52,JavaScript,3 - Moderate / recurring,3,4 - Difficult,4,12,
Expert_Survey_E13_MMA.xlsx,E13_MMA,1,20+,4,Design,Application logic,53,Microservices,2 - Occasional / peripheral,2,5 - Very difficult,5,10,
Expert_Survey_E13_MMA.xlsx,E13_MMA,1,20+,4,Design,Application logic,54,SQL,3 - Moderate / recurring,3,4 - Difficult,4,12,
Expert_Survey_E13_MMA.xlsx,E13_MMA,1,20+,4,Design,Application logic,55,Variables,4 - Frequent / important,4,3 - Moderate,3,12,
Expert_Survey_E13_MMA.xlsx,E13_MMA,1,20+,4,Development,Workflow design and development,56,+BPMN Process Model,4 - Frequent / important,4,2 - Easy,2,8,
Expert_Survey_E13_MMA.xlsx,E13_MMA,1,20+,4,Development,Workflow design and development,57,Expressions,5 - Essential / continuous,5,3 - Moderate,3,15,
Expert_Survey_E13_MMA.xlsx,E13_MMA,1,20+,4,Development,Workflow design and development,58,Custom Process Model,4 - Frequent / important,4,3 - Moderate,3,12,
Expert_Survey_E13_MMA.xlsx,E13_MMA,1,20+,4,Development,Workflow design and development,59,Events,4 - Frequent / important,4,3 - Moderate,3,12,
Expert_Survey_E13_MMA.xlsx,E13_MMA,1,20+,4,Development,Workflow design and development,60,Java API,2 - Occasional / peripheral,2,5 - Very difficult,5,10,
Expert_Survey_E13_MMA.xlsx,E13_MMA,1,20+,4,Development,Workflow design and development,61,JavaScript,3 - Moderate / recurring,3,4 - Difficult,4,12,
Expert_Survey_E13_MMA.xlsx,E13_MMA,1,20+,4,Development,Workflow design and development,62,REST API,4 - Frequent / important,4,4 - Difficult,4,16,
Expert_Survey_E13_MMA.xlsx,E13_MMA,1,20+,4,Development,Workflow design and development,63,Triggers,5 - Essential / continuous,5,2 - Easy,2,10,
Expert_Survey_E13_MMA.xlsx,E13_MMA,1,20+,4,Development,Database design,64,+Business Data Types,4 - Frequent / important,4,1 - Very easy,1,4,
Expert_Survey_E13_MMA.xlsx,E13_MMA,1,20+,4,Development,Database design,65,+Custom Database Model,3 - Moderate / recurring,3,4 - Difficult,4,12,
Expert_Survey_E13_MMA.xlsx,E13_MMA,1,20+,4,Development,Database design,66,+References,4 - Frequent / important,4,3 - Moderate,3,12,
Expert_Survey_E13_MMA.xlsx,E13_MMA,1,20+,4,Development,Database design,67,+Slices,3 - Moderate / recurring,3,2 - Easy,2,6,
Expert_Survey_E13_MMA.xlsx,E13_MMA,1,20+,4,Development,Database design,68,Actions,5 - Essential / continuous,5,2 - Easy,2,10,
Expert_Survey_E13_MMA.xlsx,E13_MMA,1,20+,4,Development,Database design,69,Expressions,5 - Essential / continuous,5,3 - Moderate,3,15,
Expert_Survey_E13_MMA.xlsx,E13_MMA,1,20+,4,Development,Database design,70,Relational Database,3 - Moderate / recurring,3,4 - Difficult,4,12,
Expert_Survey_E13_MMA.xlsx,E13_MMA,1,20+,4,Development,Database design,71,Entity Diagrams,3 - Moderate / recurring,3,3 - Moderate,3,9,
Expert_Survey_E13_MMA.xlsx,E13_MMA,1,20+,4,Development,Database design,72,Functions,4 - Frequent / important,4,3 - Moderate,3,12,
Expert_Survey_E13_MMA.xlsx,E13_MMA,1,20+,4,Development,Database design,73,SQL,3 - Moderate / recurring,3,4 - Difficult,4,12,
Expert_Survey_E13_MMA.xlsx,E13_MMA,1,20+,4,Development,Database design,74,IT Data Types,4 - Frequent / important,4,2 - Easy,2,8,
Expert_Survey_E13_MMA.xlsx,E13_MMA,1,20+,4,Development,Database design,75,Web API,4 - Frequent / important,4,4 - Difficult,4,16,
Expert_Survey_E13_MMA.xlsx,E13_MMA,1,20+,4,Development,Fetching data,76,.NET,1 - Rare / avoidable,1,5 - Very difficult,5,5,
Expert_Survey_E13_MMA.xlsx,E13_MMA,1,20+,4,Development,Fetching data,77,+Cloud-based Spreadsheets,3 - Moderate / recurring,3,1 - Very easy,1,3,
Expert_Survey_E13_MMA.xlsx,E13_MMA,1,20+,4,Development,Fetching data,78,+GUI Queries,4 - Frequent / important,4,2 - Easy,2,8,
Expert_Survey_E13_MMA.xlsx,E13_MMA,1,20+,4,Development,Fetching data,79,+Human Language,4 - Frequent / important,4,1 - Very easy,1,4,
Expert_Survey_E13_MMA.xlsx,E13_MMA,1,20+,4,Development,Fetching data,80,+Integrated Data Sources,5 - Essential / continuous,5,2 - Easy,2,10,
Expert_Survey_E13_MMA.xlsx,E13_MMA,1,20+,4,Development,Fetching data,81,Cloud Services,3 - Moderate / recurring,3,3 - Moderate,3,9,
Expert_Survey_E13_MMA.xlsx,E13_MMA,1,20+,4,Development,Fetching data,82,Custom Query Language,2 - Occasional / peripheral,2,4 - Difficult,4,8,
Expert_Survey_E13_MMA.xlsx,E13_MMA,1,20+,4,Development,Fetching data,83,Data Source Integration,5 - Essential / continuous,5,4 - Difficult,4,20,
Expert_Survey_E13_MMA.xlsx,E13_MMA,1,20+,4,Development,Fetching data,84,Formulas,4 - Frequent / important,4,2 - Easy,2,8,
Expert_Survey_E13_MMA.xlsx,E13_MMA,1,20+,4,Development,Fetching data,85,Local Storage,2 - Occasional / peripheral,2,3 - Moderate,3,6,
Expert_Survey_E13_MMA.xlsx,E13_MMA,1,20+,4,Development,Fetching data,86,OAuth,2 - Occasional / peripheral,2,5 - Very difficult,5,10,
Expert_Survey_E13_MMA.xlsx,E13_MMA,1,20+,4,Development,Fetching data,87,REST API,4 - Frequent / important,4,4 - Difficult,4,16,
Expert_Survey_E13_MMA.xlsx,E13_MMA,1,20+,4,Development,Fetching data,88,SDK,2 - Occasional / peripheral,2,5 - Very difficult,5,10,
Expert_Survey_E13_MMA.xlsx,E13_MMA,1,20+,4,Development,Fetching data,89,SQL,3 - Moderate / recurring,3,4 - Difficult,4,12,
Expert_Survey_E13_MMA.xlsx,E13_MMA,1,20+,4,Development,Fetching data,90,URL,3 - Moderate / recurring,3,1 - Very easy,1,3,
Expert_Survey_E13_MMA.xlsx,E13_MMA,1,20+,4,Development,Fetching data,91,Web API,4 - Frequent / important,4,4 - Difficult,4,16,
Expert_Survey_E13_MMA.xlsx,E13_MMA,1,20+,4,Development,GUI design and development,92,+AI Support,3 - Moderate / recurring,3,1 - Very easy,1,3,
Expert_Survey_E13_MMA.xlsx,E13_MMA,1,20+,4,Development,GUI design and development,93,+Business Data Types,4 - Frequent / important,4,1 - Very easy,1,4,
Expert_Survey_E13_MMA.xlsx,E13_MMA,1,20+,4,Development,GUI design and development,94,+Conditional Formatting,3 - Moderate / recurring,3,2 - Easy,2,6,
Expert_Survey_E13_MMA.xlsx,E13_MMA,1,20+,4,Development,GUI design and development,95,+GUI Style Editor,4 - Frequent / important,4,1 - Very easy,1,4,
Expert_Survey_E13_MMA.xlsx,E13_MMA,1,20+,4,Development,GUI design and development,96,+Templatized Formulas,4 - Frequent / important,4,2 - Easy,2,8,
Expert_Survey_E13_MMA.xlsx,E13_MMA,1,20+,4,Development,GUI design and development,97,+UI Branding,3 - Moderate / recurring,3,2 - Easy,2,6,
Expert_Survey_E13_MMA.xlsx,E13_MMA,1,20+,4,Development,GUI design and development,98,+View Types,4 - Frequent / important,4,2 - Easy,2,8,
Expert_Survey_E13_MMA.xlsx,E13_MMA,1,20+,4,Development,GUI design and development,99,+WYSIWYG,4 - Frequent / important,4,1 - Very easy,1,4,
Expert_Survey_E13_MMA.xlsx,E13_MMA,1,20+,4,Development,GUI design and development,100,CSS/SCSS,2 - Occasional / peripheral,2,4 - Difficult,4,8,
Expert_Survey_E13_MMA.xlsx,E13_MMA,1,20+,4,Development,GUI design and development,101,Event Propagation,3 - Moderate / recurring,3,3 - Moderate,3,9,
Expert_Survey_E13_MMA.xlsx,E13_MMA,1,20+,4,Development,GUI design and development,102,Responsive Web Design,4 - Frequent / important,4,1 - Very easy,1,4,
Expert_Survey_E13_MMA.xlsx,E13_MMA,1,20+,4,Development,GUI design and development,103,HTML,5 - Essential / continuous,5,2 - Easy,2,10,
Expert_Survey_E13_MMA.xlsx,E13_MMA,1,20+,4,Development,GUI design and development,104,IT Data Types,5 - Essential / continuous,5,1 - Very easy,1,5,
Expert_Survey_E13_MMA.xlsx,E13_MMA,1,20+,4,Development,GUI design and development,105,JavaScript,3 - Moderate / recurring,3,3 - Moderate,3,9,
Expert_Survey_E13_MMA.xlsx,E13_MMA,1,20+,4,Development,GUI design and development,106,Master Detail,4 - Frequent / important,4,1 - Very easy,1,4,
Expert_Survey_E13_MMA.xlsx,E13_MMA,1,20+,4,Development,GUI design and development,107,Programming Functions,3 - Moderate / recurring,3,2 - Easy,2,6,
Expert_Survey_E13_MMA.xlsx,E13_MMA,1,20+,4,Development,GUI design and development,108,Scripts,4 - Frequent / important,4,3 - Moderate,3,12,
Expert_Survey_E13_MMA.xlsx,E13_MMA,1,20+,4,Development,GUI design and development,109,Snippets,4 - Frequent / important,4,2 - Easy,2,8,
Expert_Survey_E13_MMA.xlsx,E13_MMA,1,20+,4,Development,GUI design and development,110,Variables,5 - Essential / continuous,5,2 - Easy,2,10,
Expert_Survey_E13_MMA.xlsx,E13_MMA,1,20+,4,Development,GUI design and development,111,XML,3 - Moderate / recurring,3,1 - Very easy,1,3,
Expert_Survey_E13_MMA.xlsx,E13_MMA,1,20+,4,Development,Data validation development,112,+Business Rules,3 - Moderate / recurring,3,4 - Difficult,4,12,
Expert_Survey_E13_MMA.xlsx,E13_MMA,1,20+,4,Development,Data validation development,113,+Column Expressions,5 - Essential / continuous,5,2 - Easy,2,10,
Expert_Survey_E13_MMA.xlsx,E13_MMA,1,20+,4,Development,Data validation development,114,Expressions,4 - Frequent / important,4,3 - Moderate,3,12,
Expert_Survey_E13_MMA.xlsx,E13_MMA,1,20+,4,Development,Data validation development,115,Data Fields,4 - Frequent / important,4,4 - Difficult,4,16,
Expert_Survey_E13_MMA.xlsx,E13_MMA,1,20+,4,Development,Data validation development,116,Domain Model,5 - Essential / continuous,5,3 - Moderate,3,15,
Expert_Survey_E13_MMA.xlsx,E13_MMA,1,20+,4,Development,Data validation development,117,Scripts,4 - Frequent / important,4,3 - Moderate,3,12,
Expert_Survey_E13_MMA.xlsx,E13_MMA,1,20+,4,Development,Actions design and development,118,+AI Assisted Development,4 - Frequent / important,4,3 - Moderate,3,12,
Expert_Survey_E13_MMA.xlsx,E13_MMA,1,20+,4,Development,Actions design and development,119,+Automations,5 - Essential / continuous,5,2 - Easy,2,10,
Expert_Survey_E13_MMA.xlsx,E13_MMA,1,20+,4,Development,Actions design and development,120,+Built-in Connectors,4 - Frequent / important,4,3 - Moderate,3,12,
Expert_Survey_E13_MMA.xlsx,E13_MMA,1,20+,4,Development,Actions design and development,121,API,5 - Essential / continuous,5,2 - Easy,2,10,
Expert_Survey_E13_MMA.xlsx,E13_MMA,1,20+,4,Development,Actions design and development,122,Expressions,5 - Essential / continuous,5,2 - Easy,2,10,
Expert_Survey_E13_MMA.xlsx,E13_MMA,1,20+,4,Development,Actions design and development,123,Functions,3 - Moderate / recurring,3,2 - Easy,2,6,
Expert_Survey_E13_MMA.xlsx,E13_MMA,1,20+,4,Development,Actions design and development,124,Java,4 - Frequent / important,4,4 - Difficult,4,16,
Expert_Survey_E13_MMA.xlsx,E13_MMA,1,20+,4,Development,Actions design and development,125,JavaScript,2 - Occasional / peripheral,2,5 - Very difficult,5,10,
Expert_Survey_E13_MMA.xlsx,E13_MMA,1,20+,4,Development,Actions design and development,126,Object Model,4 - Frequent / important,4,3 - Moderate,3,12,
Expert_Survey_E13_MMA.xlsx,E13_MMA,1,20+,4,Development,Actions design and development,127,Scripts,4 - Frequent / important,4,3 - Moderate,3,12,
Expert_Survey_E13_MMA.xlsx,E13_MMA,1,20+,4,Development,Actions design and development,128,SOAP,3 - Moderate / recurring,3,4 - Difficult,4,12,
Expert_Survey_E13_MMA.xlsx,E13_MMA,1,20+,4,Development,Programming,129,.NET,4 - Frequent / important,4,3 - Moderate,3,12,
Expert_Survey_E13_MMA.xlsx,E13_MMA,1,20+,4,Development,Programming,130,+Visual Programming,3 - Moderate / recurring,3,4 - Difficult,4,12,
Expert_Survey_E13_MMA.xlsx,E13_MMA,1,20+,4,Development,Programming,131,Expressions,5 - Essential / continuous,5,3 - Moderate,3,15,
Expert_Survey_E13_MMA.xlsx,E13_MMA,1,20+,4,Development,Programming,132,CLI,4 - Frequent / important,4,4 - Difficult,4,16,
Expert_Survey_E13_MMA.xlsx,E13_MMA,1,20+,4,Development,Programming,133,IT Data Types,4 - Frequent / important,4,4 - Difficult,4,16,
Expert_Survey_E13_MMA.xlsx,E13_MMA,1,20+,4,Development,Programming,134,Eclipse,3 - Moderate / recurring,3,4 - Difficult,4,12,
Expert_Survey_E13_MMA.xlsx,E13_MMA,1,20+,4,Development,Programming,135,Emulators,2 - Occasional / peripheral,2,5 - Very difficult,5,10,
Expert_Survey_E13_MMA.xlsx,E13_MMA,1,20+,4,Development,Programming,136,Entity Types,5 - Essential / continuous,5,3 - Moderate,3,15,
Expert_Survey_E13_MMA.xlsx,E13_MMA,1,20+,4,Development,Programming,137,Enumerations,2 - Occasional / peripheral,2,5 - Very difficult,5,10,
Expert_Survey_E13_MMA.xlsx,E13_MMA,1,20+,4,Development,Programming,138,Functions,5 - Essential / continuous,5,2 - Easy,2,10,
Expert_Survey_E13_MMA.xlsx,E13_MMA,1,20+,4,Development,Programming,139,HTML,3 - Moderate / recurring,3,3 - Moderate,3,9,
Expert_Survey_E13_MMA.xlsx,E13_MMA,1,20+,4,Development,Programming,140,SDK/IDE,3 - Moderate / recurring,3,4 - Difficult,4,12,
Expert_Survey_E13_MMA.xlsx,E13_MMA,1,20+,4,Development,Programming,141,Iteration Statements,4 - Frequent / important,4,2 - Easy,2,8,
Expert_Survey_E13_MMA.xlsx,E13_MMA,1,20+,4,Development,Programming,142,Java,3 - Moderate / recurring,3,3 - Moderate,3,9,
Expert_Survey_E13_MMA.xlsx,E13_MMA,1,20+,4,Development,Programming,143,Java API,4 - Frequent / important,4,2 - Easy,2,8,
Expert_Survey_E13_MMA.xlsx,E13_MMA,1,20+,4,Development,Programming,144,JavaScript,3 - Moderate / recurring,3,2 - Easy,2,6,
Expert_Survey_E13_MMA.xlsx,E13_MMA,1,20+,4,Development,Programming,145,JSON,4 - Frequent / important,4,3 - Moderate,3,12,
Expert_Survey_E13_MMA.xlsx,E13_MMA,1,20+,4,Development,Programming,146,Markup Language,4 - Frequent / important,4,2 - Easy,2,8,
Expert_Survey_E13_MMA.xlsx,E13_MMA,1,20+,4,Development,Programming,147,Metadata,3 - Moderate / recurring,3,2 - Easy,2,6,
Expert_Survey_E13_MMA.xlsx,E13_MMA,1,20+,4,Development,Programming,148,Native Mobile App,4 - Frequent / important,4,2 - Easy,2,8,
Expert_Survey_E13_MMA.xlsx,E13_MMA,1,20+,4,Development,Programming,149,node.js,3 - Moderate / recurring,3,3 - Moderate,3,9,
Expert_Survey_E13_MMA.xlsx,E13_MMA,1,20+,4,Development,Programming,150,PWA,3 - Moderate / recurring,3,3 - Moderate,3,9,
Expert_Survey_E13_MMA.xlsx,E13_MMA,1,20+,4,Development,Programming,151,Query Functions,3 - Moderate / recurring,3,4 - Difficult,4,12,
Expert_Survey_E13_MMA.xlsx,E13_MMA,1,20+,4,Development,Programming,152,Scripts,3 - Moderate / recurring,3,3 - Moderate,3,9,
Expert_Survey_E13_MMA.xlsx,E13_MMA,1,20+,4,Development,Programming,153,Snippets,5 - Essential / continuous,5,4 - Difficult,4,20,
Expert_Survey_E13_MMA.xlsx,E13_MMA,1,20+,4,Development,Programming,154,TypeScript,3 - Moderate / recurring,3,4 - Difficult,4,12,
Expert_Survey_E13_MMA.xlsx,E13_MMA,1,20+,4,Development,Programming,155,Web API,5 - Essential / continuous,5,2 - Easy,2,10,
Expert_Survey_E13_MMA.xlsx,E13_MMA,1,20+,4,Development,Programming,156,XML,2 - Occasional / peripheral,2,5 - Very difficult,5,10,
Expert_Survey_E13_MMA.xlsx,E13_MMA,1,20+,4,Implementation,Runtime server installation,157,+Cloud Based Environment,4 - Frequent / important,4,4 - Difficult,4,16,
Expert_Survey_E13_MMA.xlsx,E13_MMA,1,20+,4,Implementation,Runtime server installation,158,API,2 - Occasional / peripheral,2,5 - Very difficult,5,10,
Expert_Survey_E13_MMA.xlsx,E13_MMA,1,20+,4,Implementation,Runtime server installation,159,Compiler Service,4 - Frequent / important,4,4 - Difficult,4,16,
Expert_Survey_E13_MMA.xlsx,E13_MMA,1,20+,4,Implementation,Runtime server installation,160,Database Synchronization,5 - Essential / continuous,5,2 - Easy,2,10,
Expert_Survey_E13_MMA.xlsx,E13_MMA,1,20+,4,Implementation,Runtime server installation,161,Deployment Controller Service,5 - Essential / continuous,5,2 - Easy,2,10,
Expert_Survey_E13_MMA.xlsx,E13_MMA,1,20+,4,Implementation,Runtime server installation,162,Email Server (SMTP),4 - Frequent / important,4,3 - Moderate,3,12,
Expert_Survey_E13_MMA.xlsx,E13_MMA,1,20+,4,Implementation,Runtime server installation,163,File Storage,5 - Essential / continuous,5,2 - Easy,2,10,
Expert_Survey_E13_MMA.xlsx,E13_MMA,1,20+,4,Implementation,Runtime server installation,164,HTTPS Server,5 - Essential / continuous,5,3 - Moderate,3,15,
Expert_Survey_E13_MMA.xlsx,E13_MMA,1,20+,4,Implementation,Runtime server installation,165,Java,4 - Frequent / important,4,3 - Moderate,3,12,
Expert_Survey_E13_MMA.xlsx,E13_MMA,1,20+,4,Implementation,Runtime server installation,166,Load Balancing,4 - Frequent / important,4,1 - Very easy,1,4,
Expert_Survey_E13_MMA.xlsx,E13_MMA,1,20+,4,Implementation,Runtime server installation,167,Log Service,4 - Frequent / important,4,3 - Moderate,3,12,
Expert_Survey_E13_MMA.xlsx,E13_MMA,1,20+,4,Implementation,Runtime server installation,168,Mobile App,5 - Essential / continuous,5,2 - Easy,2,10,
Expert_Survey_E13_MMA.xlsx,E13_MMA,1,20+,4,Implementation,Runtime server installation,169,OQL,4 - Frequent / important,4,3 - Moderate,3,12,
Expert_Survey_E13_MMA.xlsx,E13_MMA,1,20+,4,Implementation,Runtime server installation,170,Proxy server,5 - Essential / continuous,5,2 - Easy,2,10,
Expert_Survey_E13_MMA.xlsx,E13_MMA,1,20+,4,Implementation,Runtime server installation,171,Relational Database,5 - Essential / continuous,5,2 - Easy,2,10,
Expert_Survey_E13_MMA.xlsx,E13_MMA,1,20+,4,Implementation,Runtime server installation,172,REST API,5 - Essential / continuous,5,3 - Moderate,3,15,
Expert_Survey_E13_MMA.xlsx,E13_MMA,1,20+,4,Implementation,Runtime server installation,173,SAML Authentication,3 - Moderate / recurring,3,3 - Moderate,3,9,
Expert_Survey_E13_MMA.xlsx,E13_MMA,1,20+,4,Implementation,Runtime server installation,174,Scheduler Service,4 - Frequent / important,4,4 - Difficult,4,16,
Expert_Survey_E13_MMA.xlsx,E13_MMA,1,20+,4,Implementation,Runtime server installation,175,Shared Libraries,4 - Frequent / important,4,4 - Difficult,4,16,
Expert_Survey_E13_MMA.xlsx,E13_MMA,1,20+,4,Implementation,Runtime server installation,176,SOAP,3 - Moderate / recurring,3,4 - Difficult,4,12,
Expert_Survey_E13_MMA.xlsx,E13_MMA,1,20+,4,Implementation,Runtime server installation,177,SSL Certificates,3 - Moderate / recurring,3,4 - Difficult,4,12,
Expert_Survey_E13_MMA.xlsx,E13_MMA,1,20+,4,Implementation,Runtime server installation,178,Swagger,3 - Moderate / recurring,3,4 - Difficult,4,12,
Expert_Survey_E13_MMA.xlsx,E13_MMA,1,20+,4,Implementation,Runtime server installation,179,WSDL,5 - Essential / continuous,5,3 - Moderate,3,15,
Expert_Survey_E13_MMA.xlsx,E13_MMA,1,20+,4,Implementation,Runtime server installation,180,XML/XPath,5 - Essential / continuous,5,2 - Easy,2,10,
Expert_Survey_E13_MMA.xlsx,E13_MMA,1,20+,4,Implementation,Database installation,181,+Embedded Database,4 - Frequent / important,4,2 - Easy,2,8,
Expert_Survey_E13_MMA.xlsx,E13_MMA,1,20+,4,Implementation,Database installation,182,File Storage,3 - Moderate / recurring,3,3 - Moderate,3,9,
Expert_Survey_E13_MMA.xlsx,E13_MMA,1,20+,4,Implementation,Database installation,183,Relational Database,4 - Frequent / important,4,2 - Easy,2,8,
Expert_Survey_E13_MMA.xlsx,E13_MMA,1,20+,4,Implementation,Database installation,184,REST API,3 - Moderate / recurring,3,3 - Moderate,3,9,
Expert_Survey_E13_MMA.xlsx,E13_MMA,1,20+,4,Implementation,Client module installation,185,.NET Framework,3 - Moderate / recurring,3,2 - Easy,2,6,
Expert_Survey_E13_MMA.xlsx,E13_MMA,1,20+,4,Implementation,Client module installation,186,+Mobile App,4 - Frequent / important,4,3 - Moderate,3,12,
Expert_Survey_E13_MMA.xlsx,E13_MMA,1,20+,4,Implementation,Client module installation,187,+Web Browser,3 - Moderate / recurring,3,3 - Moderate,3,9,
Expert_Survey_E13_MMA.xlsx,E13_MMA,1,20+,4,Implementation,Client module installation,188,API,4 - Frequent / important,4,2 - Easy,2,8,
Expert_Survey_E13_MMA.xlsx,E13_MMA,1,20+,4,Implementation,Client module installation,189,Binaries,3 - Moderate / recurring,3,2 - Easy,2,6,
Expert_Survey_E13_MMA.xlsx,E13_MMA,1,20+,4,Implementation,Client module installation,190,HTTPS Server,4 - Frequent / important,4,2 - Easy,2,8,
Expert_Survey_E13_MMA.xlsx,E13_MMA,1,20+,4,Implementation,Client module installation,191,URL Configuration,3 - Moderate / recurring,3,2 - Easy,2,6,
Expert_Survey_E13_MMA.xlsx,E13_MMA,1,20+,4,Implementation,Client module installation,192,Web Services,4 - Frequent / important,4,4 - Difficult,4,16,
Expert_Survey_E13_MMA.xlsx,E13_MMA,1,20+,4,Implementation,Deployment,193,+App Gallery,3 - Moderate / recurring,3,4 - Difficult,4,12,
Expert_Survey_E13_MMA.xlsx,E13_MMA,1,20+,4,Implementation,Deployment,194,+Software as a Service,3 - Moderate / recurring,3,4 - Difficult,4,12,
Expert_Survey_E13_MMA.xlsx,E13_MMA,1,20+,4,Implementation,Deployment,195,Application IDE,2 - Occasional / peripheral,2,5 - Very difficult,5,10,
Expert_Survey_E13_MMA.xlsx,E13_MMA,1,20+,4,Implementation,Deployment,196,CI/CD,4 - Frequent / important,4,4 - Difficult,4,16,
Expert_Survey_E13_MMA.xlsx,E13_MMA,1,20+,4,Implementation,Deployment,197,Cloud Computing,4 - Frequent / important,4,3 - Moderate,3,12,
Expert_Survey_E13_MMA.xlsx,E13_MMA,1,20+,4,Implementation,Deployment,198,Cloud Services,4 - Frequent / important,4,3 - Moderate,3,12,
Expert_Survey_E13_MMA.xlsx,E13_MMA,1,20+,4,Implementation,Deployment,199,Docker,3 - Moderate / recurring,3,4 - Difficult,4,12,
Expert_Survey_E13_MMA.xlsx,E13_MMA,1,20+,4,Implementation,Deployment,200,Import/Export,4 - Frequent / important,4,3 - Moderate,3,12,
Expert_Survey_E13_MMA.xlsx,E13_MMA,1,20+,4,Implementation,Deployment,201,Kubernetes,4 - Frequent / important,4,3 - Moderate,3,12,
Expert_Survey_E13_MMA.xlsx,E13_MMA,1,20+,4,Implementation,Deployment,202,On-Premise,4 - Frequent / important,4,2 - Easy,2,8,
Expert_Survey_E13_MMA.xlsx,E13_MMA,1,20+,4,Implementation,Deployment,203,On-premises Data Gateway,5 - Essential / continuous,5,2 - Easy,2,10,
Expert_Survey_E13_MMA.xlsx,E13_MMA,1,20+,4,Implementation,Deployment,204,REST API,4 - Frequent / important,4,3 - Moderate,3,12,
Expert_Survey_E13_MMA.xlsx,E13_MMA,1,20+,4,Implementation,Deployment,205,Scripts,3 - Moderate / recurring,3,3 - Moderate,3,9,
Expert_Survey_E13_MMA.xlsx,E13_MMA,1,20+,4,Implementation,Deployment,206,SOAP,5 - Essential / continuous,5,2 - Easy,2,10,
Expert_Survey_E13_MMA.xlsx,E13_MMA,1,20+,4,Implementation,Version control,207,Code Repository Concept,5 - Essential / continuous,5,1 - Very easy,1,5,
Expert_Survey_E13_MMA.xlsx,E13_MMA,1,20+,4,Implementation,Version control,208,Custom Version Control,4 - Frequent / important,4,3 - Moderate,3,12,
Expert_Survey_E13_MMA.xlsx,E13_MMA,1,20+,4,Implementation,Version control,209,Git,5 - Essential / continuous,5,2 - Easy,2,10,
Expert_Survey_E14_PMA.xlsx,E14_PMA,1,20+,4,Design,Workflow model,1,+BPMN Process Model,4 - Frequent / important,4,2 - Easy,2,8,
Expert_Survey_E14_PMA.xlsx,E14_PMA,1,20+,4,Design,Workflow model,2,Custom Process Model,5 - Essential / continuous,5,4 - Difficult,4,20,Usage Intensity
Expert_Survey_E14_PMA.xlsx,E14_PMA,1,20+,4,Design,Database model,3,+Business Data Types,3 - Moderate / recurring,3,1 - Very easy,1,3,1 - Rare / avoidable
Expert_Survey_E14_PMA.xlsx,E14_PMA,1,20+,4,Design,Database model,4,+Form-based Data,3 - Moderate / recurring,3,2 - Easy,2,6,2 - Occasional / peripheral
Expert_Survey_E14_PMA.xlsx,E14_PMA,1,20+,4,Design,Database model,5,+Item-Detail,2 - Occasional / peripheral,2,3 - Moderate,3,6,3 - Moderate / recurring
Expert_Survey_E14_PMA.xlsx,E14_PMA,1,20+,4,Design,Database model,6,+Lookup/Drop-down,2 - Occasional / peripheral,2,3 - Moderate,3,6,4 - Frequent / important
Expert_Survey_E14_PMA.xlsx,E14_PMA,1,20+,4,Design,Database model,7,+Predefined Entities,2 - Occasional / peripheral,2,1 - Very easy,1,2,5 - Essential / continuous
Expert_Survey_E14_PMA.xlsx,E14_PMA,1,20+,4,Design,Database model,8,Domain Model,4 - Frequent / important,4,4 - Difficult,4,16,
Expert_Survey_E14_PMA.xlsx,E14_PMA,1,20+,4,Design,Database model,9,Conditional Expressions,5 - Essential / continuous,5,2 - Easy,2,10,Difficulty of Acquisition
Expert_Survey_E14_PMA.xlsx,E14_PMA,1,20+,4,Design,Database model,10,Constraints,5 - Essential / continuous,5,3 - Moderate,3,15,1 - Very easy
Expert_Survey_E14_PMA.xlsx,E14_PMA,1,20+,4,Design,Database model,11,Data Structure,4 - Frequent / important,4,3 - Moderate,3,12,2 - Easy
Expert_Survey_E14_PMA.xlsx,E14_PMA,1,20+,4,Design,Database model,12,IT Data Types,2 - Occasional / peripheral,2,4 - Difficult,4,8,3 - Moderate
Expert_Survey_E14_PMA.xlsx,E14_PMA,1,20+,4,Design,Database model,13,Denormalization,2 - Occasional / peripheral,2,5 - Very difficult,5,10,4 - Difficult
Expert_Survey_E14_PMA.xlsx,E14_PMA,1,20+,4,Design,Database model,14,Entity Diagrams,4 - Frequent / important,4,2 - Easy,2,8,5 - Very difficult
Expert_Survey_E14_PMA.xlsx,E14_PMA,1,20+,4,Design,Database model,15,Enumerations,4 - Frequent / important,4,5 - Very difficult,5,20,
Expert_Survey_E14_PMA.xlsx,E14_PMA,1,20+,4,Design,Database model,16,Expressions,3 - Moderate / recurring,3,5 - Very difficult,5,15,Instruction
Expert_Survey_E14_PMA.xlsx,E14_PMA,1,20+,4,Design,Database model,17,Relational Database,3 - Moderate / recurring,3,2 - Easy,2,6,
Expert_Survey_E14_PMA.xlsx,E14_PMA,1,20+,4,Design,Database model,18,XML/XPath,4 - Frequent / important,4,4 - Difficult,4,16,
Expert_Survey_E14_PMA.xlsx,E14_PMA,1,20+,4,Design,UI model,19,+App templates,3 - Moderate / recurring,3,2 - Easy,2,6,
Expert_Survey_E14_PMA.xlsx,E14_PMA,1,20+,4,Design,UI model,20,+Business Data Types,2 - Occasional / peripheral,2,2 - Easy,2,4,
Expert_Survey_E14_PMA.xlsx,E14_PMA,1,20+,4,Design,UI model,21,+Screen Templates,3 - Moderate / recurring,3,2 - Easy,2,6,
Expert_Survey_E14_PMA.xlsx,E14_PMA,1,20+,4,Design,UI model,22,+UI Branding,2 - Occasional / peripheral,2,2 - Easy,2,4,
Expert_Survey_E14_PMA.xlsx,E14_PMA,1,20+,4,Design,UI model,23,+View Types,4 - Frequent / important,4,1 - Very easy,1,4,
Expert_Survey_E14_PMA.xlsx,E14_PMA,1,20+,4,Design,UI model,24,Expressions,5 - Essential / continuous,5,5 - Very difficult,5,25,
Expert_Survey_E14_PMA.xlsx,E14_PMA,1,20+,4,Design,UI model,25,IT Data Types,5 - Essential / continuous,5,2 - Easy,2,10,
Expert_Survey_E14_PMA.xlsx,E14_PMA,1,20+,4,Design,UI model,26,Functions,4 - Frequent / important,4,5 - Very difficult,5,20,
Expert_Survey_E14_PMA.xlsx,E14_PMA,1,20+,4,Design,UI model,27,Model-driven Apps,5 - Essential / continuous,5,5 - Very difficult,5,25,
Expert_Survey_E14_PMA.xlsx,E14_PMA,1,20+,4,Design,UI model,28,Reactive Web App,5 - Essential / continuous,5,5 - Very difficult,5,25,
Expert_Survey_E14_PMA.xlsx,E14_PMA,1,20+,4,Design,UI model,29,Responsive Web Design,5 - Essential / continuous,5,5 - Very difficult,5,25,
Expert_Survey_E14_PMA.xlsx,E14_PMA,1,20+,4,Design,UI model,30,Variables,5 - Essential / continuous,5,2 - Easy,2,10,
Expert_Survey_E14_PMA.xlsx,E14_PMA,1,20+,4,Design,Validations,31,+Business Rules,4 - Frequent / important,4,4 - Difficult,4,16,
Expert_Survey_E14_PMA.xlsx,E14_PMA,1,20+,4,Design,Validations,32,+Lookup/Drop-down,5 - Essential / continuous,5,3 - Moderate,3,15,
Expert_Survey_E14_PMA.xlsx,E14_PMA,1,20+,4,Design,Validations,33,Expressions,5 - Essential / continuous,5,5 - Very difficult,5,25,
Expert_Survey_E14_PMA.xlsx,E14_PMA,1,20+,4,Design,Validations,34,Enumerations,3 - Moderate / recurring,3,3 - Moderate,3,9,
Expert_Survey_E14_PMA.xlsx,E14_PMA,1,20+,4,Design,Validations,35,JavaScript,3 - Moderate / recurring,3,5 - Very difficult,5,15,
Expert_Survey_E14_PMA.xlsx,E14_PMA,1,20+,4,Design,Validations,36,Scripts,4 - Frequent / important,4,5 - Very difficult,5,20,
Expert_Survey_E14_PMA.xlsx,E14_PMA,1,20+,4,Design,Validations,37,Transactions,5 - Essential / continuous,5,4 - Difficult,4,20,
Expert_Survey_E14_PMA.xlsx,E14_PMA,1,20+,4,Design,Application logic,38,+Actions,3 - Moderate / recurring,3,4 - Difficult,4,12,
Expert_Survey_E14_PMA.xlsx,E14_PMA,1,20+,4,Design,Application logic,39,+Graphical actions,4 - Frequent / important,4,3 - Moderate,3,12,
Expert_Survey_E14_PMA.xlsx,E14_PMA,1,20+,4,Design,Application logic,40,+NLP,3 - Moderate / recurring,3,3 - Moderate,3,9,
Expert_Survey_E14_PMA.xlsx,E14_PMA,1,20+,4,Design,Application logic,41,+Custom Language,4 - Frequent / important,4,3 - Moderate,3,12,
Expert_Survey_E14_PMA.xlsx,E14_PMA,1,20+,4,Design,Application logic,42,+Predefined Tasks,4 - Frequent / important,4,2 - Easy,2,8,
Expert_Survey_E14_PMA.xlsx,E14_PMA,1,20+,4,Design,Application logic,43,UML,5 - Essential / continuous,5,5 - Very difficult,5,25,
Expert_Survey_E14_PMA.xlsx,E14_PMA,1,20+,4,Design,Application logic,44,Algorithms,4 - Frequent / important,4,3 - Moderate,3,12,
Expert_Survey_E14_PMA.xlsx,E14_PMA,1,20+,4,Design,Application logic,45,Expressions,5 - Essential / continuous,5,1 - Very easy,1,5,
Expert_Survey_E14_PMA.xlsx,E14_PMA,1,20+,4,Design,Application logic,46,Control Structures,4 - Frequent / important,4,3 - Moderate,3,12,
Expert_Survey_E14_PMA.xlsx,E14_PMA,1,20+,4,Design,Application logic,47,IT Data Types,5 - Essential / continuous,5,3 - Moderate,3,15,
Expert_Survey_E14_PMA.xlsx,E14_PMA,1,20+,4,Design,Application logic,48,Events,4 - Frequent / important,4,2 - Easy,2,8,
Expert_Survey_E14_PMA.xlsx,E14_PMA,1,20+,4,Design,Application logic,49,Formulas,5 - Essential / continuous,5,4 - Difficult,4,20,
Expert_Survey_E14_PMA.xlsx,E14_PMA,1,20+,4,Design,Application logic,50,Functions,5 - Essential / continuous,5,5 - Very difficult,5,25,
Expert_Survey_E14_PMA.xlsx,E14_PMA,1,20+,4,Design,Application logic,51,Java,4 - Frequent / important,4,5 - Very difficult,5,20,
Expert_Survey_E14_PMA.xlsx,E14_PMA,1,20+,4,Design,Application logic,52,JavaScript,3 - Moderate / recurring,3,5 - Very difficult,5,15,
Expert_Survey_E14_PMA.xlsx,E14_PMA,1,20+,4,Design,Application logic,53,Microservices,4 - Frequent / important,4,5 - Very difficult,5,20,
Expert_Survey_E14_PMA.xlsx,E14_PMA,1,20+,4,Design,Application logic,54,SQL,5 - Essential / continuous,5,5 - Very difficult,5,25,
Expert_Survey_E14_PMA.xlsx,E14_PMA,1,20+,4,Design,Application logic,55,Variables,5 - Essential / continuous,5,2 - Easy,2,10,
Expert_Survey_E14_PMA.xlsx,E14_PMA,1,20+,4,Development,Workflow design and development,56,+BPMN Process Model,3 - Moderate / recurring,3,4 - Difficult,4,12,
Expert_Survey_E14_PMA.xlsx,E14_PMA,1,20+,4,Development,Workflow design and development,57,Expressions,4 - Frequent / important,4,3 - Moderate,3,12,
Expert_Survey_E14_PMA.xlsx,E14_PMA,1,20+,4,Development,Workflow design and development,58,Custom Process Model,4 - Frequent / important,4,5 - Very difficult,5,20,
Expert_Survey_E14_PMA.xlsx,E14_PMA,1,20+,4,Development,Workflow design and development,59,Events,3 - Moderate / recurring,3,2 - Easy,2,6,
Expert_Survey_E14_PMA.xlsx,E14_PMA,1,20+,4,Development,Workflow design and development,60,Java API,4 - Frequent / important,4,5 - Very difficult,5,20,
Expert_Survey_E14_PMA.xlsx,E14_PMA,1,20+,4,Development,Workflow design and development,61,JavaScript,4 - Frequent / important,4,5 - Very difficult,5,20,
Expert_Survey_E14_PMA.xlsx,E14_PMA,1,20+,4,Development,Workflow design and development,62,REST API,4 - Frequent / important,4,5 - Very difficult,5,20,
Expert_Survey_E14_PMA.xlsx,E14_PMA,1,20+,4,Development,Workflow design and development,63,Triggers,4 - Frequent / important,4,3 - Moderate,3,12,
Expert_Survey_E14_PMA.xlsx,E14_PMA,1,20+,4,Development,Database design,64,+Business Data Types,5 - Essential / continuous,5,3 - Moderate,3,15,
Expert_Survey_E14_PMA.xlsx,E14_PMA,1,20+,4,Development,Database design,65,+Custom Database Model,5 - Essential / continuous,5,2 - Easy,2,10,
Expert_Survey_E14_PMA.xlsx,E14_PMA,1,20+,4,Development,Database design,66,+References,5 - Essential / continuous,5,2 - Easy,2,10,
Expert_Survey_E14_PMA.xlsx,E14_PMA,1,20+,4,Development,Database design,67,+Slices,4 - Frequent / important,4,2 - Easy,2,8,
Expert_Survey_E14_PMA.xlsx,E14_PMA,1,20+,4,Development,Database design,68,Actions,4 - Frequent / important,4,3 - Moderate,3,12,
Expert_Survey_E14_PMA.xlsx,E14_PMA,1,20+,4,Development,Database design,69,Expressions,4 - Frequent / important,4,3 - Moderate,3,12,
Expert_Survey_E14_PMA.xlsx,E14_PMA,1,20+,4,Development,Database design,70,Relational Database,4 - Frequent / important,4,4 - Difficult,4,16,
Expert_Survey_E14_PMA.xlsx,E14_PMA,1,20+,4,Development,Database design,71,Entity Diagrams,3 - Moderate / recurring,3,4 - Difficult,4,12,
Expert_Survey_E14_PMA.xlsx,E14_PMA,1,20+,4,Development,Database design,72,Functions,3 - Moderate / recurring,3,5 - Very difficult,5,15,
Expert_Survey_E14_PMA.xlsx,E14_PMA,1,20+,4,Development,Database design,73,SQL,4 - Frequent / important,4,4 - Difficult,4,16,
Expert_Survey_E14_PMA.xlsx,E14_PMA,1,20+,4,Development,Database design,74,IT Data Types,5 - Essential / continuous,5,4 - Difficult,4,20,
Expert_Survey_E14_PMA.xlsx,E14_PMA,1,20+,4,Development,Database design,75,Web API,3 - Moderate / recurring,3,5 - Very difficult,5,15,
Expert_Survey_E14_PMA.xlsx,E14_PMA,1,20+,4,Development,Fetching data,76,.NET,3 - Moderate / recurring,3,5 - Very difficult,5,15,
Expert_Survey_E14_PMA.xlsx,E14_PMA,1,20+,4,Development,Fetching data,77,+Cloud-based Spreadsheets,4 - Frequent / important,4,4 - Difficult,4,16,
Expert_Survey_E14_PMA.xlsx,E14_PMA,1,20+,4,Development,Fetching data,78,+GUI Queries,4 - Frequent / important,4,4 - Difficult,4,16,
Expert_Survey_E14_PMA.xlsx,E14_PMA,1,20+,4,Development,Fetching data,79,+Human Language,2 - Occasional / peripheral,2,1 - Very easy,1,2,
Expert_Survey_E14_PMA.xlsx,E14_PMA,1,20+,4,Development,Fetching data,80,+Integrated Data Sources,3 - Moderate / recurring,3,1 - Very easy,1,3,
Expert_Survey_E14_PMA.xlsx,E14_PMA,1,20+,4,Development,Fetching data,81,Cloud Services,3 - Moderate / recurring,3,3 - Moderate,3,9,
Expert_Survey_E14_PMA.xlsx,E14_PMA,1,20+,4,Development,Fetching data,82,Custom Query Language,2 - Occasional / peripheral,2,4 - Difficult,4,8,
Expert_Survey_E14_PMA.xlsx,E14_PMA,1,20+,4,Development,Fetching data,83,Data Source Integration,1 - Rare / avoidable,1,4 - Difficult,4,4,
Expert_Survey_E14_PMA.xlsx,E14_PMA,1,20+,4,Development,Fetching data,84,Formulas,1 - Rare / avoidable,1,3 - Moderate,3,3,
Expert_Survey_E14_PMA.xlsx,E14_PMA,1,20+,4,Development,Fetching data,85,Local Storage,2 - Occasional / peripheral,2,2 - Easy,2,4,
Expert_Survey_E14_PMA.xlsx,E14_PMA,1,20+,4,Development,Fetching data,86,OAuth,3 - Moderate / recurring,3,4 - Difficult,4,12,
Expert_Survey_E14_PMA.xlsx,E14_PMA,1,20+,4,Development,Fetching data,87,REST API,2 - Occasional / peripheral,2,4 - Difficult,4,8,
Expert_Survey_E14_PMA.xlsx,E14_PMA,1,20+,4,Development,Fetching data,88,SDK,2 - Occasional / peripheral,2,4 - Difficult,4,8,
Expert_Survey_E14_PMA.xlsx,E14_PMA,1,20+,4,Development,Fetching data,89,SQL,3 - Moderate / recurring,3,5 - Very difficult,5,15,
Expert_Survey_E14_PMA.xlsx,E14_PMA,1,20+,4,Development,Fetching data,90,URL,2 - Occasional / peripheral,2,2 - Easy,2,4,
Expert_Survey_E14_PMA.xlsx,E14_PMA,1,20+,4,Development,Fetching data,91,Web API,2 - Occasional / peripheral,2,4 - Difficult,4,8,
Expert_Survey_E14_PMA.xlsx,E14_PMA,1,20+,4,Development,GUI design and development,92,+AI Support,4 - Frequent / important,4,1 - Very easy,1,4,
Expert_Survey_E14_PMA.xlsx,E14_PMA,1,20+,4,Development,GUI design and development,93,+Business Data Types,4 - Frequent / important,4,2 - Easy,2,8,
Expert_Survey_E14_PMA.xlsx,E14_PMA,1,20+,4,Development,GUI design and development,94,+Conditional Formatting,4 - Frequent / important,4,1 - Very easy,1,4,
Expert_Survey_E14_PMA.xlsx,E14_PMA,1,20+,4,Development,GUI design and development,95,+GUI Style Editor,5 - Essential / continuous,5,3 - Moderate,3,15,
Expert_Survey_E14_PMA.xlsx,E14_PMA,1,20+,4,Development,GUI design and development,96,+Templatized Formulas,5 - Essential / continuous,5,2 - Easy,2,10,
Expert_Survey_E14_PMA.xlsx,E14_PMA,1,20+,4,Development,GUI design and development,97,+UI Branding,1 - Rare / avoidable,1,2 - Easy,2,2,
Expert_Survey_E14_PMA.xlsx,E14_PMA,1,20+,4,Development,GUI design and development,98,+View Types,3 - Moderate / recurring,3,2 - Easy,2,6,
Expert_Survey_E14_PMA.xlsx,E14_PMA,1,20+,4,Development,GUI design and development,99,+WYSIWYG,5 - Essential / continuous,5,1 - Very easy,1,5,
Expert_Survey_E14_PMA.xlsx,E14_PMA,1,20+,4,Development,GUI design and development,100,CSS/SCSS,3 - Moderate / recurring,3,3 - Moderate,3,9,
Expert_Survey_E14_PMA.xlsx,E14_PMA,1,20+,4,Development,GUI design and development,101,Event Propagation,3 - Moderate / recurring,3,5 - Very difficult,5,15,
Expert_Survey_E14_PMA.xlsx,E14_PMA,1,20+,4,Development,GUI design and development,102,Responsive Web Design,3 - Moderate / recurring,3,3 - Moderate,3,9,
Expert_Survey_E14_PMA.xlsx,E14_PMA,1,20+,4,Development,GUI design and development,103,HTML,4 - Frequent / important,4,4 - Difficult,4,16,
Expert_Survey_E14_PMA.xlsx,E14_PMA,1,20+,4,Development,GUI design and development,104,IT Data Types,4 - Frequent / important,4,4 - Difficult,4,16,
Expert_Survey_E14_PMA.xlsx,E14_PMA,1,20+,4,Development,GUI design and development,105,JavaScript,3 - Moderate / recurring,3,4 - Difficult,4,12,
Expert_Survey_E14_PMA.xlsx,E14_PMA,1,20+,4,Development,GUI design and development,106,Master Detail,5 - Essential / continuous,5,2 - Easy,2,10,
Expert_Survey_E14_PMA.xlsx,E14_PMA,1,20+,4,Development,GUI design and development,107,Programming Functions,4 - Frequent / important,4,5 - Very difficult,5,20,
Expert_Survey_E14_PMA.xlsx,E14_PMA,1,20+,4,Development,GUI design and development,108,Scripts,4 - Frequent / important,4,4 - Difficult,4,16,
Expert_Survey_E14_PMA.xlsx,E14_PMA,1,20+,4,Development,GUI design and development,109,Snippets,4 - Frequent / important,4,5 - Very difficult,5,20,
Expert_Survey_E14_PMA.xlsx,E14_PMA,1,20+,4,Development,GUI design and development,110,Variables,5 - Essential / continuous,5,4 - Difficult,4,20,
Expert_Survey_E14_PMA.xlsx,E14_PMA,1,20+,4,Development,GUI design and development,111,XML,4 - Frequent / important,4,5 - Very difficult,5,20,
Expert_Survey_E14_PMA.xlsx,E14_PMA,1,20+,4,Development,Data validation development,112,+Business Rules,5 - Essential / continuous,5,3 - Moderate,3,15,
Expert_Survey_E14_PMA.xlsx,E14_PMA,1,20+,4,Development,Data validation development,113,+Column Expressions,4 - Frequent / important,4,3 - Moderate,3,12,
Expert_Survey_E14_PMA.xlsx,E14_PMA,1,20+,4,Development,Data validation development,114,Expressions,4 - Frequent / important,4,3 - Moderate,3,12,
Expert_Survey_E14_PMA.xlsx,E14_PMA,1,20+,4,Development,Data validation development,115,Data Fields,5 - Essential / continuous,5,3 - Moderate,3,15,
Expert_Survey_E14_PMA.xlsx,E14_PMA,1,20+,4,Development,Data validation development,116,Domain Model,5 - Essential / continuous,5,5 - Very difficult,5,25,
Expert_Survey_E14_PMA.xlsx,E14_PMA,1,20+,4,Development,Data validation development,117,Scripts,3 - Moderate / recurring,3,3 - Moderate,3,9,
Expert_Survey_E14_PMA.xlsx,E14_PMA,1,20+,4,Development,Actions design and development,118,+AI Assisted Development,3 - Moderate / recurring,3,2 - Easy,2,6,
Expert_Survey_E14_PMA.xlsx,E14_PMA,1,20+,4,Development,Actions design and development,119,+Automations,4 - Frequent / important,4,4 - Difficult,4,16,
Expert_Survey_E14_PMA.xlsx,E14_PMA,1,20+,4,Development,Actions design and development,120,+Built-in Connectors,4 - Frequent / important,4,2 - Easy,2,8,
Expert_Survey_E14_PMA.xlsx,E14_PMA,1,20+,4,Development,Actions design and development,121,API,3 - Moderate / recurring,3,5 - Very difficult,5,15,
Expert_Survey_E14_PMA.xlsx,E14_PMA,1,20+,4,Development,Actions design and development,122,Expressions,5 - Essential / continuous,5,4 - Difficult,4,20,
Expert_Survey_E14_PMA.xlsx,E14_PMA,1,20+,4,Development,Actions design and development,123,Functions,5 - Essential / continuous,5,4 - Difficult,4,20,
Expert_Survey_E14_PMA.xlsx,E14_PMA,1,20+,4,Development,Actions design and development,124,Java,5 - Essential / continuous,5,5 - Very difficult,5,25,
Expert_Survey_E14_PMA.xlsx,E14_PMA,1,20+,4,Development,Actions design and development,125,JavaScript,3 - Moderate / recurring,3,5 - Very difficult,5,15,
Expert_Survey_E14_PMA.xlsx,E14_PMA,1,20+,4,Development,Actions design and development,126,Object Model,3 - Moderate / recurring,3,5 - Very difficult,5,15,
Expert_Survey_E14_PMA.xlsx,E14_PMA,1,20+,4,Development,Actions design and development,127,Scripts,4 - Frequent / important,4,4 - Difficult,4,16,
Expert_Survey_E14_PMA.xlsx,E14_PMA,1,20+,4,Development,Actions design and development,128,SOAP,3 - Moderate / recurring,3,5 - Very difficult,5,15,
Expert_Survey_E14_PMA.xlsx,E14_PMA,1,20+,4,Development,Programming,129,.NET,3 - Moderate / recurring,3,4 - Difficult,4,12,
Expert_Survey_E14_PMA.xlsx,E14_PMA,1,20+,4,Development,Programming,130,+Visual Programming,4 - Frequent / important,4,3 - Moderate,3,12,
Expert_Survey_E14_PMA.xlsx,E14_PMA,1,20+,4,Development,Programming,131,Expressions,5 - Essential / continuous,5,5 - Very difficult,5,25,
Expert_Survey_E14_PMA.xlsx,E14_PMA,1,20+,4,Development,Programming,132,CLI,2 - Occasional / peripheral,2,5 - Very difficult,5,10,
Expert_Survey_E14_PMA.xlsx,E14_PMA,1,20+,4,Development,Programming,133,IT Data Types,5 - Essential / continuous,5,3 - Moderate,3,15,
Expert_Survey_E14_PMA.xlsx,E14_PMA,1,20+,4,Development,Programming,134,Eclipse,3 - Moderate / recurring,3,4 - Difficult,4,12,
Expert_Survey_E14_PMA.xlsx,E14_PMA,1,20+,4,Development,Programming,135,Emulators,2 - Occasional / peripheral,2,4 - Difficult,4,8,
Expert_Survey_E14_PMA.xlsx,E14_PMA,1,20+,4,Development,Programming,136,Entity Types,5 - Essential / continuous,5,4 - Difficult,4,20,
Expert_Survey_E14_PMA.xlsx,E14_PMA,1,20+,4,Development,Programming,137,Enumerations,5 - Essential / continuous,5,3 - Moderate,3,15,
Expert_Survey_E14_PMA.xlsx,E14_PMA,1,20+,4,Development,Programming,138,Functions,3 - Moderate / recurring,3,4 - Difficult,4,12,
Expert_Survey_E14_PMA.xlsx,E14_PMA,1,20+,4,Development,Programming,139,HTML,1 - Rare / avoidable,1,4 - Difficult,4,4,
Expert_Survey_E14_PMA.xlsx,E14_PMA,1,20+,4,Development,Programming,140,SDK/IDE,2 - Occasional / peripheral,2,4 - Difficult,4,8,
Expert_Survey_E14_PMA.xlsx,E14_PMA,1,20+,4,Development,Programming,141,Iteration Statements,5 - Essential / continuous,5,3 - Moderate,3,15,
Expert_Survey_E14_PMA.xlsx,E14_PMA,1,20+,4,Development,Programming,142,Java,2 - Occasional / peripheral,2,5 - Very difficult,5,10,
Expert_Survey_E14_PMA.xlsx,E14_PMA,1,20+,4,Development,Programming,143,Java API,2 - Occasional / peripheral,2,5 - Very difficult,5,10,
Expert_Survey_E14_PMA.xlsx,E14_PMA,1,20+,4,Development,Programming,144,JavaScript,3 - Moderate / recurring,3,5 - Very difficult,5,15,
Expert_Survey_E14_PMA.xlsx,E14_PMA,1,20+,4,Development,Programming,145,JSON,3 - Moderate / recurring,3,3 - Moderate,3,9,
Expert_Survey_E14_PMA.xlsx,E14_PMA,1,20+,4,Development,Programming,146,Markup Language,3 - Moderate / recurring,3,3 - Moderate,3,9,
Expert_Survey_E14_PMA.xlsx,E14_PMA,1,20+,4,Development,Programming,147,Metadata,5 - Essential / continuous,5,3 - Moderate,3,15,
Expert_Survey_E14_PMA.xlsx,E14_PMA,1,20+,4,Development,Programming,148,Native Mobile App,4 - Frequent / important,4,3 - Moderate,3,12,
Expert_Survey_E14_PMA.xlsx,E14_PMA,1,20+,4,Development,Programming,149,node.js,4 - Frequent / important,4,5 - Very difficult,5,20,
Expert_Survey_E14_PMA.xlsx,E14_PMA,1,20+,4,Development,Programming,150,PWA,2 - Occasional / peripheral,2,4 - Difficult,4,8,
Expert_Survey_E14_PMA.xlsx,E14_PMA,1,20+,4,Development,Programming,151,Query Functions,3 - Moderate / recurring,3,3 - Moderate,3,9,
Expert_Survey_E14_PMA.xlsx,E14_PMA,1,20+,4,Development,Programming,152,Scripts,3 - Moderate / recurring,3,5 - Very difficult,5,15,
Expert_Survey_E14_PMA.xlsx,E14_PMA,1,20+,4,Development,Programming,153,Snippets,1 - Rare / avoidable,1,4 - Difficult,4,4,
Expert_Survey_E14_PMA.xlsx,E14_PMA,1,20+,4,Development,Programming,154,TypeScript,4 - Frequent / important,4,5 - Very difficult,5,20,
Expert_Survey_E14_PMA.xlsx,E14_PMA,1,20+,4,Development,Programming,155,Web API,2 - Occasional / peripheral,2,5 - Very difficult,5,10,
Expert_Survey_E14_PMA.xlsx,E14_PMA,1,20+,4,Development,Programming,156,XML,4 - Frequent / important,4,3 - Moderate,3,12,
Expert_Survey_E14_PMA.xlsx,E14_PMA,1,20+,4,Implementation,Runtime server installation,157,+Cloud Based Environment,5 - Essential / continuous,5,3 - Moderate,3,15,
Expert_Survey_E14_PMA.xlsx,E14_PMA,1,20+,4,Implementation,Runtime server installation,158,API,2 - Occasional / peripheral,2,5 - Very difficult,5,10,
Expert_Survey_E14_PMA.xlsx,E14_PMA,1,20+,4,Implementation,Runtime server installation,159,Compiler Service,2 - Occasional / peripheral,2,4 - Difficult,4,8,
Expert_Survey_E14_PMA.xlsx,E14_PMA,1,20+,4,Implementation,Runtime server installation,160,Database Synchronization,3 - Moderate / recurring,3,5 - Very difficult,5,15,
Expert_Survey_E14_PMA.xlsx,E14_PMA,1,20+,4,Implementation,Runtime server installation,161,Deployment Controller Service,2 - Occasional / peripheral,2,4 - Difficult,4,8,
Expert_Survey_E14_PMA.xlsx,E14_PMA,1,20+,4,Implementation,Runtime server installation,162,Email Server (SMTP),4 - Frequent / important,4,4 - Difficult,4,16,
Expert_Survey_E14_PMA.xlsx,E14_PMA,1,20+,4,Implementation,Runtime server installation,163,File Storage,5 - Essential / continuous,5,4 - Difficult,4,20,
Expert_Survey_E14_PMA.xlsx,E14_PMA,1,20+,4,Implementation,Runtime server installation,164,HTTPS Server,3 - Moderate / recurring,3,5 - Very difficult,5,15,
Expert_Survey_E14_PMA.xlsx,E14_PMA,1,20+,4,Implementation,Runtime server installation,165,Java,3 - Moderate / recurring,3,5 - Very difficult,5,15,
Expert_Survey_E14_PMA.xlsx,E14_PMA,1,20+,4,Implementation,Runtime server installation,166,Load Balancing,3 - Moderate / recurring,3,4 - Difficult,4,12,
Expert_Survey_E14_PMA.xlsx,E14_PMA,1,20+,4,Implementation,Runtime server installation,167,Log Service,3 - Moderate / recurring,3,4 - Difficult,4,12,
Expert_Survey_E14_PMA.xlsx,E14_PMA,1,20+,4,Implementation,Runtime server installation,168,Mobile App,4 - Frequent / important,4,4 - Difficult,4,16,
Expert_Survey_E14_PMA.xlsx,E14_PMA,1,20+,4,Implementation,Runtime server installation,169,OQL,3 - Moderate / recurring,3,5 - Very difficult,5,15,
Expert_Survey_E14_PMA.xlsx,E14_PMA,1,20+,4,Implementation,Runtime server installation,170,Proxy server,4 - Frequent / important,4,3 - Moderate,3,12,
Expert_Survey_E14_PMA.xlsx,E14_PMA,1,20+,4,Implementation,Runtime server installation,171,Relational Database,5 - Essential / continuous,5,4 - Difficult,4,20,
Expert_Survey_E14_PMA.xlsx,E14_PMA,1,20+,4,Implementation,Runtime server installation,172,REST API,4 - Frequent / important,4,4 - Difficult,4,16,
Expert_Survey_E14_PMA.xlsx,E14_PMA,1,20+,4,Implementation,Runtime server installation,173,SAML Authentication,5 - Essential / continuous,5,4 - Difficult,4,20,
Expert_Survey_E14_PMA.xlsx,E14_PMA,1,20+,4,Implementation,Runtime server installation,174,Scheduler Service,3 - Moderate / recurring,3,4 - Difficult,4,12,
Expert_Survey_E14_PMA.xlsx,E14_PMA,1,20+,4,Implementation,Runtime server installation,175,Shared Libraries,4 - Frequent / important,4,3 - Moderate,3,12,
Expert_Survey_E14_PMA.xlsx,E14_PMA,1,20+,4,Implementation,Runtime server installation,176,SOAP,4 - Frequent / important,4,4 - Difficult,4,16,
Expert_Survey_E14_PMA.xlsx,E14_PMA,1,20+,4,Implementation,Runtime server installation,177,SSL Certificates,4 - Frequent / important,4,5 - Very difficult,5,20,
Expert_Survey_E14_PMA.xlsx,E14_PMA,1,20+,4,Implementation,Runtime server installation,178,Swagger,4 - Frequent / important,4,5 - Very difficult,5,20,
Expert_Survey_E14_PMA.xlsx,E14_PMA,1,20+,4,Implementation,Runtime server installation,179,WSDL,3 - Moderate / recurring,3,4 - Difficult,4,12,
Expert_Survey_E14_PMA.xlsx,E14_PMA,1,20+,4,Implementation,Runtime server installation,180,XML/XPath,4 - Frequent / important,4,4 - Difficult,4,16,
Expert_Survey_E14_PMA.xlsx,E14_PMA,1,20+,4,Implementation,Database installation,181,+Embedded Database,4 - Frequent / important,4,4 - Difficult,4,16,
Expert_Survey_E14_PMA.xlsx,E14_PMA,1,20+,4,Implementation,Database installation,182,File Storage,4 - Frequent / important,4,3 - Moderate,3,12,
Expert_Survey_E14_PMA.xlsx,E14_PMA,1,20+,4,Implementation,Database installation,183,Relational Database,5 - Essential / continuous,5,5 - Very difficult,5,25,
Expert_Survey_E14_PMA.xlsx,E14_PMA,1,20+,4,Implementation,Database installation,184,REST API,3 - Moderate / recurring,3,3 - Moderate,3,9,
Expert_Survey_E14_PMA.xlsx,E14_PMA,1,20+,4,Implementation,Client module installation,185,.NET Framework,5 - Essential / continuous,5,5 - Very difficult,5,25,
Expert_Survey_E14_PMA.xlsx,E14_PMA,1,20+,4,Implementation,Client module installation,186,+Mobile App,4 - Frequent / important,4,4 - Difficult,4,16,
Expert_Survey_E14_PMA.xlsx,E14_PMA,1,20+,4,Implementation,Client module installation,187,+Web Browser,5 - Essential / continuous,5,1 - Very easy,1,5,
Expert_Survey_E14_PMA.xlsx,E14_PMA,1,20+,4,Implementation,Client module installation,188,API,2 - Occasional / peripheral,2,4 - Difficult,4,8,
Expert_Survey_E14_PMA.xlsx,E14_PMA,1,20+,4,Implementation,Client module installation,189,Binaries,4 - Frequent / important,4,3 - Moderate,3,12,
Expert_Survey_E14_PMA.xlsx,E14_PMA,1,20+,4,Implementation,Client module installation,190,HTTPS Server,4 - Frequent / important,4,3 - Moderate,3,12,
Expert_Survey_E14_PMA.xlsx,E14_PMA,1,20+,4,Implementation,Client module installation,191,URL Configuration,4 - Frequent / important,4,3 - Moderate,3,12,
Expert_Survey_E14_PMA.xlsx,E14_PMA,1,20+,4,Implementation,Client module installation,192,Web Services,3 - Moderate / recurring,3,4 - Difficult,4,12,
Expert_Survey_E14_PMA.xlsx,E14_PMA,1,20+,4,Implementation,Deployment,193,+App Gallery,5 - Essential / continuous,5,2 - Easy,2,10,
Expert_Survey_E14_PMA.xlsx,E14_PMA,1,20+,4,Implementation,Deployment,194,+Software as a Service,4 - Frequent / important,4,1 - Very easy,1,4,
Expert_Survey_E14_PMA.xlsx,E14_PMA,1,20+,4,Implementation,Deployment,195,Application IDE,4 - Frequent / important,4,3 - Moderate,3,12,
Expert_Survey_E14_PMA.xlsx,E14_PMA,1,20+,4,Implementation,Deployment,196,CI/CD,5 - Essential / continuous,5,5 - Very difficult,5,25,
Expert_Survey_E14_PMA.xlsx,E14_PMA,1,20+,4,Implementation,Deployment,197,Cloud Computing,5 - Essential / continuous,5,4 - Difficult,4,20,
Expert_Survey_E14_PMA.xlsx,E14_PMA,1,20+,4,Implementation,Deployment,198,Cloud Services,3 - Moderate / recurring,3,3 - Moderate,3,9,
Expert_Survey_E14_PMA.xlsx,E14_PMA,1,20+,4,Implementation,Deployment,199,Docker,5 - Essential / continuous,5,4 - Difficult,4,20,
Expert_Survey_E14_PMA.xlsx,E14_PMA,1,20+,4,Implementation,Deployment,200,Import/Export,5 - Essential / continuous,5,2 - Easy,2,10,
Expert_Survey_E14_PMA.xlsx,E14_PMA,1,20+,4,Implementation,Deployment,201,Kubernetes,4 - Frequent / important,4,5 - Very difficult,5,20,
Expert_Survey_E14_PMA.xlsx,E14_PMA,1,20+,4,Implementation,Deployment,202,On-Premise,5 - Essential / continuous,5,4 - Difficult,4,20,
Expert_Survey_E14_PMA.xlsx,E14_PMA,1,20+,4,Implementation,Deployment,203,On-premises Data Gateway,4 - Frequent / important,4,4 - Difficult,4,16,
Expert_Survey_E14_PMA.xlsx,E14_PMA,1,20+,4,Implementation,Deployment,204,REST API,4 - Frequent / important,4,5 - Very difficult,5,20,
Expert_Survey_E14_PMA.xlsx,E14_PMA,1,20+,4,Implementation,Deployment,205,Scripts,5 - Essential / continuous,5,3 - Moderate,3,15,
Expert_Survey_E14_PMA.xlsx,E14_PMA,1,20+,4,Implementation,Deployment,206,SOAP,4 - Frequent / important,4,5 - Very difficult,5,20,
Expert_Survey_E14_PMA.xlsx,E14_PMA,1,20+,4,Implementation,Version control,207,Code Repository Concept,5 - Essential / continuous,5,4 - Difficult,4,20,
Expert_Survey_E14_PMA.xlsx,E14_PMA,1,20+,4,Implementation,Version control,208,Custom Version Control,5 - Essential / continuous,5,3 - Moderate,3,15,
Expert_Survey_E14_PMA.xlsx,E14_PMA,1,20+,4,Implementation,Version control,209,Git,5 - Essential / continuous,5,4 - Difficult,4,20,
Expert_Survey_E15_KR.xlsx,E15_KR,1,20+,3,Design,Workflow model,1,+BPMN Process Model,5 - Essential / continuous,5,2 - Easy,2,10,
Expert_Survey_E15_KR.xlsx,E15_KR,1,20+,3,Design,Workflow model,2,Custom Process Model,3 - Moderate / recurring,3,4 - Difficult,4,12,Usage Intensity
Expert_Survey_E15_KR.xlsx,E15_KR,1,20+,3,Design,Database model,3,+Business Data Types,4 - Frequent / important,4,1 - Very easy,1,4,1 - Rare / avoidable
Expert_Survey_E15_KR.xlsx,E15_KR,1,20+,3,Design,Database model,4,+Form-based Data,2 - Occasional / peripheral,2,2 - Easy,2,4,2 - Occasional / peripheral
Expert_Survey_E15_KR.xlsx,E15_KR,1,20+,3,Design,Database model,5,+Item-Detail,2 - Occasional / peripheral,2,3 - Moderate,3,6,3 - Moderate / recurring
Expert_Survey_E15_KR.xlsx,E15_KR,1,20+,3,Design,Database model,6,+Lookup/Drop-down,4 - Frequent / important,4,1 - Very easy,1,4,4 - Frequent / important
Expert_Survey_E15_KR.xlsx,E15_KR,1,20+,3,Design,Database model,7,+Predefined Entities,5 - Essential / continuous,5,1 - Very easy,1,5,5 - Essential / continuous
Expert_Survey_E15_KR.xlsx,E15_KR,1,20+,3,Design,Database model,8,Domain Model,4 - Frequent / important,4,3 - Moderate,3,12,
Expert_Survey_E15_KR.xlsx,E15_KR,1,20+,3,Design,Database model,9,Conditional Expressions,5 - Essential / continuous,5,2 - Easy,2,10,Difficulty of Acquisition
Expert_Survey_E15_KR.xlsx,E15_KR,1,20+,3,Design,Database model,10,Constraints,3 - Moderate / recurring,3,3 - Moderate,3,9,1 - Very easy
Expert_Survey_E15_KR.xlsx,E15_KR,1,20+,3,Design,Database model,11,Data Structure,4 - Frequent / important,4,4 - Difficult,4,16,2 - Easy
Expert_Survey_E15_KR.xlsx,E15_KR,1,20+,3,Design,Database model,12,IT Data Types,2 - Occasional / peripheral,2,4 - Difficult,4,8,3 - Moderate
Expert_Survey_E15_KR.xlsx,E15_KR,1,20+,3,Design,Database model,13,Denormalization,1 - Rare / avoidable,1,5 - Very difficult,5,5,4 - Difficult
Expert_Survey_E15_KR.xlsx,E15_KR,1,20+,3,Design,Database model,14,Entity Diagrams,3 - Moderate / recurring,3,2 - Easy,2,6,5 - Very difficult
Expert_Survey_E15_KR.xlsx,E15_KR,1,20+,3,Design,Database model,15,Enumerations,4 - Frequent / important,4,2 - Easy,2,8,
Expert_Survey_E15_KR.xlsx,E15_KR,1,20+,3,Design,Database model,16,Expressions,4 - Frequent / important,4,4 - Difficult,4,16,Instruction
Expert_Survey_E15_KR.xlsx,E15_KR,1,20+,3,Design,Database model,17,Relational Database,2 - Occasional / peripheral,2,3 - Moderate,3,6,
Expert_Survey_E15_KR.xlsx,E15_KR,1,20+,3,Design,Database model,18,XML/XPath,1 - Rare / avoidable,1,5 - Very difficult,5,5,
Expert_Survey_E15_KR.xlsx,E15_KR,1,20+,3,Design,UI model,19,+App templates,5 - Essential / continuous,5,3 - Moderate,3,15,
Expert_Survey_E15_KR.xlsx,E15_KR,1,20+,3,Design,UI model,20,+Business Data Types,4 - Frequent / important,4,3 - Moderate,3,12,
Expert_Survey_E15_KR.xlsx,E15_KR,1,20+,3,Design,UI model,21,+Screen Templates,4 - Frequent / important,4,2 - Easy,2,8,
Expert_Survey_E15_KR.xlsx,E15_KR,1,20+,3,Design,UI model,22,+UI Branding,5 - Essential / continuous,5,1 - Very easy,1,5,
Expert_Survey_E15_KR.xlsx,E15_KR,1,20+,3,Design,UI model,23,+View Types,5 - Essential / continuous,5,1 - Very easy,1,5,
Expert_Survey_E15_KR.xlsx,E15_KR,1,20+,3,Design,UI model,24,Expressions,2 - Occasional / peripheral,2,4 - Difficult,4,8,
Expert_Survey_E15_KR.xlsx,E15_KR,1,20+,3,Design,UI model,25,IT Data Types,1 - Rare / avoidable,1,5 - Very difficult,5,5,
Expert_Survey_E15_KR.xlsx,E15_KR,1,20+,3,Design,UI model,26,Functions,1 - Rare / avoidable,1,5 - Very difficult,5,5,
Expert_Survey_E15_KR.xlsx,E15_KR,1,20+,3,Design,UI model,27,Model-driven Apps,2 - Occasional / peripheral,2,4 - Difficult,4,8,
Expert_Survey_E15_KR.xlsx,E15_KR,1,20+,3,Design,UI model,28,Reactive Web App,5 - Essential / continuous,5,2 - Easy,2,10,
Expert_Survey_E15_KR.xlsx,E15_KR,1,20+,3,Design,UI model,29,Responsive Web Design,4 - Frequent / important,4,3 - Moderate,3,12,
Expert_Survey_E15_KR.xlsx,E15_KR,1,20+,3,Design,UI model,30,Variables,1 - Rare / avoidable,1,5 - Very difficult,5,5,
Expert_Survey_E15_KR.xlsx,E15_KR,1,20+,3,Design,Validations,31,+Business Rules,3 - Moderate / recurring,3,4 - Difficult,4,12,
Expert_Survey_E15_KR.xlsx,E15_KR,1,20+,3,Design,Validations,32,+Lookup/Drop-down,4 - Frequent / important,4,4 - Difficult,4,16,
Expert_Survey_E15_KR.xlsx,E15_KR,1,20+,3,Design,Validations,33,Expressions,3 - Moderate / recurring,3,3 - Moderate,3,9,
Expert_Survey_E15_KR.xlsx,E15_KR,1,20+,3,Design,Validations,34,Enumerations,1 - Rare / avoidable,1,5 - Very difficult,5,5,
Expert_Survey_E15_KR.xlsx,E15_KR,1,20+,3,Design,Validations,35,JavaScript,5 - Essential / continuous,5,2 - Easy,2,10,
Expert_Survey_E15_KR.xlsx,E15_KR,1,20+,3,Design,Validations,36,Scripts,3 - Moderate / recurring,3,4 - Difficult,4,12,
Expert_Survey_E15_KR.xlsx,E15_KR,1,20+,3,Design,Validations,37,Transactions,1 - Rare / avoidable,1,5 - Very difficult,5,5,
Expert_Survey_E15_KR.xlsx,E15_KR,1,20+,3,Design,Application logic,38,+Actions,3 - Moderate / recurring,3,3 - Moderate,3,9,
Expert_Survey_E15_KR.xlsx,E15_KR,1,20+,3,Design,Application logic,39,+Graphical actions,4 - Frequent / important,4,3 - Moderate,3,12,
Expert_Survey_E15_KR.xlsx,E15_KR,1,20+,3,Design,Application logic,40,+NLP,3 - Moderate / recurring,3,2 - Easy,2,6,
Expert_Survey_E15_KR.xlsx,E15_KR,1,20+,3,Design,Application logic,41,+Custom Language,4 - Frequent / important,4,3 - Moderate,3,12,
Expert_Survey_E15_KR.xlsx,E15_KR,1,20+,3,Design,Application logic,42,+Predefined Tasks,4 - Frequent / important,4,2 - Easy,2,8,
Expert_Survey_E15_KR.xlsx,E15_KR,1,20+,3,Design,Application logic,43,UML,4 - Frequent / important,4,4 - Difficult,4,16,
Expert_Survey_E15_KR.xlsx,E15_KR,1,20+,3,Design,Application logic,44,Algorithms,4 - Frequent / important,4,3 - Moderate,3,12,
Expert_Survey_E15_KR.xlsx,E15_KR,1,20+,3,Design,Application logic,45,Expressions,5 - Essential / continuous,5,2 - Easy,2,10,
Expert_Survey_E15_KR.xlsx,E15_KR,1,20+,3,Design,Application logic,46,Control Structures,4 - Frequent / important,4,3 - Moderate,3,12,
Expert_Survey_E15_KR.xlsx,E15_KR,1,20+,3,Design,Application logic,47,IT Data Types,5 - Essential / continuous,5,3 - Moderate,3,15,
Expert_Survey_E15_KR.xlsx,E15_KR,1,20+,3,Design,Application logic,48,Events,4 - Frequent / important,4,3 - Moderate,3,12,
Expert_Survey_E15_KR.xlsx,E15_KR,1,20+,3,Design,Application logic,49,Formulas,5 - Essential / continuous,5,4 - Difficult,4,20,
Expert_Survey_E15_KR.xlsx,E15_KR,1,20+,3,Design,Application logic,50,Functions,5 - Essential / continuous,5,5 - Very difficult,5,25,
Expert_Survey_E15_KR.xlsx,E15_KR,1,20+,3,Design,Application logic,51,Java,4 - Frequent / important,4,5 - Very difficult,5,20,
Expert_Survey_E15_KR.xlsx,E15_KR,1,20+,3,Design,Application logic,52,JavaScript,4 - Frequent / important,4,5 - Very difficult,5,20,
Expert_Survey_E15_KR.xlsx,E15_KR,1,20+,3,Design,Application logic,53,Microservices,4 - Frequent / important,4,5 - Very difficult,5,20,
Expert_Survey_E15_KR.xlsx,E15_KR,1,20+,3,Design,Application logic,54,SQL,4 - Frequent / important,4,5 - Very difficult,5,20,
Expert_Survey_E15_KR.xlsx,E15_KR,1,20+,3,Design,Application logic,55,Variables,5 - Essential / continuous,5,3 - Moderate,3,15,
Expert_Survey_E15_KR.xlsx,E15_KR,1,20+,3,Development,Workflow design and development,56,+BPMN Process Model,3 - Moderate / recurring,3,3 - Moderate,3,9,
Expert_Survey_E15_KR.xlsx,E15_KR,1,20+,3,Development,Workflow design and development,57,Expressions,4 - Frequent / important,4,4 - Difficult,4,16,
Expert_Survey_E15_KR.xlsx,E15_KR,1,20+,3,Development,Workflow design and development,58,Custom Process Model,3 - Moderate / recurring,3,4 - Difficult,4,12,
Expert_Survey_E15_KR.xlsx,E15_KR,1,20+,3,Development,Workflow design and development,59,Events,3 - Moderate / recurring,3,3 - Moderate,3,9,
Expert_Survey_E15_KR.xlsx,E15_KR,1,20+,3,Development,Workflow design and development,60,Java API,4 - Frequent / important,4,5 - Very difficult,5,20,
Expert_Survey_E15_KR.xlsx,E15_KR,1,20+,3,Development,Workflow design and development,61,JavaScript,4 - Frequent / important,4,5 - Very difficult,5,20,
Expert_Survey_E15_KR.xlsx,E15_KR,1,20+,3,Development,Workflow design and development,62,REST API,3 - Moderate / recurring,3,5 - Very difficult,5,15,
Expert_Survey_E15_KR.xlsx,E15_KR,1,20+,3,Development,Workflow design and development,63,Triggers,4 - Frequent / important,4,3 - Moderate,3,12,
Expert_Survey_E15_KR.xlsx,E15_KR,1,20+,3,Development,Database design,64,+Business Data Types,5 - Essential / continuous,5,2 - Easy,2,10,
Expert_Survey_E15_KR.xlsx,E15_KR,1,20+,3,Development,Database design,65,+Custom Database Model,5 - Essential / continuous,5,3 - Moderate,3,15,
Expert_Survey_E15_KR.xlsx,E15_KR,1,20+,3,Development,Database design,66,+References,5 - Essential / continuous,5,2 - Easy,2,10,
Expert_Survey_E15_KR.xlsx,E15_KR,1,20+,3,Development,Database design,67,+Slices,4 - Frequent / important,4,2 - Easy,2,8,
Expert_Survey_E15_KR.xlsx,E15_KR,1,20+,3,Development,Database design,68,Actions,4 - Frequent / important,4,3 - Moderate,3,12,
Expert_Survey_E15_KR.xlsx,E15_KR,1,20+,3,Development,Database design,69,Expressions,3 - Moderate / recurring,3,4 - Difficult,4,12,
Expert_Survey_E15_KR.xlsx,E15_KR,1,20+,3,Development,Database design,70,Relational Database,4 - Frequent / important,4,5 - Very difficult,5,20,
Expert_Survey_E15_KR.xlsx,E15_KR,1,20+,3,Development,Database design,71,Entity Diagrams,4 - Frequent / important,4,3 - Moderate,3,12,
Expert_Survey_E15_KR.xlsx,E15_KR,1,20+,3,Development,Database design,72,Functions,3 - Moderate / recurring,3,5 - Very difficult,5,15,
Expert_Survey_E15_KR.xlsx,E15_KR,1,20+,3,Development,Database design,73,SQL,4 - Frequent / important,4,5 - Very difficult,5,20,
Expert_Survey_E15_KR.xlsx,E15_KR,1,20+,3,Development,Database design,74,IT Data Types,5 - Essential / continuous,5,3 - Moderate,3,15,
Expert_Survey_E15_KR.xlsx,E15_KR,1,20+,3,Development,Database design,75,Web API,3 - Moderate / recurring,3,5 - Very difficult,5,15,
Expert_Survey_E15_KR.xlsx,E15_KR,1,20+,3,Development,Fetching data,76,.NET,3 - Moderate / recurring,3,5 - Very difficult,5,15,
Expert_Survey_E15_KR.xlsx,E15_KR,1,20+,3,Development,Fetching data,77,+Cloud-based Spreadsheets,4 - Frequent / important,4,3 - Moderate,3,12,
Expert_Survey_E15_KR.xlsx,E15_KR,1,20+,3,Development,Fetching data,78,+GUI Queries,4 - Frequent / important,4,3 - Moderate,3,12,
Expert_Survey_E15_KR.xlsx,E15_KR,1,20+,3,Development,Fetching data,79,+Human Language,2 - Occasional / peripheral,2,1 - Very easy,1,2,
Expert_Survey_E15_KR.xlsx,E15_KR,1,20+,3,Development,Fetching data,80,+Integrated Data Sources,3 - Moderate / recurring,3,2 - Easy,2,6,
Expert_Survey_E15_KR.xlsx,E15_KR,1,20+,3,Development,Fetching data,81,Cloud Services,2 - Occasional / peripheral,2,4 - Difficult,4,8,
Expert_Survey_E15_KR.xlsx,E15_KR,1,20+,3,Development,Fetching data,82,Custom Query Language,2 - Occasional / peripheral,2,4 - Difficult,4,8,
Expert_Survey_E15_KR.xlsx,E15_KR,1,20+,3,Development,Fetching data,83,Data Source Integration,2 - Occasional / peripheral,2,5 - Very difficult,5,10,
Expert_Survey_E15_KR.xlsx,E15_KR,1,20+,3,Development,Fetching data,84,Formulas,2 - Occasional / peripheral,2,3 - Moderate,3,6,
Expert_Survey_E15_KR.xlsx,E15_KR,1,20+,3,Development,Fetching data,85,Local Storage,2 - Occasional / peripheral,2,3 - Moderate,3,6,
Expert_Survey_E15_KR.xlsx,E15_KR,1,20+,3,Development,Fetching data,86,OAuth,2 - Occasional / peripheral,2,4 - Difficult,4,8,
Expert_Survey_E15_KR.xlsx,E15_KR,1,20+,3,Development,Fetching data,87,REST API,2 - Occasional / peripheral,2,4 - Difficult,4,8,
Expert_Survey_E15_KR.xlsx,E15_KR,1,20+,3,Development,Fetching data,88,SDK,2 - Occasional / peripheral,2,5 - Very difficult,5,10,
Expert_Survey_E15_KR.xlsx,E15_KR,1,20+,3,Development,Fetching data,89,SQL,2 - Occasional / peripheral,2,5 - Very difficult,5,10,
Expert_Survey_E15_KR.xlsx,E15_KR,1,20+,3,Development,Fetching data,90,URL,2 - Occasional / peripheral,2,2 - Easy,2,4,
Expert_Survey_E15_KR.xlsx,E15_KR,1,20+,3,Development,Fetching data,91,Web API,2 - Occasional / peripheral,2,4 - Difficult,4,8,
Expert_Survey_E15_KR.xlsx,E15_KR,1,20+,3,Development,GUI design and development,92,+AI Support,3 - Moderate / recurring,3,2 - Easy,2,6,
Expert_Survey_E15_KR.xlsx,E15_KR,1,20+,3,Development,GUI design and development,93,+Business Data Types,4 - Frequent / important,4,2 - Easy,2,8,
Expert_Survey_E15_KR.xlsx,E15_KR,1,20+,3,Development,GUI design and development,94,+Conditional Formatting,5 - Essential / continuous,5,2 - Easy,2,10,
Expert_Survey_E15_KR.xlsx,E15_KR,1,20+,3,Development,GUI design and development,95,+GUI Style Editor,5 - Essential / continuous,5,2 - Easy,2,10,
Expert_Survey_E15_KR.xlsx,E15_KR,1,20+,3,Development,GUI design and development,96,+Templatized Formulas,5 - Essential / continuous,5,2 - Easy,2,10,
Expert_Survey_E15_KR.xlsx,E15_KR,1,20+,3,Development,GUI design and development,97,+UI Branding,2 - Occasional / peripheral,2,2 - Easy,2,4,
Expert_Survey_E15_KR.xlsx,E15_KR,1,20+,3,Development,GUI design and development,98,+View Types,4 - Frequent / important,4,2 - Easy,2,8,
Expert_Survey_E15_KR.xlsx,E15_KR,1,20+,3,Development,GUI design and development,99,+WYSIWYG,4 - Frequent / important,4,2 - Easy,2,8,
Expert_Survey_E15_KR.xlsx,E15_KR,1,20+,3,Development,GUI design and development,100,CSS/SCSS,2 - Occasional / peripheral,2,4 - Difficult,4,8,
Expert_Survey_E15_KR.xlsx,E15_KR,1,20+,3,Development,GUI design and development,101,Event Propagation,3 - Moderate / recurring,3,4 - Difficult,4,12,
Expert_Survey_E15_KR.xlsx,E15_KR,1,20+,3,Development,GUI design and development,102,Responsive Web Design,3 - Moderate / recurring,3,4 - Difficult,4,12,
Expert_Survey_E15_KR.xlsx,E15_KR,1,20+,3,Development,GUI design and development,103,HTML,3 - Moderate / recurring,3,4 - Difficult,4,12,
Expert_Survey_E15_KR.xlsx,E15_KR,1,20+,3,Development,GUI design and development,104,IT Data Types,5 - Essential / continuous,5,3 - Moderate,3,15,
Expert_Survey_E15_KR.xlsx,E15_KR,1,20+,3,Development,GUI design and development,105,JavaScript,3 - Moderate / recurring,3,5 - Very difficult,5,15,
Expert_Survey_E15_KR.xlsx,E15_KR,1,20+,3,Development,GUI design and development,106,Master Detail,5 - Essential / continuous,5,2 - Easy,2,10,
Expert_Survey_E15_KR.xlsx,E15_KR,1,20+,3,Development,GUI design and development,107,Programming Functions,4 - Frequent / important,4,5 - Very difficult,5,20,
Expert_Survey_E15_KR.xlsx,E15_KR,1,20+,3,Development,GUI design and development,108,Scripts,4 - Frequent / important,4,4 - Difficult,4,16,
Expert_Survey_E15_KR.xlsx,E15_KR,1,20+,3,Development,GUI design and development,109,Snippets,3 - Moderate / recurring,3,5 - Very difficult,5,15,
Expert_Survey_E15_KR.xlsx,E15_KR,1,20+,3,Development,GUI design and development,110,Variables,5 - Essential / continuous,5,3 - Moderate,3,15,
Expert_Survey_E15_KR.xlsx,E15_KR,1,20+,3,Development,GUI design and development,111,XML,4 - Frequent / important,4,4 - Difficult,4,16,
Expert_Survey_E15_KR.xlsx,E15_KR,1,20+,3,Development,Data validation development,112,+Business Rules,5 - Essential / continuous,5,3 - Moderate,3,15,
Expert_Survey_E15_KR.xlsx,E15_KR,1,20+,3,Development,Data validation development,113,+Column Expressions,4 - Frequent / important,4,3 - Moderate,3,12,
Expert_Survey_E15_KR.xlsx,E15_KR,1,20+,3,Development,Data validation development,114,Expressions,5 - Essential / continuous,5,3 - Moderate,3,15,
Expert_Survey_E15_KR.xlsx,E15_KR,1,20+,3,Development,Data validation development,115,Data Fields,5 - Essential / continuous,5,3 - Moderate,3,15,
Expert_Survey_E15_KR.xlsx,E15_KR,1,20+,3,Development,Data validation development,116,Domain Model,5 - Essential / continuous,5,4 - Difficult,4,20,
Expert_Survey_E15_KR.xlsx,E15_KR,1,20+,3,Development,Data validation development,117,Scripts,3 - Moderate / recurring,3,4 - Difficult,4,12,
Expert_Survey_E15_KR.xlsx,E15_KR,1,20+,3,Development,Actions design and development,118,+AI Assisted Development,3 - Moderate / recurring,3,2 - Easy,2,6,
Expert_Survey_E15_KR.xlsx,E15_KR,1,20+,3,Development,Actions design and development,119,+Automations,4 - Frequent / important,4,3 - Moderate,3,12,
Expert_Survey_E15_KR.xlsx,E15_KR,1,20+,3,Development,Actions design and development,120,+Built-in Connectors,4 - Frequent / important,4,2 - Easy,2,8,
Expert_Survey_E15_KR.xlsx,E15_KR,1,20+,3,Development,Actions design and development,121,API,3 - Moderate / recurring,3,5 - Very difficult,5,15,
Expert_Survey_E15_KR.xlsx,E15_KR,1,20+,3,Development,Actions design and development,122,Expressions,5 - Essential / continuous,5,4 - Difficult,4,20,
Expert_Survey_E15_KR.xlsx,E15_KR,1,20+,3,Development,Actions design and development,123,Functions,5 - Essential / continuous,5,5 - Very difficult,5,25,
Expert_Survey_E15_KR.xlsx,E15_KR,1,20+,3,Development,Actions design and development,124,Java,4 - Frequent / important,4,5 - Very difficult,5,20,
Expert_Survey_E15_KR.xlsx,E15_KR,1,20+,3,Development,Actions design and development,125,JavaScript,4 - Frequent / important,4,5 - Very difficult,5,20,
Expert_Survey_E15_KR.xlsx,E15_KR,1,20+,3,Development,Actions design and development,126,Object Model,3 - Moderate / recurring,3,4 - Difficult,4,12,
Expert_Survey_E15_KR.xlsx,E15_KR,1,20+,3,Development,Actions design and development,127,Scripts,3 - Moderate / recurring,3,4 - Difficult,4,12,
Expert_Survey_E15_KR.xlsx,E15_KR,1,20+,3,Development,Actions design and development,128,SOAP,3 - Moderate / recurring,3,5 - Very difficult,5,15,
Expert_Survey_E15_KR.xlsx,E15_KR,1,20+,3,Development,Programming,129,.NET,3 - Moderate / recurring,3,5 - Very difficult,5,15,
Expert_Survey_E15_KR.xlsx,E15_KR,1,20+,3,Development,Programming,130,+Visual Programming,5 - Essential / continuous,5,3 - Moderate,3,15,
Expert_Survey_E15_KR.xlsx,E15_KR,1,20+,3,Development,Programming,131,Expressions,5 - Essential / continuous,5,4 - Difficult,4,20,
Expert_Survey_E15_KR.xlsx,E15_KR,1,20+,3,Development,Programming,132,CLI,2 - Occasional / peripheral,2,5 - Very difficult,5,10,
Expert_Survey_E15_KR.xlsx,E15_KR,1,20+,3,Development,Programming,133,IT Data Types,5 - Essential / continuous,5,3 - Moderate,3,15,
Expert_Survey_E15_KR.xlsx,E15_KR,1,20+,3,Development,Programming,134,Eclipse,3 - Moderate / recurring,3,4 - Difficult,4,12,
Expert_Survey_E15_KR.xlsx,E15_KR,1,20+,3,Development,Programming,135,Emulators,2 - Occasional / peripheral,2,4 - Difficult,4,8,
Expert_Survey_E15_KR.xlsx,E15_KR,1,20+,3,Development,Programming,136,Entity Types,5 - Essential / continuous,5,3 - Moderate,3,15,
Expert_Survey_E15_KR.xlsx,E15_KR,1,20+,3,Development,Programming,137,Enumerations,5 - Essential / continuous,5,3 - Moderate,3,15,
Expert_Survey_E15_KR.xlsx,E15_KR,1,20+,3,Development,Programming,138,Functions,3 - Moderate / recurring,3,4 - Difficult,4,12,
Expert_Survey_E15_KR.xlsx,E15_KR,1,20+,3,Development,Programming,139,HTML,2 - Occasional / peripheral,2,4 - Difficult,4,8,
Expert_Survey_E15_KR.xlsx,E15_KR,1,20+,3,Development,Programming,140,SDK/IDE,2 - Occasional / peripheral,2,5 - Very difficult,5,10,
Expert_Survey_E15_KR.xlsx,E15_KR,1,20+,3,Development,Programming,141,Iteration Statements,4 - Frequent / important,4,3 - Moderate,3,12,
Expert_Survey_E15_KR.xlsx,E15_KR,1,20+,3,Development,Programming,142,Java,2 - Occasional / peripheral,2,5 - Very difficult,5,10,
Expert_Survey_E15_KR.xlsx,E15_KR,1,20+,3,Development,Programming,143,Java API,2 - Occasional / peripheral,2,5 - Very difficult,5,10,
Expert_Survey_E15_KR.xlsx,E15_KR,1,20+,3,Development,Programming,144,JavaScript,2 - Occasional / peripheral,2,5 - Very difficult,5,10,
Expert_Survey_E15_KR.xlsx,E15_KR,1,20+,3,Development,Programming,145,JSON,4 - Frequent / important,4,3 - Moderate,3,12,
Expert_Survey_E15_KR.xlsx,E15_KR,1,20+,3,Development,Programming,146,Markup Language,3 - Moderate / recurring,3,3 - Moderate,3,9,
Expert_Survey_E15_KR.xlsx,E15_KR,1,20+,3,Development,Programming,147,Metadata,5 - Essential / continuous,5,3 - Moderate,3,15,
Expert_Survey_E15_KR.xlsx,E15_KR,1,20+,3,Development,Programming,148,Native Mobile App,4 - Frequent / important,4,4 - Difficult,4,16,
Expert_Survey_E15_KR.xlsx,E15_KR,1,20+,3,Development,Programming,149,node.js,3 - Moderate / recurring,3,5 - Very difficult,5,15,
Expert_Survey_E15_KR.xlsx,E15_KR,1,20+,3,Development,Programming,150,PWA,2 - Occasional / peripheral,2,5 - Very difficult,5,10,
Expert_Survey_E15_KR.xlsx,E15_KR,1,20+,3,Development,Programming,151,Query Functions,4 - Frequent / important,4,3 - Moderate,3,12,
Expert_Survey_E15_KR.xlsx,E15_KR,1,20+,3,Development,Programming,152,Scripts,3 - Moderate / recurring,3,4 - Difficult,4,12,
Expert_Survey_E15_KR.xlsx,E15_KR,1,20+,3,Development,Programming,153,Snippets,2 - Occasional / peripheral,2,5 - Very difficult,5,10,
Expert_Survey_E15_KR.xlsx,E15_KR,1,20+,3,Development,Programming,154,TypeScript,3 - Moderate / recurring,3,5 - Very difficult,5,15,
Expert_Survey_E15_KR.xlsx,E15_KR,1,20+,3,Development,Programming,155,Web API,2 - Occasional / peripheral,2,5 - Very difficult,5,10,
Expert_Survey_E15_KR.xlsx,E15_KR,1,20+,3,Development,Programming,156,XML,4 - Frequent / important,4,3 - Moderate,3,12,
Expert_Survey_E15_KR.xlsx,E15_KR,1,20+,3,Implementation,Runtime server installation,157,+Cloud Based Environment,5 - Essential / continuous,5,4 - Difficult,4,20,
Expert_Survey_E15_KR.xlsx,E15_KR,1,20+,3,Implementation,Runtime server installation,158,API,2 - Occasional / peripheral,2,5 - Very difficult,5,10,
Expert_Survey_E15_KR.xlsx,E15_KR,1,20+,3,Implementation,Runtime server installation,159,Compiler Service,3 - Moderate / recurring,3,5 - Very difficult,5,15,
Expert_Survey_E15_KR.xlsx,E15_KR,1,20+,3,Implementation,Runtime server installation,160,Database Synchronization,3 - Moderate / recurring,3,5 - Very difficult,5,15,
Expert_Survey_E15_KR.xlsx,E15_KR,1,20+,3,Implementation,Runtime server installation,161,Deployment Controller Service,3 - Moderate / recurring,3,5 - Very difficult,5,15,
Expert_Survey_E15_KR.xlsx,E15_KR,1,20+,3,Implementation,Runtime server installation,162,Email Server (SMTP),4 - Frequent / important,4,4 - Difficult,4,16,
Expert_Survey_E15_KR.xlsx,E15_KR,1,20+,3,Implementation,Runtime server installation,163,File Storage,4 - Frequent / important,4,4 - Difficult,4,16,
Expert_Survey_E15_KR.xlsx,E15_KR,1,20+,3,Implementation,Runtime server installation,164,HTTPS Server,4 - Frequent / important,4,5 - Very difficult,5,20,
Expert_Survey_E15_KR.xlsx,E15_KR,1,20+,3,Implementation,Runtime server installation,165,Java,4 - Frequent / important,4,5 - Very difficult,5,20,
Expert_Survey_E15_KR.xlsx,E15_KR,1,20+,3,Implementation,Runtime server installation,166,Load Balancing,2 - Occasional / peripheral,2,4 - Difficult,4,8,
Expert_Survey_E15_KR.xlsx,E15_KR,1,20+,3,Implementation,Runtime server installation,167,Log Service,2 - Occasional / peripheral,2,3 - Moderate,3,6,
Expert_Survey_E15_KR.xlsx,E15_KR,1,20+,3,Implementation,Runtime server installation,168,Mobile App,4 - Frequent / important,4,3 - Moderate,3,12,
Expert_Survey_E15_KR.xlsx,E15_KR,1,20+,3,Implementation,Runtime server installation,169,OQL,3 - Moderate / recurring,3,4 - Difficult,4,12,
Expert_Survey_E15_KR.xlsx,E15_KR,1,20+,3,Implementation,Runtime server installation,170,Proxy server,4 - Frequent / important,4,4 - Difficult,4,16,
Expert_Survey_E15_KR.xlsx,E15_KR,1,20+,3,Implementation,Runtime server installation,171,Relational Database,5 - Essential / continuous,5,5 - Very difficult,5,25,
Expert_Survey_E15_KR.xlsx,E15_KR,1,20+,3,Implementation,Runtime server installation,172,REST API,4 - Frequent / important,4,4 - Difficult,4,16,
Expert_Survey_E15_KR.xlsx,E15_KR,1,20+,3,Implementation,Runtime server installation,173,SAML Authentication,5 - Essential / continuous,5,5 - Very difficult,5,25,
Expert_Survey_E15_KR.xlsx,E15_KR,1,20+,3,Implementation,Runtime server installation,174,Scheduler Service,3 - Moderate / recurring,3,4 - Difficult,4,12,
Expert_Survey_E15_KR.xlsx,E15_KR,1,20+,3,Implementation,Runtime server installation,175,Shared Libraries,4 - Frequent / important,4,4 - Difficult,4,16,
Expert_Survey_E15_KR.xlsx,E15_KR,1,20+,3,Implementation,Runtime server installation,176,SOAP,4 - Frequent / important,4,5 - Very difficult,5,20,
Expert_Survey_E15_KR.xlsx,E15_KR,1,20+,3,Implementation,Runtime server installation,177,SSL Certificates,4 - Frequent / important,4,4 - Difficult,4,16,
Expert_Survey_E15_KR.xlsx,E15_KR,1,20+,3,Implementation,Runtime server installation,178,Swagger,3 - Moderate / recurring,3,4 - Difficult,4,12,
Expert_Survey_E15_KR.xlsx,E15_KR,1,20+,3,Implementation,Runtime server installation,179,WSDL,3 - Moderate / recurring,3,5 - Very difficult,5,15,
Expert_Survey_E15_KR.xlsx,E15_KR,1,20+,3,Implementation,Runtime server installation,180,XML/XPath,4 - Frequent / important,4,4 - Difficult,4,16,
Expert_Survey_E15_KR.xlsx,E15_KR,1,20+,3,Implementation,Database installation,181,+Embedded Database,4 - Frequent / important,4,3 - Moderate,3,12,
Expert_Survey_E15_KR.xlsx,E15_KR,1,20+,3,Implementation,Database installation,182,File Storage,5 - Essential / continuous,5,3 - Moderate,3,15,
Expert_Survey_E15_KR.xlsx,E15_KR,1,20+,3,Implementation,Database installation,183,Relational Database,5 - Essential / continuous,5,5 - Very difficult,5,25,
Expert_Survey_E15_KR.xlsx,E15_KR,1,20+,3,Implementation,Database installation,184,REST API,3 - Moderate / recurring,3,4 - Difficult,4,12,
Expert_Survey_E15_KR.xlsx,E15_KR,1,20+,3,Implementation,Client module installation,185,.NET Framework,4 - Frequent / important,4,5 - Very difficult,5,20,
Expert_Survey_E15_KR.xlsx,E15_KR,1,20+,3,Implementation,Client module installation,186,+Mobile App,4 - Frequent / important,4,4 - Difficult,4,16,
Expert_Survey_E15_KR.xlsx,E15_KR,1,20+,3,Implementation,Client module installation,187,+Web Browser,5 - Essential / continuous,5,1 - Very easy,1,5,
Expert_Survey_E15_KR.xlsx,E15_KR,1,20+,3,Implementation,Client module installation,188,API,3 - Moderate / recurring,3,4 - Difficult,4,12,
Expert_Survey_E15_KR.xlsx,E15_KR,1,20+,3,Implementation,Client module installation,189,Binaries,4 - Frequent / important,4,3 - Moderate,3,12,
Expert_Survey_E15_KR.xlsx,E15_KR,1,20+,3,Implementation,Client module installation,190,HTTPS Server,4 - Frequent / important,4,4 - Difficult,4,16,
Expert_Survey_E15_KR.xlsx,E15_KR,1,20+,3,Implementation,Client module installation,191,URL Configuration,4 - Frequent / important,4,3 - Moderate,3,12,
Expert_Survey_E15_KR.xlsx,E15_KR,1,20+,3,Implementation,Client module installation,192,Web Services,3 - Moderate / recurring,3,4 - Difficult,4,12,
Expert_Survey_E15_KR.xlsx,E15_KR,1,20+,3,Implementation,Deployment,193,+App Gallery,4 - Frequent / important,4,1 - Very easy,1,4,
Expert_Survey_E15_KR.xlsx,E15_KR,1,20+,3,Implementation,Deployment,194,+Software as a Service,4 - Frequent / important,4,1 - Very easy,1,4,
Expert_Survey_E15_KR.xlsx,E15_KR,1,20+,3,Implementation,Deployment,195,Application IDE,3 - Moderate / recurring,3,4 - Difficult,4,12,
Expert_Survey_E15_KR.xlsx,E15_KR,1,20+,3,Implementation,Deployment,196,CI/CD,5 - Essential / continuous,5,5 - Very difficult,5,25,
Expert_Survey_E15_KR.xlsx,E15_KR,1,20+,3,Implementation,Deployment,197,Cloud Computing,4 - Frequent / important,4,4 - Difficult,4,16,
Expert_Survey_E15_KR.xlsx,E15_KR,1,20+,3,Implementation,Deployment,198,Cloud Services,4 - Frequent / important,4,4 - Difficult,4,16,
Expert_Survey_E15_KR.xlsx,E15_KR,1,20+,3,Implementation,Deployment,199,Docker,5 - Essential / continuous,5,5 - Very difficult,5,25,
Expert_Survey_E15_KR.xlsx,E15_KR,1,20+,3,Implementation,Deployment,200,Import/Export,5 - Essential / continuous,5,3 - Moderate,3,15,
Expert_Survey_E15_KR.xlsx,E15_KR,1,20+,3,Implementation,Deployment,201,Kubernetes,4 - Frequent / important,4,5 - Very difficult,5,20,
Expert_Survey_E15_KR.xlsx,E15_KR,1,20+,3,Implementation,Deployment,202,On-Premise,4 - Frequent / important,4,3 - Moderate,3,12,
Expert_Survey_E15_KR.xlsx,E15_KR,1,20+,3,Implementation,Deployment,203,On-premises Data Gateway,4 - Frequent / important,4,4 - Difficult,4,16,
Expert_Survey_E15_KR.xlsx,E15_KR,1,20+,3,Implementation,Deployment,204,REST API,3 - Moderate / recurring,3,4 - Difficult,4,12,
Expert_Survey_E15_KR.xlsx,E15_KR,1,20+,3,Implementation,Deployment,205,Scripts,5 - Essential / continuous,5,4 - Difficult,4,20,
Expert_Survey_E15_KR.xlsx,E15_KR,1,20+,3,Implementation,Deployment,206,SOAP,4 - Frequent / important,4,5 - Very difficult,5,20,
Expert_Survey_E15_KR.xlsx,E15_KR,1,20+,3,Implementation,Version control,207,Code Repository Concept,5 - Essential / continuous,5,4 - Difficult,4,20,
Expert_Survey_E15_KR.xlsx,E15_KR,1,20+,3,Implementation,Version control,208,Custom Version Control,5 - Essential / continuous,5,4 - Difficult,4,20,
Expert_Survey_E15_KR.xlsx,E15_KR,1,20+,3,Implementation,Version control,209,Git,5 - Essential / continuous,5,4 - Difficult,4,20,
